id,target_date,line_id,component_id,target_quantity,created_at,updated_at
5177200a-3bd2-5634-898c-f5f53a7652b9,2026-06-09,0a488a58-f45d-550b-8e16-feb5d935622d,b0fe7d40-daa6-5dd5-8ff7-1a8e35c314c5,1758,2026-09-06T09:02:29.920757+00:00,2026-09-06T09:02:59.286744+00:00
d69723b7-33f1-5979-b295-0ca34b6a85bd,2026-06-09,0a488a58-f45d-550b-8e16-feb5d935622d,3e422a3b-8a18-58de-80f2-7d0f5a98c795,3703,2026-09-06T09:02:29.920757+00:00,2026-09-06T09:02:59.286744+00:00
db9e9b1c-d4c6-56c1-a802-385a614775e0,2026-06-09,fbe9013d-4e1e-50bd-9c47-83a3bf63b435,7640fa0b-d04b-51f5-bbfa-15e8edf8d6a0,1656,2026-09-06T09:02:29.920757+00:00,2026-09-06T09:02:59.286744+00:00
f85d9b91-edcc-5e5c-a209-910b67d60eef,2026-06-09,fbe9013d-4e1e-50bd-9c47-83a3bf63b435,aba05b6d-bbfa-55c8-91ea-89d87edd3cee,2656,2026-09-06T09:02:29.920757+00:00,2026-09-06T09:02:59.286744+00:00
cff7d039-522b-5be1-b6d3-2fd01f9d6b60,2026-06-09,fbe9013d-4e1e-50bd-9c47-83a3bf63b435,ec5b37ce-5d28-5863-ab9e-a0ccf1849798,1118,2026-09-06T09:02:29.920757+00:00,2026-09-06T09:02:59.286744+00:00
49412c68-2aa8-5952-84fb-c6dbc594beac,2026-06-09,d0d1c5ae-5804-564b-93f3-4f8197e88acc,7a7a3fdb-6391-53f9-8bd9-df3407629f76,763,2026-09-06T09:02:29.920757+00:00,2026-09-06T09:02:59.286744+00:00
a74b063e-69ac-51e9-a46c-d600b1d6476c,2026-06-09,d0d1c5ae-5804-564b-93f3-4f8197e88acc,dbfc2058-2059-5d59-9e31-d733ab494bb2,2671,2026-09-06T09:02:29.920757+00:00,2026-09-06T09:02:59.286744+00:00
c409d707-c404-5c1b-990d-9e87bbc41c2b,2026-06-09,d84a9ec1-7b28-54f4-a4a8-a9177fa53327,274c3d65-43dd-5c12-a6d1-7f5e1027d70c,2878,2026-09-06T09:02:29.920757+00:00,2026-09-06T09:02:59.286744+00:00
bc716e81-62d3-5943-8c50-686feda8f269,2026-06-09,d84a9ec1-7b28-54f4-a4a8-a9177fa53327,ddfaa455-1f92-559f-8e2e-2e4b0733758a,1811,2026-09-06T09:02:29.920757+00:00,2026-09-06T09:02:59.286744+00:00
425c076a-1c9c-5871-9840-563589d3c0e9,2026-06-10,0a488a58-f45d-550b-8e16-feb5d935622d,b0fe7d40-daa6-5dd5-8ff7-1a8e35c314c5,3759,2026-09-06T09:02:29.920757+00:00,2026-09-06T09:02:59.286744+00:00
103ef25c-a331-5a5b-b4a3-05022ab25ebb,2026-06-10,0a488a58-f45d-550b-8e16-feb5d935622d,3e422a3b-8a18-58de-80f2-7d0f5a98c795,2235,2026-09-06T09:02:29.920757+00:00,2026-09-06T09:02:59.286744+00:00
1d82d1a1-fe1e-5982-8b48-133c684770d4,2026-06-10,fbe9013d-4e1e-50bd-9c47-83a3bf63b435,7640fa0b-d04b-51f5-bbfa-15e8edf8d6a0,411,2026-09-06T09:02:29.920757+00:00,2026-09-06T09:02:59.286744+00:00
5d36dfe1-a706-5c76-ac8a-27b2440293fb,2026-06-10,fbe9013d-4e1e-50bd-9c47-83a3bf63b435,f6b2ea38-8cba-5b62-853a-49146b84803f,618,2026-09-06T09:02:29.920757+00:00,2026-09-06T09:02:59.286744+00:00
8cd78018-63be-56fd-98ff-b62f7530ebc5,2026-06-10,fbe9013d-4e1e-50bd-9c47-83a3bf63b435,aba05b6d-bbfa-55c8-91ea-89d87edd3cee,3573,2026-09-06T09:02:29.920757+00:00,2026-09-06T09:02:59.286744+00:00
c8f06f27-890f-5874-b5b6-052a6076fd10,2026-06-10,fbe9013d-4e1e-50bd-9c47-83a3bf63b435,ec5b37ce-5d28-5863-ab9e-a0ccf1849798,545,2026-09-06T09:02:29.920757+00:00,2026-09-06T09:02:59.286744+00:00
0f22e8ba-95b6-5b81-9f99-d285d685cb8f,2026-06-10,d0d1c5ae-5804-564b-93f3-4f8197e88acc,7a7a3fdb-6391-53f9-8bd9-df3407629f76,1059,2026-09-06T09:02:29.920757+00:00,2026-09-06T09:02:59.286744+00:00
ebcda8e9-17a4-52b6-9801-cbd65e17fe46,2026-06-10,d0d1c5ae-5804-564b-93f3-4f8197e88acc,dbfc2058-2059-5d59-9e31-d733ab494bb2,2124,2026-09-06T09:02:29.920757+00:00,2026-09-06T09:02:59.286744+00:00
b568bf75-8afb-5696-b466-a9a8e0ad2de8,2026-06-10,d84a9ec1-7b28-54f4-a4a8-a9177fa53327,274c3d65-43dd-5c12-a6d1-7f5e1027d70c,6115,2026-09-06T09:02:29.920757+00:00,2026-09-06T09:02:59.286744+00:00
9e861603-33bf-5014-853f-ad4c8da11d25,2026-06-10,d84a9ec1-7b28-54f4-a4a8-a9177fa53327,ddfaa455-1f92-559f-8e2e-2e4b0733758a,362,2026-09-06T09:02:29.920757+00:00,2026-09-06T09:02:59.286744+00:00
e3178834-6af8-53fd-818a-b56a8d3b6239,2026-06-11,0a488a58-f45d-550b-8e16-feb5d935622d,b0fe7d40-daa6-5dd5-8ff7-1a8e35c314c5,3609,2026-09-06T09:02:29.920757+00:00,2026-09-06T09:02:59.286744+00:00
6d8f19f0-10b8-5aa1-9639-3f2e3781d9de,2026-06-11,0a488a58-f45d-550b-8e16-feb5d935622d,3e422a3b-8a18-58de-80f2-7d0f5a98c795,2653,2026-09-06T09:02:29.920757+00:00,2026-09-06T09:02:59.286744+00:00
8e10d266-25a8-5617-a3c1-8a985acb76d0,2026-06-11,fbe9013d-4e1e-50bd-9c47-83a3bf63b435,7640fa0b-d04b-51f5-bbfa-15e8edf8d6a0,795,2026-09-06T09:02:29.920757+00:00,2026-09-06T09:02:59.286744+00:00
f4496504-3288-5e3a-8cc6-6aa24d16ec3b,2026-06-11,fbe9013d-4e1e-50bd-9c47-83a3bf63b435,f6b2ea38-8cba-5b62-853a-49146b84803f,1332,2026-09-06T09:02:29.920757+00:00,2026-09-06T09:02:59.286744+00:00
7ff880d4-25af-58c8-bf17-7b97e4b35594,2026-06-11,fbe9013d-4e1e-50bd-9c47-83a3bf63b435,aba05b6d-bbfa-55c8-91ea-89d87edd3cee,702,2026-09-06T09:02:29.920757+00:00,2026-09-06T09:02:59.286744+00:00
0c4d2c14-fdd3-5ded-b2ec-bdd800236f59,2026-06-11,fbe9013d-4e1e-50bd-9c47-83a3bf63b435,ec5b37ce-5d28-5863-ab9e-a0ccf1849798,1393,2026-09-06T09:02:29.920757+00:00,2026-09-06T09:02:59.286744+00:00
254beaac-676b-5869-8e97-c42d04a844d2,2026-06-11,d0d1c5ae-5804-564b-93f3-4f8197e88acc,7a7a3fdb-6391-53f9-8bd9-df3407629f76,1042,2026-09-06T09:02:29.920757+00:00,2026-09-06T09:02:59.286744+00:00
3909b1ae-e924-50b3-9913-221ee0d12307,2026-06-11,d0d1c5ae-5804-564b-93f3-4f8197e88acc,dbfc2058-2059-5d59-9e31-d733ab494bb2,2167,2026-09-06T09:02:29.920757+00:00,2026-09-06T09:02:59.286744+00:00
9cfc48ad-d866-5abb-ad32-6786cf82b74a,2026-06-11,d84a9ec1-7b28-54f4-a4a8-a9177fa53327,274c3d65-43dd-5c12-a6d1-7f5e1027d70c,3015,2026-09-06T09:02:29.920757+00:00,2026-09-06T09:02:59.286744+00:00
213a55dc-32c6-561c-95d9-7c3166f145ec,2026-06-11,d84a9ec1-7b28-54f4-a4a8-a9177fa53327,ddfaa455-1f92-559f-8e2e-2e4b0733758a,1443,2026-09-06T09:02:29.920757+00:00,2026-09-06T09:02:59.286744+00:00
2ee0712c-45f8-5f95-94bb-93da29d0d8a0,2026-06-12,0a488a58-f45d-550b-8e16-feb5d935622d,b0fe7d40-daa6-5dd5-8ff7-1a8e35c314c5,5040,2026-09-06T09:02:29.920757+00:00,2026-09-06T09:02:59.286744+00:00
8e3cdbf1-3b8e-5a66-b46c-1026c8c82220,2026-06-12,0a488a58-f45d-550b-8e16-feb5d935622d,3e422a3b-8a18-58de-80f2-7d0f5a98c795,1810,2026-09-06T09:02:29.920757+00:00,2026-09-06T09:02:59.286744+00:00
2cf3a4d7-0fd0-5649-9cd3-df0f15298ea2,2026-06-12,fbe9013d-4e1e-50bd-9c47-83a3bf63b435,7640fa0b-d04b-51f5-bbfa-15e8edf8d6a0,1143,2026-09-06T09:02:29.920757+00:00,2026-09-06T09:02:59.286744+00:00
32d7bc30-689f-59ba-971e-6dbf2a52c8f9,2026-06-12,fbe9013d-4e1e-50bd-9c47-83a3bf63b435,f6b2ea38-8cba-5b62-853a-49146b84803f,1633,2026-09-06T09:02:29.920757+00:00,2026-09-06T09:02:59.286744+00:00
ce420b38-88a0-5c4c-8c5e-995161529dc0,2026-06-12,fbe9013d-4e1e-50bd-9c47-83a3bf63b435,aba05b6d-bbfa-55c8-91ea-89d87edd3cee,1334,2026-09-06T09:02:29.920757+00:00,2026-09-06T09:02:59.286744+00:00
2bea46d1-4a72-58b2-8a51-942dbb278b85,2026-06-12,fbe9013d-4e1e-50bd-9c47-83a3bf63b435,ec5b37ce-5d28-5863-ab9e-a0ccf1849798,298,2026-09-06T09:02:29.920757+00:00,2026-09-06T09:02:59.286744+00:00
265d429d-247a-5d0c-82d5-d13a0caa1574,2026-06-12,d0d1c5ae-5804-564b-93f3-4f8197e88acc,7a7a3fdb-6391-53f9-8bd9-df3407629f76,763,2026-09-06T09:02:29.920757+00:00,2026-09-06T09:02:59.286744+00:00
d30b8dd2-5496-532a-b910-6c32386bb37a,2026-06-12,d0d1c5ae-5804-564b-93f3-4f8197e88acc,dbfc2058-2059-5d59-9e31-d733ab494bb2,2582,2026-09-06T09:02:29.920757+00:00,2026-09-06T09:02:59.286744+00:00
ffe6346c-2282-5333-962c-de9f63ba16e5,2026-06-12,d84a9ec1-7b28-54f4-a4a8-a9177fa53327,274c3d65-43dd-5c12-a6d1-7f5e1027d70c,2353,2026-09-06T09:02:29.920757+00:00,2026-09-06T09:02:59.286744+00:00
ecf42637-f4a5-5b9a-87b8-dc86bda24265,2026-06-12,d84a9ec1-7b28-54f4-a4a8-a9177fa53327,ddfaa455-1f92-559f-8e2e-2e4b0733758a,2084,2026-09-06T09:02:29.920757+00:00,2026-09-06T09:02:59.286744+00:00
98901e19-3930-5acb-95eb-4a2f50c4359a,2026-06-13,0a488a58-f45d-550b-8e16-feb5d935622d,b0fe7d40-daa6-5dd5-8ff7-1a8e35c314c5,1798,2026-09-06T09:02:29.920757+00:00,2026-09-06T09:02:59.286744+00:00
6785a742-cea9-524b-81d7-313644571f21,2026-06-13,0a488a58-f45d-550b-8e16-feb5d935622d,3e422a3b-8a18-58de-80f2-7d0f5a98c795,2607,2026-09-06T09:02:29.920757+00:00,2026-09-06T09:02:59.286744+00:00
b783caeb-9205-5f92-8f40-6ebc5c0f46be,2026-06-13,fbe9013d-4e1e-50bd-9c47-83a3bf63b435,7640fa0b-d04b-51f5-bbfa-15e8edf8d6a0,289,2026-09-06T09:02:29.920757+00:00,2026-09-06T09:02:59.286744+00:00
8fd652b2-4fb4-5932-a9be-dea53bb807c6,2026-06-13,fbe9013d-4e1e-50bd-9c47-83a3bf63b435,f6b2ea38-8cba-5b62-853a-49146b84803f,677,2026-09-06T09:02:29.920757+00:00,2026-09-06T09:02:59.286744+00:00
e1e35ce5-c9f2-50d7-8ac2-b93136d35bd9,2026-06-13,fbe9013d-4e1e-50bd-9c47-83a3bf63b435,aba05b6d-bbfa-55c8-91ea-89d87edd3cee,1128,2026-09-06T09:02:29.920757+00:00,2026-09-06T09:02:59.286744+00:00
09065e58-7628-575a-b9b3-cf0aed32250c,2026-06-13,fbe9013d-4e1e-50bd-9c47-83a3bf63b435,ec5b37ce-5d28-5863-ab9e-a0ccf1849798,1188,2026-09-06T09:02:29.920757+00:00,2026-09-06T09:02:59.286744+00:00
c7ab9663-57b6-54e1-a87d-ba353e03436e,2026-06-13,d0d1c5ae-5804-564b-93f3-4f8197e88acc,7a7a3fdb-6391-53f9-8bd9-df3407629f76,927,2026-09-06T09:02:29.920757+00:00,2026-09-06T09:02:59.286744+00:00
c97b8b82-e2a9-5f54-85c0-65fb21a11ad6,2026-06-13,d0d1c5ae-5804-564b-93f3-4f8197e88acc,dbfc2058-2059-5d59-9e31-d733ab494bb2,1269,2026-09-06T09:02:29.920757+00:00,2026-09-06T09:02:59.286744+00:00
9cde8252-7196-5077-acd6-1b58e8c9a220,2026-06-13,d84a9ec1-7b28-54f4-a4a8-a9177fa53327,ddfaa455-1f92-559f-8e2e-2e4b0733758a,1691,2026-09-06T09:02:29.920757+00:00,2026-09-06T09:02:59.286744+00:00
42330e68-b164-5696-9aaa-b958c52c56ec,2026-06-15,0a488a58-f45d-550b-8e16-feb5d935622d,b0fe7d40-daa6-5dd5-8ff7-1a8e35c314c5,4093,2026-09-06T09:02:29.920757+00:00,2026-09-06T09:02:59.286744+00:00
a4c67ee9-40c8-5d11-bc76-4bbfc94b1fbd,2026-06-15,0a488a58-f45d-550b-8e16-feb5d935622d,3e422a3b-8a18-58de-80f2-7d0f5a98c795,2341,2026-09-06T09:02:29.920757+00:00,2026-09-06T09:02:59.286744+00:00
398f44b6-ffd1-521c-8f2f-505a67a50592,2026-06-15,fbe9013d-4e1e-50bd-9c47-83a3bf63b435,7640fa0b-d04b-51f5-bbfa-15e8edf8d6a0,774,2026-09-06T09:02:29.920757+00:00,2026-09-06T09:02:59.286744+00:00
b5cd1f0b-eeff-5cd1-8a54-5340f4470aa1,2026-06-15,fbe9013d-4e1e-50bd-9c47-83a3bf63b435,f6b2ea38-8cba-5b62-853a-49146b84803f,967,2026-09-06T09:02:29.920757+00:00,2026-09-06T09:02:59.286744+00:00
dd0195b7-0b83-5895-bf8d-1479c0dcb9b2,2026-06-15,fbe9013d-4e1e-50bd-9c47-83a3bf63b435,aba05b6d-bbfa-55c8-91ea-89d87edd3cee,3554,2026-09-06T09:02:29.920757+00:00,2026-09-06T09:02:59.286744+00:00
bdaf8dcb-1903-5638-8831-c82bbae5665a,2026-06-15,fbe9013d-4e1e-50bd-9c47-83a3bf63b435,ec5b37ce-5d28-5863-ab9e-a0ccf1849798,570,2026-09-06T09:02:29.920757+00:00,2026-09-06T09:02:59.286744+00:00
b37b0f9f-6b19-5dee-8d22-1d9ee8c5fa10,2026-06-15,d0d1c5ae-5804-564b-93f3-4f8197e88acc,7a7a3fdb-6391-53f9-8bd9-df3407629f76,934,2026-09-06T09:02:29.920757+00:00,2026-09-06T09:02:59.286744+00:00
46c4714e-0b08-50fd-be52-244ef0a0e497,2026-06-15,d0d1c5ae-5804-564b-93f3-4f8197e88acc,dbfc2058-2059-5d59-9e31-d733ab494bb2,2319,2026-09-06T09:02:29.920757+00:00,2026-09-06T09:02:59.286744+00:00
4cd7236c-f7cc-5d10-893f-32f5463da082,2026-06-15,d84a9ec1-7b28-54f4-a4a8-a9177fa53327,274c3d65-43dd-5c12-a6d1-7f5e1027d70c,2160,2026-09-06T09:02:29.920757+00:00,2026-09-06T09:02:59.286744+00:00
101d0cc7-5f14-5159-8557-31356610172d,2026-06-15,d84a9ec1-7b28-54f4-a4a8-a9177fa53327,ddfaa455-1f92-559f-8e2e-2e4b0733758a,2167,2026-09-06T09:02:29.920757+00:00,2026-09-06T09:02:59.286744+00:00
8add22f2-aed5-56c3-a4bf-488721c81709,2026-06-16,0a488a58-f45d-550b-8e16-feb5d935622d,b0fe7d40-daa6-5dd5-8ff7-1a8e35c314c5,2915,2026-09-06T09:02:29.920757+00:00,2026-09-06T09:02:59.286744+00:00
f28e0e9b-6bfb-5969-887c-8783952b9ee2,2026-06-16,0a488a58-f45d-550b-8e16-feb5d935622d,3e422a3b-8a18-58de-80f2-7d0f5a98c795,2270,2026-09-06T09:02:29.920757+00:00,2026-09-06T09:02:59.286744+00:00
055b656a-74fc-5d75-80a5-5351f90bf3c7,2026-06-16,fbe9013d-4e1e-50bd-9c47-83a3bf63b435,7640fa0b-d04b-51f5-bbfa-15e8edf8d6a0,1517,2026-09-06T09:02:29.920757+00:00,2026-09-06T09:02:59.286744+00:00
6842d83b-a7e3-53d0-9f0a-0b4ce043d739,2026-06-16,fbe9013d-4e1e-50bd-9c47-83a3bf63b435,f6b2ea38-8cba-5b62-853a-49146b84803f,1012,2026-09-06T09:02:29.920757+00:00,2026-09-06T09:02:59.286744+00:00
b81e8d76-93b7-554d-87ce-4f91da70131b,2026-06-16,fbe9013d-4e1e-50bd-9c47-83a3bf63b435,aba05b6d-bbfa-55c8-91ea-89d87edd3cee,1370,2026-09-06T09:02:29.920757+00:00,2026-09-06T09:02:59.286744+00:00
ee5ccdf3-4376-5570-ae03-7f2d78ae311c,2026-06-16,fbe9013d-4e1e-50bd-9c47-83a3bf63b435,ec5b37ce-5d28-5863-ab9e-a0ccf1849798,856,2026-09-06T09:02:29.920757+00:00,2026-09-06T09:02:59.286744+00:00
fe53c5eb-6726-57d5-aff5-04cf5a70faa9,2026-06-16,d0d1c5ae-5804-564b-93f3-4f8197e88acc,7a7a3fdb-6391-53f9-8bd9-df3407629f76,1297,2026-09-06T09:02:29.920757+00:00,2026-09-06T09:02:59.286744+00:00
e53f9037-d8d8-5fd9-a26d-5fa04d9b67cd,2026-06-16,d0d1c5ae-5804-564b-93f3-4f8197e88acc,dbfc2058-2059-5d59-9e31-d733ab494bb2,1721,2026-09-06T09:02:29.920757+00:00,2026-09-06T09:02:59.286744+00:00
4c2a709b-8b0b-5c07-8eb0-4f29e3305bc9,2026-06-16,d84a9ec1-7b28-54f4-a4a8-a9177fa53327,274c3d65-43dd-5c12-a6d1-7f5e1027d70c,1484,2026-09-06T09:02:29.920757+00:00,2026-09-06T09:02:59.286744+00:00
6831a27e-dee3-536f-ae58-539f67071d66,2026-06-16,d84a9ec1-7b28-54f4-a4a8-a9177fa53327,ddfaa455-1f92-559f-8e2e-2e4b0733758a,2494,2026-09-06T09:02:29.920757+00:00,2026-09-06T09:02:59.286744+00:00
9b439af3-1cf4-5295-a686-44f770107e35,2026-06-17,0a488a58-f45d-550b-8e16-feb5d935622d,b0fe7d40-daa6-5dd5-8ff7-1a8e35c314c5,4951,2026-09-06T09:02:29.920757+00:00,2026-09-06T09:02:59.286744+00:00
535df203-18f4-5d02-838e-0202a0214348,2026-06-17,0a488a58-f45d-550b-8e16-feb5d935622d,3e422a3b-8a18-58de-80f2-7d0f5a98c795,1381,2026-09-06T09:02:29.920757+00:00,2026-09-06T09:02:59.286744+00:00
a87235f0-40a0-587c-90a1-46d967480841,2026-06-17,fbe9013d-4e1e-50bd-9c47-83a3bf63b435,7640fa0b-d04b-51f5-bbfa-15e8edf8d6a0,783,2026-09-06T09:02:29.920757+00:00,2026-09-06T09:02:59.286744+00:00
6e21fcf0-d899-5b4d-9fbb-7033fb817b2d,2026-06-17,fbe9013d-4e1e-50bd-9c47-83a3bf63b435,f6b2ea38-8cba-5b62-853a-49146b84803f,328,2026-09-06T09:02:29.920757+00:00,2026-09-06T09:02:59.286744+00:00
82784a77-2067-5bc1-b765-0e2892123025,2026-06-17,fbe9013d-4e1e-50bd-9c47-83a3bf63b435,aba05b6d-bbfa-55c8-91ea-89d87edd3cee,1484,2026-09-06T09:02:29.920757+00:00,2026-09-06T09:02:59.286744+00:00
d9b7b8af-cdc4-55d0-860b-17f56160eb40,2026-06-17,fbe9013d-4e1e-50bd-9c47-83a3bf63b435,ec5b37ce-5d28-5863-ab9e-a0ccf1849798,1702,2026-09-06T09:02:29.920757+00:00,2026-09-06T09:02:59.286744+00:00
132cad77-808f-5a87-9324-147d8bd3b115,2026-06-17,d0d1c5ae-5804-564b-93f3-4f8197e88acc,7a7a3fdb-6391-53f9-8bd9-df3407629f76,1089,2026-09-06T09:02:29.920757+00:00,2026-09-06T09:02:59.286744+00:00
1e1ebb1e-b2d3-501b-8a35-5bfdd7206286,2026-06-17,d0d1c5ae-5804-564b-93f3-4f8197e88acc,dbfc2058-2059-5d59-9e31-d733ab494bb2,2019,2026-09-06T09:02:29.920757+00:00,2026-09-06T09:02:59.286744+00:00
a34c55d3-4a15-5d5a-bdc3-88e12ad54389,2026-06-17,d84a9ec1-7b28-54f4-a4a8-a9177fa53327,274c3d65-43dd-5c12-a6d1-7f5e1027d70c,3609,2026-09-06T09:02:29.920757+00:00,2026-09-06T09:02:59.286744+00:00
7819d4f7-f99a-5f05-a5d5-b77db31c6aea,2026-06-17,d84a9ec1-7b28-54f4-a4a8-a9177fa53327,ddfaa455-1f92-559f-8e2e-2e4b0733758a,1474,2026-09-06T09:02:29.920757+00:00,2026-09-06T09:02:59.286744+00:00
5bcfd955-0223-5e74-a8e3-18a926cfeb08,2026-06-18,0a488a58-f45d-550b-8e16-feb5d935622d,b0fe7d40-daa6-5dd5-8ff7-1a8e35c314c5,3067,2026-09-06T09:02:29.920757+00:00,2026-09-06T09:02:59.286744+00:00
8de61e49-af98-555e-9a40-3ab74680c839,2026-06-18,0a488a58-f45d-550b-8e16-feb5d935622d,3e422a3b-8a18-58de-80f2-7d0f5a98c795,3201,2026-09-06T09:02:29.920757+00:00,2026-09-06T09:02:59.286744+00:00
0a919742-3586-5ce1-83b4-be2cbb63a386,2026-06-18,fbe9013d-4e1e-50bd-9c47-83a3bf63b435,7640fa0b-d04b-51f5-bbfa-15e8edf8d6a0,1518,2026-09-06T09:02:29.920757+00:00,2026-09-06T09:02:59.286744+00:00
c2649ef2-a348-5e5b-9b11-09a448c5d3cd,2026-06-18,fbe9013d-4e1e-50bd-9c47-83a3bf63b435,f6b2ea38-8cba-5b62-853a-49146b84803f,596,2026-09-06T09:02:29.920757+00:00,2026-09-06T09:02:59.286744+00:00
e4e15694-2e95-5a16-bbb1-396d9afd7f87,2026-06-18,fbe9013d-4e1e-50bd-9c47-83a3bf63b435,aba05b6d-bbfa-55c8-91ea-89d87edd3cee,2955,2026-09-06T09:02:29.920757+00:00,2026-09-06T09:02:59.286744+00:00
7a4e8d75-dc0a-5072-bc5f-72de4cbf70ad,2026-06-18,fbe9013d-4e1e-50bd-9c47-83a3bf63b435,ec5b37ce-5d28-5863-ab9e-a0ccf1849798,576,2026-09-06T09:02:29.920757+00:00,2026-09-06T09:02:59.286744+00:00
7ed92460-7f1c-52b4-bb37-488fa4071305,2026-06-18,d0d1c5ae-5804-564b-93f3-4f8197e88acc,7a7a3fdb-6391-53f9-8bd9-df3407629f76,1530,2026-09-06T09:02:29.920757+00:00,2026-09-06T09:02:59.286744+00:00
5e9fabee-972c-5706-867e-50836d1a4f6e,2026-06-18,d0d1c5ae-5804-564b-93f3-4f8197e88acc,dbfc2058-2059-5d59-9e31-d733ab494bb2,1298,2026-09-06T09:02:29.920757+00:00,2026-09-06T09:02:59.286744+00:00
0c42b5b1-1e7e-5a50-b2f6-a46da8cde098,2026-06-18,d84a9ec1-7b28-54f4-a4a8-a9177fa53327,274c3d65-43dd-5c12-a6d1-7f5e1027d70c,1396,2026-09-06T09:02:29.920757+00:00,2026-09-06T09:02:59.286744+00:00
2ce29f42-ed48-5476-a15a-16baad498b69,2026-06-18,d84a9ec1-7b28-54f4-a4a8-a9177fa53327,ddfaa455-1f92-559f-8e2e-2e4b0733758a,2452,2026-09-06T09:02:29.920757+00:00,2026-09-06T09:02:59.286744+00:00
14cc138e-ee36-578e-bb90-d4cacd7f5ebf,2026-06-19,0a488a58-f45d-550b-8e16-feb5d935622d,b0fe7d40-daa6-5dd5-8ff7-1a8e35c314c5,4370,2026-09-06T09:02:29.920757+00:00,2026-09-06T09:02:59.286744+00:00
cdd6d9e6-f99f-538d-9fbf-2a9e11bcdf33,2026-06-19,0a488a58-f45d-550b-8e16-feb5d935622d,3e422a3b-8a18-58de-80f2-7d0f5a98c795,1761,2026-09-06T09:02:29.920757+00:00,2026-09-06T09:02:59.286744+00:00
b8f73800-dae1-56a7-8770-feaf4fdd9ab7,2026-06-19,fbe9013d-4e1e-50bd-9c47-83a3bf63b435,7640fa0b-d04b-51f5-bbfa-15e8edf8d6a0,794,2026-09-06T09:02:29.920757+00:00,2026-09-06T09:02:59.286744+00:00
0ca86283-db82-5a33-876d-a5a9bcd1eaa3,2026-06-19,fbe9013d-4e1e-50bd-9c47-83a3bf63b435,f6b2ea38-8cba-5b62-853a-49146b84803f,700,2026-09-06T09:02:29.920757+00:00,2026-09-06T09:02:59.286744+00:00
98628efd-40e8-5fef-99e0-49f9ad6e35e8,2026-06-19,fbe9013d-4e1e-50bd-9c47-83a3bf63b435,aba05b6d-bbfa-55c8-91ea-89d87edd3cee,3335,2026-09-06T09:02:29.920757+00:00,2026-09-06T09:02:59.286744+00:00
a85fa411-9e08-55ad-aff5-67314e5e04b9,2026-06-19,fbe9013d-4e1e-50bd-9c47-83a3bf63b435,ec5b37ce-5d28-5863-ab9e-a0ccf1849798,857,2026-09-06T09:02:29.920757+00:00,2026-09-06T09:02:59.286744+00:00
cbad5037-711d-5df5-8755-e9e2b9cd1af1,2026-06-19,d0d1c5ae-5804-564b-93f3-4f8197e88acc,7a7a3fdb-6391-53f9-8bd9-df3407629f76,456,2026-09-06T09:02:29.920757+00:00,2026-09-06T09:02:59.286744+00:00
47a13960-eb5d-5bac-a9aa-314cc63709a4,2026-06-19,d0d1c5ae-5804-564b-93f3-4f8197e88acc,dbfc2058-2059-5d59-9e31-d733ab494bb2,2715,2026-09-06T09:02:29.920757+00:00,2026-09-06T09:02:59.286744+00:00
b10c6837-7ab7-5302-9ab7-c2d10131a9f9,2026-06-19,d84a9ec1-7b28-54f4-a4a8-a9177fa53327,274c3d65-43dd-5c12-a6d1-7f5e1027d70c,3580,2026-09-06T09:02:29.920757+00:00,2026-09-06T09:02:59.286744+00:00
ce9332ef-21dc-5a23-bbdc-6f882b8ae724,2026-06-19,d84a9ec1-7b28-54f4-a4a8-a9177fa53327,ddfaa455-1f92-559f-8e2e-2e4b0733758a,1442,2026-09-06T09:02:29.920757+00:00,2026-09-06T09:02:59.286744+00:00
e0a61aa7-386e-592d-8244-0fecdf07a5a7,2026-06-20,0a488a58-f45d-550b-8e16-feb5d935622d,b0fe7d40-daa6-5dd5-8ff7-1a8e35c314c5,2236,2026-09-06T09:02:29.920757+00:00,2026-09-06T09:02:59.286744+00:00
d09c55d8-8b76-5b8a-b11a-e2d50a153708,2026-06-20,0a488a58-f45d-550b-8e16-feb5d935622d,3e422a3b-8a18-58de-80f2-7d0f5a98c795,2300,2026-09-06T09:02:29.920757+00:00,2026-09-06T09:02:59.286744+00:00
745e02c5-aab8-5de1-8af8-63d91ce9c343,2026-06-20,fbe9013d-4e1e-50bd-9c47-83a3bf63b435,7640fa0b-d04b-51f5-bbfa-15e8edf8d6a0,1041,2026-09-06T09:02:29.920757+00:00,2026-09-06T09:02:59.286744+00:00
94d070c5-717a-5fe3-a2fe-150e6ee033f4,2026-06-20,fbe9013d-4e1e-50bd-9c47-83a3bf63b435,f6b2ea38-8cba-5b62-853a-49146b84803f,466,2026-09-06T09:02:29.920757+00:00,2026-09-06T09:02:59.286744+00:00
daabd235-de3a-5ea7-8c71-0b847279a967,2026-06-20,fbe9013d-4e1e-50bd-9c47-83a3bf63b435,aba05b6d-bbfa-55c8-91ea-89d87edd3cee,1618,2026-09-06T09:02:29.920757+00:00,2026-09-06T09:02:59.286744+00:00
94f1debf-08f1-56bf-ba87-228df72f8315,2026-06-20,fbe9013d-4e1e-50bd-9c47-83a3bf63b435,ec5b37ce-5d28-5863-ab9e-a0ccf1849798,625,2026-09-06T09:02:29.920757+00:00,2026-09-06T09:02:59.286744+00:00
e5d9de2b-9516-5178-b59f-11814e4b666a,2026-06-20,d0d1c5ae-5804-564b-93f3-4f8197e88acc,7a7a3fdb-6391-53f9-8bd9-df3407629f76,1344,2026-09-06T09:02:29.920757+00:00,2026-09-06T09:02:59.286744+00:00
e8e21c03-1d97-5275-a08e-fb7859b2b0bc,2026-06-20,d0d1c5ae-5804-564b-93f3-4f8197e88acc,dbfc2058-2059-5d59-9e31-d733ab494bb2,603,2026-09-06T09:02:29.920757+00:00,2026-09-06T09:02:59.286744+00:00
832010b1-dbe3-5970-bbf2-50e1bddc4981,2026-06-20,d84a9ec1-7b28-54f4-a4a8-a9177fa53327,274c3d65-43dd-5c12-a6d1-7f5e1027d70c,1636,2026-09-06T09:02:29.920757+00:00,2026-09-06T09:02:59.286744+00:00
ed1e2e70-a661-5f7a-81ee-5f99c48201be,2026-06-20,d84a9ec1-7b28-54f4-a4a8-a9177fa53327,ddfaa455-1f92-559f-8e2e-2e4b0733758a,1564,2026-09-06T09:02:29.920757+00:00,2026-09-06T09:02:59.286744+00:00
c882b792-84d0-5421-9993-bd7654c9a28c,2026-06-22,0a488a58-f45d-550b-8e16-feb5d935622d,b0fe7d40-daa6-5dd5-8ff7-1a8e35c314c5,2929,2026-09-06T09:02:29.920757+00:00,2026-09-06T09:02:59.286744+00:00
87ec2191-9cd6-5c35-bf8c-a47c1807a363,2026-06-22,0a488a58-f45d-550b-8e16-feb5d935622d,3e422a3b-8a18-58de-80f2-7d0f5a98c795,3317,2026-09-06T09:02:29.920757+00:00,2026-09-06T09:02:59.286744+00:00
72c1cb7c-ef34-516f-a198-73e673c2e171,2026-06-22,fbe9013d-4e1e-50bd-9c47-83a3bf63b435,7640fa0b-d04b-51f5-bbfa-15e8edf8d6a0,421,2026-09-06T09:02:29.920757+00:00,2026-09-06T09:02:59.286744+00:00
7cac189a-0ae4-50ca-aafb-6900e18336b6,2026-06-22,fbe9013d-4e1e-50bd-9c47-83a3bf63b435,f6b2ea38-8cba-5b62-853a-49146b84803f,629,2026-09-06T09:02:29.920757+00:00,2026-09-06T09:02:59.286744+00:00
ffc9e060-c37f-53ea-94de-a4e7cb874938,2026-06-22,fbe9013d-4e1e-50bd-9c47-83a3bf63b435,aba05b6d-bbfa-55c8-91ea-89d87edd3cee,2982,2026-09-06T09:02:29.920757+00:00,2026-09-06T09:02:59.286744+00:00
c0e7842b-48f4-566f-9b05-ef7e1b3e5a05,2026-06-22,fbe9013d-4e1e-50bd-9c47-83a3bf63b435,ec5b37ce-5d28-5863-ab9e-a0ccf1849798,1375,2026-09-06T09:02:29.920757+00:00,2026-09-06T09:02:59.286744+00:00
fe1bd4a3-e4de-521a-8a75-3bc2e1c9dfd9,2026-06-22,d0d1c5ae-5804-564b-93f3-4f8197e88acc,7a7a3fdb-6391-53f9-8bd9-df3407629f76,1507,2026-09-06T09:02:29.920757+00:00,2026-09-06T09:02:59.286744+00:00
0fb3a682-0947-5ea7-9257-949c25b69221,2026-06-22,d0d1c5ae-5804-564b-93f3-4f8197e88acc,dbfc2058-2059-5d59-9e31-d733ab494bb2,1264,2026-09-06T09:02:29.920757+00:00,2026-09-06T09:02:59.286744+00:00
8323023d-6369-5668-b386-ce8bb6e51d33,2026-06-22,d84a9ec1-7b28-54f4-a4a8-a9177fa53327,274c3d65-43dd-5c12-a6d1-7f5e1027d70c,4525,2026-09-06T09:02:29.920757+00:00,2026-09-06T09:02:59.286744+00:00
ee9b9414-0c5d-53c6-ae90-3c0176a38a6c,2026-06-22,d84a9ec1-7b28-54f4-a4a8-a9177fa53327,ddfaa455-1f92-559f-8e2e-2e4b0733758a,721,2026-09-06T09:02:29.920757+00:00,2026-09-06T09:02:59.286744+00:00
acf2e808-e9f5-58ab-a12e-79551fc2f99d,2026-06-23,0a488a58-f45d-550b-8e16-feb5d935622d,b0fe7d40-daa6-5dd5-8ff7-1a8e35c314c5,4373,2026-09-06T09:02:29.920757+00:00,2026-09-06T09:02:59.286744+00:00
b668ea93-2a62-5f6b-9aa0-cea497b06d1a,2026-06-23,0a488a58-f45d-550b-8e16-feb5d935622d,3e422a3b-8a18-58de-80f2-7d0f5a98c795,1309,2026-09-06T09:02:29.920757+00:00,2026-09-06T09:02:59.286744+00:00
32bfc391-3ba4-562d-b9a8-8a09b3ba3f31,2026-06-23,fbe9013d-4e1e-50bd-9c47-83a3bf63b435,7640fa0b-d04b-51f5-bbfa-15e8edf8d6a0,422,2026-09-06T09:02:29.920757+00:00,2026-09-06T09:02:59.286744+00:00
5bb4d7ba-31d2-5188-a8fa-85e46c2fd3a4,2026-06-23,fbe9013d-4e1e-50bd-9c47-83a3bf63b435,f6b2ea38-8cba-5b62-853a-49146b84803f,1457,2026-09-06T09:02:29.920757+00:00,2026-09-06T09:02:59.286744+00:00
8698c679-49d1-5909-8326-ad1747a70f3a,2026-06-23,fbe9013d-4e1e-50bd-9c47-83a3bf63b435,aba05b6d-bbfa-55c8-91ea-89d87edd3cee,2943,2026-09-06T09:02:29.920757+00:00,2026-09-06T09:02:59.286744+00:00
783c4e23-c89c-5a2d-880b-2809756fadfb,2026-06-23,fbe9013d-4e1e-50bd-9c47-83a3bf63b435,ec5b37ce-5d28-5863-ab9e-a0ccf1849798,569,2026-09-06T09:02:29.920757+00:00,2026-09-06T09:02:59.286744+00:00
b3d5e19c-2f2b-551b-b121-cd8438ebf71c,2026-06-23,d0d1c5ae-5804-564b-93f3-4f8197e88acc,7a7a3fdb-6391-53f9-8bd9-df3407629f76,1032,2026-09-06T09:02:29.920757+00:00,2026-09-06T09:02:59.286744+00:00
8b5273b2-5e83-5dc8-878a-81156fbcc0c4,2026-06-23,d0d1c5ae-5804-564b-93f3-4f8197e88acc,dbfc2058-2059-5d59-9e31-d733ab494bb2,2192,2026-09-06T09:02:29.920757+00:00,2026-09-06T09:02:59.286744+00:00
afd4a36e-4bc7-5819-971f-39e6488dc472,2026-06-23,d84a9ec1-7b28-54f4-a4a8-a9177fa53327,274c3d65-43dd-5c12-a6d1-7f5e1027d70c,2822,2026-09-06T09:02:29.920757+00:00,2026-09-06T09:02:59.286744+00:00
08b64be6-3b44-5182-b08c-21626b8c6afd,2026-06-23,d84a9ec1-7b28-54f4-a4a8-a9177fa53327,ddfaa455-1f92-559f-8e2e-2e4b0733758a,1849,2026-09-06T09:02:29.920757+00:00,2026-09-06T09:02:59.286744+00:00
e2b47ec4-0b2a-5183-8b9a-0a88f769620f,2026-06-24,0a488a58-f45d-550b-8e16-feb5d935622d,b0fe7d40-daa6-5dd5-8ff7-1a8e35c314c5,2853,2026-09-06T09:02:29.920757+00:00,2026-09-06T09:02:59.286744+00:00
4daa9b23-4a00-5770-9f6b-8cec85673a67,2026-06-24,0a488a58-f45d-550b-8e16-feb5d935622d,3e422a3b-8a18-58de-80f2-7d0f5a98c795,2912,2026-09-06T09:02:29.920757+00:00,2026-09-06T09:02:59.286744+00:00
e19f6bf5-6a3c-5731-9d87-d89ad017c4ff,2026-06-24,fbe9013d-4e1e-50bd-9c47-83a3bf63b435,7640fa0b-d04b-51f5-bbfa-15e8edf8d6a0,384,2026-09-06T09:02:29.920757+00:00,2026-09-06T09:02:59.286744+00:00
c4b273a1-7413-5f0e-ab5a-818d0c18bc80,2026-06-24,fbe9013d-4e1e-50bd-9c47-83a3bf63b435,f6b2ea38-8cba-5b62-853a-49146b84803f,966,2026-09-06T09:02:29.920757+00:00,2026-09-06T09:02:59.286744+00:00
453b1aa0-1bd5-5900-b0e1-ddb1e8b515f4,2026-06-24,fbe9013d-4e1e-50bd-9c47-83a3bf63b435,aba05b6d-bbfa-55c8-91ea-89d87edd3cee,2827,2026-09-06T09:02:29.920757+00:00,2026-09-06T09:02:59.286744+00:00
85fd76f1-d843-5040-8b54-d83debd13483,2026-06-24,fbe9013d-4e1e-50bd-9c47-83a3bf63b435,ec5b37ce-5d28-5863-ab9e-a0ccf1849798,1132,2026-09-06T09:02:29.920757+00:00,2026-09-06T09:02:59.286744+00:00
6b0eb4b0-cd9b-5599-8e38-e7ba57f845a2,2026-06-24,d0d1c5ae-5804-564b-93f3-4f8197e88acc,7a7a3fdb-6391-53f9-8bd9-df3407629f76,1028,2026-09-06T09:02:29.920757+00:00,2026-09-06T09:02:59.286744+00:00
5dc4a577-19cb-51e3-bb09-93798055a99d,2026-06-24,d0d1c5ae-5804-564b-93f3-4f8197e88acc,dbfc2058-2059-5d59-9e31-d733ab494bb2,1745,2026-09-06T09:02:29.920757+00:00,2026-09-06T09:02:59.286744+00:00
a9941f58-76b4-5a55-924a-17d91c2d7412,2026-06-24,d84a9ec1-7b28-54f4-a4a8-a9177fa53327,274c3d65-43dd-5c12-a6d1-7f5e1027d70c,2318,2026-09-06T09:02:29.920757+00:00,2026-09-06T09:02:59.286744+00:00
7f9c222c-0db9-5afb-a28f-e7bc8883776c,2026-06-24,d84a9ec1-7b28-54f4-a4a8-a9177fa53327,ddfaa455-1f92-559f-8e2e-2e4b0733758a,2014,2026-09-06T09:02:29.920757+00:00,2026-09-06T09:02:59.286744+00:00
3103cc3e-8afd-5a16-b51a-b7127605cf7c,2026-06-25,0a488a58-f45d-550b-8e16-feb5d935622d,b0fe7d40-daa6-5dd5-8ff7-1a8e35c314c5,2795,2026-09-06T09:02:29.920757+00:00,2026-09-06T09:02:59.286744+00:00
4910de8c-bd5e-58cd-92e6-927969a27678,2026-06-25,0a488a58-f45d-550b-8e16-feb5d935622d,3e422a3b-8a18-58de-80f2-7d0f5a98c795,3369,2026-09-06T09:02:29.920757+00:00,2026-09-06T09:02:59.286744+00:00
ca9c93c4-749e-5ea3-a948-244a7aa62983,2026-06-25,fbe9013d-4e1e-50bd-9c47-83a3bf63b435,7640fa0b-d04b-51f5-bbfa-15e8edf8d6a0,1510,2026-09-06T09:02:29.920757+00:00,2026-09-06T09:02:59.286744+00:00
4bda7cf6-0441-52f1-be59-2dd415f866a4,2026-06-25,fbe9013d-4e1e-50bd-9c47-83a3bf63b435,f6b2ea38-8cba-5b62-853a-49146b84803f,1230,2026-09-06T09:02:29.920757+00:00,2026-09-06T09:02:59.286744+00:00
bd834be9-7524-5586-b7c5-2ff696d0e886,2026-06-25,fbe9013d-4e1e-50bd-9c47-83a3bf63b435,aba05b6d-bbfa-55c8-91ea-89d87edd3cee,1433,2026-09-06T09:02:29.920757+00:00,2026-09-06T09:02:59.286744+00:00
a5163905-3914-5ba3-bcf7-d17103cd82e9,2026-06-25,fbe9013d-4e1e-50bd-9c47-83a3bf63b435,ec5b37ce-5d28-5863-ab9e-a0ccf1849798,599,2026-09-06T09:02:29.920757+00:00,2026-09-06T09:02:59.286744+00:00
8cb2335d-ef87-51a1-ba76-d97f2463bcdc,2026-06-25,d0d1c5ae-5804-564b-93f3-4f8197e88acc,7a7a3fdb-6391-53f9-8bd9-df3407629f76,1542,2026-09-06T09:02:29.920757+00:00,2026-09-06T09:02:59.286744+00:00
24ef2d3f-7b85-5a4e-a177-c74c135401cf,2026-06-25,d0d1c5ae-5804-564b-93f3-4f8197e88acc,dbfc2058-2059-5d59-9e31-d733ab494bb2,1303,2026-09-06T09:02:29.920757+00:00,2026-09-06T09:02:59.286744+00:00
e571c0ba-c5df-5dc1-97a9-8c5c89f9fee4,2026-06-25,d84a9ec1-7b28-54f4-a4a8-a9177fa53327,274c3d65-43dd-5c12-a6d1-7f5e1027d70c,2220,2026-09-06T09:02:29.920757+00:00,2026-09-06T09:02:59.286744+00:00
8c007bdb-8d50-577e-9662-e5c282128e31,2026-06-25,d84a9ec1-7b28-54f4-a4a8-a9177fa53327,ddfaa455-1f92-559f-8e2e-2e4b0733758a,1779,2026-09-06T09:02:29.920757+00:00,2026-09-06T09:02:59.286744+00:00
d91a27bb-f6ea-5150-b90d-708d2d1eb4d5,2026-06-26,0a488a58-f45d-550b-8e16-feb5d935622d,b0fe7d40-daa6-5dd5-8ff7-1a8e35c314c5,3660,2026-09-06T09:02:29.920757+00:00,2026-09-06T09:02:59.286744+00:00
51c7af92-320c-53ba-aee4-99acfcdd95c2,2026-06-26,0a488a58-f45d-550b-8e16-feb5d935622d,3e422a3b-8a18-58de-80f2-7d0f5a98c795,1882,2026-09-06T09:02:29.920757+00:00,2026-09-06T09:02:59.286744+00:00
987c9613-fb8e-5a8e-902c-035adde5b1a7,2026-06-26,fbe9013d-4e1e-50bd-9c47-83a3bf63b435,7640fa0b-d04b-51f5-bbfa-15e8edf8d6a0,809,2026-09-06T09:02:29.920757+00:00,2026-09-06T09:02:59.286744+00:00
4ad4b7f6-90d0-5678-83eb-96d597edd92a,2026-06-26,fbe9013d-4e1e-50bd-9c47-83a3bf63b435,f6b2ea38-8cba-5b62-853a-49146b84803f,967,2026-09-06T09:02:29.920757+00:00,2026-09-06T09:02:59.286744+00:00
3ea783cd-9503-59e0-a7d1-6ca376b1690b,2026-06-26,fbe9013d-4e1e-50bd-9c47-83a3bf63b435,aba05b6d-bbfa-55c8-91ea-89d87edd3cee,3443,2026-09-06T09:02:29.920757+00:00,2026-09-06T09:02:59.286744+00:00
16b2c5cf-58f2-5112-8f5a-e409225bf5ae,2026-06-26,fbe9013d-4e1e-50bd-9c47-83a3bf63b435,ec5b37ce-5d28-5863-ab9e-a0ccf1849798,595,2026-09-06T09:02:29.920757+00:00,2026-09-06T09:02:59.286744+00:00
513e5163-216e-56f4-916e-7f54b5eeb9cf,2026-06-26,d0d1c5ae-5804-564b-93f3-4f8197e88acc,7a7a3fdb-6391-53f9-8bd9-df3407629f76,545,2026-09-06T09:02:29.920757+00:00,2026-09-06T09:02:59.286744+00:00
3640af32-c2ce-5f2d-85f7-87a3ed67bd93,2026-06-26,d0d1c5ae-5804-564b-93f3-4f8197e88acc,dbfc2058-2059-5d59-9e31-d733ab494bb2,2617,2026-09-06T09:02:29.920757+00:00,2026-09-06T09:02:59.286744+00:00
dbac8f05-de7d-5a4a-9129-f06926924b2c,2026-06-26,d84a9ec1-7b28-54f4-a4a8-a9177fa53327,274c3d65-43dd-5c12-a6d1-7f5e1027d70c,3991,2026-09-06T09:02:29.920757+00:00,2026-09-06T09:02:59.286744+00:00
99477b7a-10f1-505d-a0cd-9d90ecbceafb,2026-06-26,d84a9ec1-7b28-54f4-a4a8-a9177fa53327,ddfaa455-1f92-559f-8e2e-2e4b0733758a,1351,2026-09-06T09:02:29.920757+00:00,2026-09-06T09:02:59.286744+00:00
104de9a6-ab4d-56af-aec8-9bb9f7911686,2026-06-27,0a488a58-f45d-550b-8e16-feb5d935622d,b0fe7d40-daa6-5dd5-8ff7-1a8e35c314c5,1735,2026-09-06T09:02:29.920757+00:00,2026-09-06T09:02:59.286744+00:00
46862867-eeff-516c-b94d-4b2ad73c26ad,2026-06-27,0a488a58-f45d-550b-8e16-feb5d935622d,3e422a3b-8a18-58de-80f2-7d0f5a98c795,2280,2026-09-06T09:02:29.920757+00:00,2026-09-06T09:02:59.286744+00:00
27f1f226-2f78-5c56-b552-484b8dade7a8,2026-06-27,fbe9013d-4e1e-50bd-9c47-83a3bf63b435,f6b2ea38-8cba-5b62-853a-49146b84803f,884,2026-09-06T09:02:29.920757+00:00,2026-09-06T09:02:59.286744+00:00
3ef73516-4960-5399-a70c-ce6804db4db2,2026-06-27,fbe9013d-4e1e-50bd-9c47-83a3bf63b435,aba05b6d-bbfa-55c8-91ea-89d87edd3cee,1988,2026-09-06T09:02:29.920757+00:00,2026-09-06T09:02:59.286744+00:00
d751d822-81d2-5f2b-abe8-60d771780944,2026-06-27,fbe9013d-4e1e-50bd-9c47-83a3bf63b435,ec5b37ce-5d28-5863-ab9e-a0ccf1849798,878,2026-09-06T09:02:29.920757+00:00,2026-09-06T09:02:59.286744+00:00
70da69ed-d6c2-5593-a2d7-5597e67dd96d,2026-06-27,d0d1c5ae-5804-564b-93f3-4f8197e88acc,7a7a3fdb-6391-53f9-8bd9-df3407629f76,923,2026-09-06T09:02:29.920757+00:00,2026-09-06T09:02:59.286744+00:00
1592a926-f005-5e5f-9dfc-955265713e12,2026-06-27,d0d1c5ae-5804-564b-93f3-4f8197e88acc,dbfc2058-2059-5d59-9e31-d733ab494bb2,913,2026-09-06T09:02:29.920757+00:00,2026-09-06T09:02:59.286744+00:00
46fb888e-943b-5a4b-a8a3-f96cb79192d7,2026-06-27,d84a9ec1-7b28-54f4-a4a8-a9177fa53327,274c3d65-43dd-5c12-a6d1-7f5e1027d70c,2268,2026-09-06T09:02:29.920757+00:00,2026-09-06T09:02:59.286744+00:00
48c9ebde-b0ef-58c6-9ffe-0fd69429cd8c,2026-06-27,d84a9ec1-7b28-54f4-a4a8-a9177fa53327,ddfaa455-1f92-559f-8e2e-2e4b0733758a,1005,2026-09-06T09:02:29.920757+00:00,2026-09-06T09:02:59.286744+00:00
42c964c7-b43c-5538-adaa-67ae32cc165f,2026-06-29,0a488a58-f45d-550b-8e16-feb5d935622d,b0fe7d40-daa6-5dd5-8ff7-1a8e35c314c5,2350,2026-09-06T09:02:29.920757+00:00,2026-09-06T09:02:59.286744+00:00
17247cf9-9df0-5f60-bf49-2ad996166f0f,2026-06-29,0a488a58-f45d-550b-8e16-feb5d935622d,3e422a3b-8a18-58de-80f2-7d0f5a98c795,3267,2026-09-06T09:02:29.920757+00:00,2026-09-06T09:02:59.286744+00:00
bf45a678-2609-5f84-97bf-42befdee212d,2026-06-29,fbe9013d-4e1e-50bd-9c47-83a3bf63b435,7640fa0b-d04b-51f5-bbfa-15e8edf8d6a0,764,2026-09-06T09:02:29.920757+00:00,2026-09-06T09:02:59.286744+00:00
1a827a6e-1d22-5d6f-a00f-7047e95a239f,2026-06-29,fbe9013d-4e1e-50bd-9c47-83a3bf63b435,f6b2ea38-8cba-5b62-853a-49146b84803f,613,2026-09-06T09:02:29.920757+00:00,2026-09-06T09:02:59.286744+00:00
9b412e16-1457-55dd-afdb-1a5b22383672,2026-06-29,fbe9013d-4e1e-50bd-9c47-83a3bf63b435,aba05b6d-bbfa-55c8-91ea-89d87edd3cee,2925,2026-09-06T09:02:29.920757+00:00,2026-09-06T09:02:59.286744+00:00
af4027d5-7963-5f18-a11a-82dfcc0c5638,2026-06-29,fbe9013d-4e1e-50bd-9c47-83a3bf63b435,ec5b37ce-5d28-5863-ab9e-a0ccf1849798,543,2026-09-06T09:02:29.920757+00:00,2026-09-06T09:02:59.286744+00:00
166abb92-8c96-5479-a531-3e7f5fff7c2f,2026-06-29,d0d1c5ae-5804-564b-93f3-4f8197e88acc,7a7a3fdb-6391-53f9-8bd9-df3407629f76,1345,2026-09-06T09:02:29.920757+00:00,2026-09-06T09:02:59.286744+00:00
52ba95cb-ac32-5fdb-beb7-89c4408b8528,2026-06-29,d0d1c5ae-5804-564b-93f3-4f8197e88acc,dbfc2058-2059-5d59-9e31-d733ab494bb2,1263,2026-09-06T09:02:29.920757+00:00,2026-09-06T09:02:59.286744+00:00
4daf5d53-6603-57b9-8c74-f2ebf4409066,2026-06-29,d84a9ec1-7b28-54f4-a4a8-a9177fa53327,274c3d65-43dd-5c12-a6d1-7f5e1027d70c,2980,2026-09-06T09:02:29.920757+00:00,2026-09-06T09:02:59.286744+00:00
17b77257-aba5-5e66-8ac5-245eb7824d18,2026-06-29,d84a9ec1-7b28-54f4-a4a8-a9177fa53327,ddfaa455-1f92-559f-8e2e-2e4b0733758a,1783,2026-09-06T09:02:29.920757+00:00,2026-09-06T09:02:59.286744+00:00
2b89773b-358a-5813-aa82-3a6541a6f4f5,2026-06-30,0a488a58-f45d-550b-8e16-feb5d935622d,b0fe7d40-daa6-5dd5-8ff7-1a8e35c314c5,3533,2026-09-06T09:02:29.920757+00:00,2026-09-06T09:02:59.286744+00:00
221af5ed-9a6c-5403-82bb-32c8955d4d38,2026-06-30,0a488a58-f45d-550b-8e16-feb5d935622d,3e422a3b-8a18-58de-80f2-7d0f5a98c795,2423,2026-09-06T09:02:29.920757+00:00,2026-09-06T09:02:59.286744+00:00
9a381f2a-d54b-574e-815c-f0797cf69327,2026-06-30,fbe9013d-4e1e-50bd-9c47-83a3bf63b435,7640fa0b-d04b-51f5-bbfa-15e8edf8d6a0,1192,2026-09-06T09:02:29.920757+00:00,2026-09-06T09:02:59.286744+00:00
2482408e-70f8-54e7-8243-4aefc64a1c79,2026-06-30,fbe9013d-4e1e-50bd-9c47-83a3bf63b435,f6b2ea38-8cba-5b62-853a-49146b84803f,630,2026-09-06T09:02:29.920757+00:00,2026-09-06T09:02:59.286744+00:00
491c3805-ae50-51b6-bf29-7ae24a16a131,2026-06-30,fbe9013d-4e1e-50bd-9c47-83a3bf63b435,aba05b6d-bbfa-55c8-91ea-89d87edd3cee,2701,2026-09-06T09:02:29.920757+00:00,2026-09-06T09:02:59.286744+00:00
089636c9-e2c1-5e72-9ceb-4c7d6f124e47,2026-06-30,fbe9013d-4e1e-50bd-9c47-83a3bf63b435,ec5b37ce-5d28-5863-ab9e-a0ccf1849798,915,2026-09-06T09:02:29.920757+00:00,2026-09-06T09:02:59.286744+00:00
e03a48be-8898-52d9-aec6-6aa353b3bae2,2026-06-30,d0d1c5ae-5804-564b-93f3-4f8197e88acc,7a7a3fdb-6391-53f9-8bd9-df3407629f76,1210,2026-09-06T09:02:29.920757+00:00,2026-09-06T09:02:59.286744+00:00
55116eee-cbef-555e-bb83-5448320323a4,2026-06-30,d0d1c5ae-5804-564b-93f3-4f8197e88acc,dbfc2058-2059-5d59-9e31-d733ab494bb2,1776,2026-09-06T09:02:29.920757+00:00,2026-09-06T09:02:59.286744+00:00
df9761e1-3651-519e-ab79-48d81bdec53c,2026-06-30,d84a9ec1-7b28-54f4-a4a8-a9177fa53327,274c3d65-43dd-5c12-a6d1-7f5e1027d70c,1480,2026-09-06T09:02:29.920757+00:00,2026-09-06T09:02:59.286744+00:00
b4851527-b6d0-59e4-949f-3381e7114ebf,2026-06-30,d84a9ec1-7b28-54f4-a4a8-a9177fa53327,ddfaa455-1f92-559f-8e2e-2e4b0733758a,2013,2026-09-06T09:02:29.920757+00:00,2026-09-06T09:02:59.286744+00:00
66f9e1a9-f955-5ed2-9a24-0cbf572331df,2026-07-01,0a488a58-f45d-550b-8e16-feb5d935622d,b0fe7d40-daa6-5dd5-8ff7-1a8e35c314c5,2980,2026-09-06T09:02:29.920757+00:00,2026-09-06T09:02:59.286744+00:00
1c2f660e-47cf-59e2-b024-f4f0b529d43f,2026-07-01,0a488a58-f45d-550b-8e16-feb5d935622d,3e422a3b-8a18-58de-80f2-7d0f5a98c795,2843,2026-09-06T09:02:29.920757+00:00,2026-09-06T09:02:59.286744+00:00
a1d7dfcd-0310-5e92-a45c-71d545b1f87a,2026-07-01,fbe9013d-4e1e-50bd-9c47-83a3bf63b435,7640fa0b-d04b-51f5-bbfa-15e8edf8d6a0,1153,2026-09-06T09:02:29.920757+00:00,2026-09-06T09:02:59.286744+00:00
6e1605a0-e9d8-51c1-920f-c766c9b78e05,2026-07-01,fbe9013d-4e1e-50bd-9c47-83a3bf63b435,f6b2ea38-8cba-5b62-853a-49146b84803f,938,2026-09-06T09:02:29.920757+00:00,2026-09-06T09:02:59.286744+00:00
9010d8ed-79e3-54dc-822f-28244d05c37b,2026-07-01,fbe9013d-4e1e-50bd-9c47-83a3bf63b435,aba05b6d-bbfa-55c8-91ea-89d87edd3cee,1491,2026-09-06T09:02:29.920757+00:00,2026-09-06T09:02:59.286744+00:00
00e35e31-73cd-53e2-8e8f-81484f58bd06,2026-07-01,fbe9013d-4e1e-50bd-9c47-83a3bf63b435,ec5b37ce-5d28-5863-ab9e-a0ccf1849798,605,2026-09-06T09:02:29.920757+00:00,2026-09-06T09:02:59.286744+00:00
078f1446-e260-5d1f-8065-164d32be9cb6,2026-07-01,d0d1c5ae-5804-564b-93f3-4f8197e88acc,7a7a3fdb-6391-53f9-8bd9-df3407629f76,1860,2026-09-06T09:02:29.920757+00:00,2026-09-06T09:02:59.286744+00:00
700ec4de-35a0-5c9d-8ab2-b9471687b578,2026-07-01,d0d1c5ae-5804-564b-93f3-4f8197e88acc,dbfc2058-2059-5d59-9e31-d733ab494bb2,745,2026-09-06T09:02:29.920757+00:00,2026-09-06T09:02:59.286744+00:00
c0103dcd-0a78-5b5a-b4ab-32068f90d1f1,2026-07-01,d84a9ec1-7b28-54f4-a4a8-a9177fa53327,274c3d65-43dd-5c12-a6d1-7f5e1027d70c,2986,2026-09-06T09:02:29.920757+00:00,2026-09-06T09:02:59.286744+00:00
fe3001c3-bdf0-5d3b-8df1-cf2e9daf82e7,2026-07-01,d84a9ec1-7b28-54f4-a4a8-a9177fa53327,ddfaa455-1f92-559f-8e2e-2e4b0733758a,1819,2026-09-06T09:02:29.920757+00:00,2026-09-06T09:02:59.286744+00:00
b76a0518-ffdb-56ec-be27-9a8a22d3da3a,2026-07-02,0a488a58-f45d-550b-8e16-feb5d935622d,b0fe7d40-daa6-5dd5-8ff7-1a8e35c314c5,3443,2026-09-06T09:02:29.920757+00:00,2026-09-06T09:02:59.286744+00:00
b0c81590-b7bd-5abc-a0e7-2e776a29e757,2026-07-02,0a488a58-f45d-550b-8e16-feb5d935622d,3e422a3b-8a18-58de-80f2-7d0f5a98c795,2890,2026-09-06T09:02:29.920757+00:00,2026-09-06T09:02:59.286744+00:00
88a6ea1b-3bdc-5fc4-9aba-9022a51d3dee,2026-07-02,fbe9013d-4e1e-50bd-9c47-83a3bf63b435,7640fa0b-d04b-51f5-bbfa-15e8edf8d6a0,776,2026-09-06T09:02:29.920757+00:00,2026-09-06T09:02:59.286744+00:00
0245cfbd-1e97-5eb9-8a88-dcfe63bec0b0,2026-07-02,fbe9013d-4e1e-50bd-9c47-83a3bf63b435,f6b2ea38-8cba-5b62-853a-49146b84803f,286,2026-09-06T09:02:29.920757+00:00,2026-09-06T09:02:59.286744+00:00
5c8c8a67-31b7-5385-b4d4-c44ef52e06df,2026-07-02,fbe9013d-4e1e-50bd-9c47-83a3bf63b435,aba05b6d-bbfa-55c8-91ea-89d87edd3cee,2176,2026-09-06T09:02:29.920757+00:00,2026-09-06T09:02:59.286744+00:00
ca8934ba-adad-5036-b68a-803e901fffa0,2026-07-02,fbe9013d-4e1e-50bd-9c47-83a3bf63b435,ec5b37ce-5d28-5863-ab9e-a0ccf1849798,831,2026-09-06T09:02:29.920757+00:00,2026-09-06T09:02:59.286744+00:00
4a48d35c-d4fc-57d8-a2a6-bfcd691089eb,2026-07-02,d0d1c5ae-5804-564b-93f3-4f8197e88acc,7a7a3fdb-6391-53f9-8bd9-df3407629f76,1058,2026-09-06T09:02:29.920757+00:00,2026-09-06T09:02:59.286744+00:00
c1a4e231-754c-5fbd-93ea-d487a27b2ce0,2026-07-02,d0d1c5ae-5804-564b-93f3-4f8197e88acc,dbfc2058-2059-5d59-9e31-d733ab494bb2,2060,2026-09-06T09:02:29.920757+00:00,2026-09-06T09:02:59.286744+00:00
e5ac9a85-3f0e-568f-b700-575e3e578276,2026-07-02,d84a9ec1-7b28-54f4-a4a8-a9177fa53327,274c3d65-43dd-5c12-a6d1-7f5e1027d70c,3010,2026-09-06T09:02:29.920757+00:00,2026-09-06T09:02:59.286744+00:00
e18ca851-f7a3-5243-8f17-2f4793385afc,2026-07-02,d84a9ec1-7b28-54f4-a4a8-a9177fa53327,ddfaa455-1f92-559f-8e2e-2e4b0733758a,1750,2026-09-06T09:02:29.920757+00:00,2026-09-06T09:02:59.286744+00:00
b4a61a99-fa97-540e-9518-e3d4c9350f3f,2026-07-03,0a488a58-f45d-550b-8e16-feb5d935622d,b0fe7d40-daa6-5dd5-8ff7-1a8e35c314c5,3006,2026-09-06T09:02:29.920757+00:00,2026-09-06T09:02:59.286744+00:00
9f0854db-5075-5e0f-8540-4b8417ac8b0b,2026-07-03,0a488a58-f45d-550b-8e16-feb5d935622d,3e422a3b-8a18-58de-80f2-7d0f5a98c795,3286,2026-09-06T09:02:29.920757+00:00,2026-09-06T09:02:59.286744+00:00
48e37e2d-0150-57ca-90e5-d40c022f9386,2026-07-03,fbe9013d-4e1e-50bd-9c47-83a3bf63b435,7640fa0b-d04b-51f5-bbfa-15e8edf8d6a0,792,2026-09-06T09:02:29.920757+00:00,2026-09-06T09:02:59.286744+00:00
7384f76a-7c4b-59c7-b794-3b5387cd9bb8,2026-07-03,fbe9013d-4e1e-50bd-9c47-83a3bf63b435,f6b2ea38-8cba-5b62-853a-49146b84803f,1523,2026-09-06T09:02:29.920757+00:00,2026-09-06T09:02:59.286744+00:00
38b07fa4-9a17-5008-9c70-d7d99f8ebbb7,2026-07-03,fbe9013d-4e1e-50bd-9c47-83a3bf63b435,aba05b6d-bbfa-55c8-91ea-89d87edd3cee,2244,2026-09-06T09:02:29.920757+00:00,2026-09-06T09:02:59.286744+00:00
fe6c3c4d-08d6-570d-aadd-e2ae4f7a05d3,2026-07-03,fbe9013d-4e1e-50bd-9c47-83a3bf63b435,ec5b37ce-5d28-5863-ab9e-a0ccf1849798,578,2026-09-06T09:02:29.920757+00:00,2026-09-06T09:02:59.286744+00:00
b219823e-ac8f-5477-b8c8-ff99bef6a7db,2026-07-03,d0d1c5ae-5804-564b-93f3-4f8197e88acc,7a7a3fdb-6391-53f9-8bd9-df3407629f76,1234,2026-09-06T09:02:29.920757+00:00,2026-09-06T09:02:59.286744+00:00
c573d8d7-3dc4-5b1e-9b8b-2f1dfcd24f81,2026-07-03,d0d1c5ae-5804-564b-93f3-4f8197e88acc,dbfc2058-2059-5d59-9e31-d733ab494bb2,1762,2026-09-06T09:02:29.920757+00:00,2026-09-06T09:02:59.286744+00:00
f8d6d241-51cb-5a39-ac92-6767209d45c6,2026-07-03,d84a9ec1-7b28-54f4-a4a8-a9177fa53327,274c3d65-43dd-5c12-a6d1-7f5e1027d70c,4123,2026-09-06T09:02:29.920757+00:00,2026-09-06T09:02:59.286744+00:00
aae7d7cf-ab6f-55e0-82d9-5cd98826c40d,2026-07-03,d84a9ec1-7b28-54f4-a4a8-a9177fa53327,ddfaa455-1f92-559f-8e2e-2e4b0733758a,1335,2026-09-06T09:02:29.920757+00:00,2026-09-06T09:02:59.286744+00:00
81c092a4-ecf1-510f-a69a-29f6c3ee3cc0,2026-07-04,0a488a58-f45d-550b-8e16-feb5d935622d,b0fe7d40-daa6-5dd5-8ff7-1a8e35c314c5,4418,2026-09-06T09:02:29.920757+00:00,2026-09-06T09:02:59.286744+00:00
ede8e163-94e9-501b-9957-bee12a678dbb,2026-07-04,0a488a58-f45d-550b-8e16-feb5d935622d,3e422a3b-8a18-58de-80f2-7d0f5a98c795,675,2026-09-06T09:02:29.920757+00:00,2026-09-06T09:02:59.286744+00:00
f9f5c90b-3282-566e-aab2-f4d41de9dadb,2026-07-04,fbe9013d-4e1e-50bd-9c47-83a3bf63b435,7640fa0b-d04b-51f5-bbfa-15e8edf8d6a0,257,2026-09-06T09:02:29.920757+00:00,2026-09-06T09:02:59.286744+00:00
9e38ae20-051d-5944-a38e-33900d4491b8,2026-07-04,fbe9013d-4e1e-50bd-9c47-83a3bf63b435,f6b2ea38-8cba-5b62-853a-49146b84803f,258,2026-09-06T09:02:29.920757+00:00,2026-09-06T09:02:59.286744+00:00
4c9a905f-e4f4-558a-848c-930b0b7873cd,2026-07-04,fbe9013d-4e1e-50bd-9c47-83a3bf63b435,aba05b6d-bbfa-55c8-91ea-89d87edd3cee,3506,2026-09-06T09:02:29.920757+00:00,2026-09-06T09:02:59.286744+00:00
9a74fbda-97ae-540e-a37a-51a285fde6e0,2026-07-04,fbe9013d-4e1e-50bd-9c47-83a3bf63b435,ec5b37ce-5d28-5863-ab9e-a0ccf1849798,603,2026-09-06T09:02:29.920757+00:00,2026-09-06T09:02:59.286744+00:00
e6bbcba7-2848-510c-a90e-2e4824a909fe,2026-07-04,d0d1c5ae-5804-564b-93f3-4f8197e88acc,7a7a3fdb-6391-53f9-8bd9-df3407629f76,1064,2026-09-06T09:02:29.920757+00:00,2026-09-06T09:02:59.286744+00:00
1a8f4449-747d-56c3-a83f-fbc497a306ac,2026-07-04,d0d1c5ae-5804-564b-93f3-4f8197e88acc,dbfc2058-2059-5d59-9e31-d733ab494bb2,311,2026-09-06T09:02:29.920757+00:00,2026-09-06T09:02:59.286744+00:00
a780895f-198c-5e2d-b14d-ad3f653b9ec5,2026-07-04,d84a9ec1-7b28-54f4-a4a8-a9177fa53327,274c3d65-43dd-5c12-a6d1-7f5e1027d70c,2340,2026-09-06T09:02:29.920757+00:00,2026-09-06T09:02:59.286744+00:00
31cb7423-bd38-5e95-b502-179998296477,2026-07-04,d84a9ec1-7b28-54f4-a4a8-a9177fa53327,ddfaa455-1f92-559f-8e2e-2e4b0733758a,1236,2026-09-06T09:02:29.920757+00:00,2026-09-06T09:02:59.286744+00:00
96e933eb-2f8d-5117-a7ea-2618532a793d,2026-07-06,0a488a58-f45d-550b-8e16-feb5d935622d,b0fe7d40-daa6-5dd5-8ff7-1a8e35c314c5,2401,2026-09-06T09:02:29.920757+00:00,2026-09-06T09:02:59.286744+00:00
bab2038b-3d64-5c2d-b169-f28b797f3196,2026-07-06,0a488a58-f45d-550b-8e16-feb5d935622d,3e422a3b-8a18-58de-80f2-7d0f5a98c795,2711,2026-09-06T09:02:29.920757+00:00,2026-09-06T09:02:59.286744+00:00
c65a55e4-0ed9-5e52-8088-9a5700187212,2026-07-06,fbe9013d-4e1e-50bd-9c47-83a3bf63b435,f6b2ea38-8cba-5b62-853a-49146b84803f,1291,2026-09-06T09:02:29.920757+00:00,2026-09-06T09:02:59.286744+00:00
70c8352e-8502-533e-8ef3-e5893837a18a,2026-07-06,fbe9013d-4e1e-50bd-9c47-83a3bf63b435,aba05b6d-bbfa-55c8-91ea-89d87edd3cee,3045,2026-09-06T09:02:29.920757+00:00,2026-09-06T09:02:59.286744+00:00
4020877d-c014-5ad2-8a96-eea1ed54ba9a,2026-07-06,fbe9013d-4e1e-50bd-9c47-83a3bf63b435,ec5b37ce-5d28-5863-ab9e-a0ccf1849798,810,2026-09-06T09:02:29.920757+00:00,2026-09-06T09:02:59.286744+00:00
54165bb4-1032-57e7-8f1e-922bb6572cb1,2026-07-06,d0d1c5ae-5804-564b-93f3-4f8197e88acc,7a7a3fdb-6391-53f9-8bd9-df3407629f76,751,2026-09-06T09:02:29.920757+00:00,2026-09-06T09:02:59.286744+00:00
018489e7-a209-5fbf-be7b-f467223b8f20,2026-07-06,d0d1c5ae-5804-564b-93f3-4f8197e88acc,dbfc2058-2059-5d59-9e31-d733ab494bb2,2231,2026-09-06T09:02:29.920757+00:00,2026-09-06T09:02:59.286744+00:00
e8b4f501-3cd3-5a0e-9a61-f177c64e2ef0,2026-07-06,d84a9ec1-7b28-54f4-a4a8-a9177fa53327,274c3d65-43dd-5c12-a6d1-7f5e1027d70c,3857,2026-09-06T09:02:29.920757+00:00,2026-09-06T09:02:59.286744+00:00
d0e38563-5282-5772-90a4-e8ffbb07d70a,2026-07-06,d84a9ec1-7b28-54f4-a4a8-a9177fa53327,ddfaa455-1f92-559f-8e2e-2e4b0733758a,1375,2026-09-06T09:02:29.920757+00:00,2026-09-06T09:02:59.286744+00:00
d9aa931b-5932-58be-a657-ba175d0d1b22,2026-07-07,0a488a58-f45d-550b-8e16-feb5d935622d,b0fe7d40-daa6-5dd5-8ff7-1a8e35c314c5,4420,2026-09-06T09:02:29.920757+00:00,2026-09-06T09:02:59.286744+00:00
e346e5e1-20d7-520f-a4ef-1f6b2d21c971,2026-07-07,0a488a58-f45d-550b-8e16-feb5d935622d,3e422a3b-8a18-58de-80f2-7d0f5a98c795,1778,2026-09-06T09:02:29.920757+00:00,2026-09-06T09:02:59.286744+00:00
985821fc-c0e7-5f65-be2e-e3bcb868beca,2026-07-07,fbe9013d-4e1e-50bd-9c47-83a3bf63b435,7640fa0b-d04b-51f5-bbfa-15e8edf8d6a0,345,2026-09-06T09:02:29.920757+00:00,2026-09-06T09:02:59.286744+00:00
7bf48e54-0a58-54ce-ad93-15a6b30b6acf,2026-07-07,fbe9013d-4e1e-50bd-9c47-83a3bf63b435,f6b2ea38-8cba-5b62-853a-49146b84803f,346,2026-09-06T09:02:29.920757+00:00,2026-09-06T09:02:59.286744+00:00
0a89a43a-363e-5b69-b9a5-160b941c5348,2026-07-07,fbe9013d-4e1e-50bd-9c47-83a3bf63b435,aba05b6d-bbfa-55c8-91ea-89d87edd3cee,3471,2026-09-06T09:02:29.920757+00:00,2026-09-06T09:02:59.286744+00:00
d01f7fa8-d868-5e52-a785-26aae2bdc854,2026-07-07,fbe9013d-4e1e-50bd-9c47-83a3bf63b435,ec5b37ce-5d28-5863-ab9e-a0ccf1849798,1391,2026-09-06T09:02:29.920757+00:00,2026-09-06T09:02:59.286744+00:00
e08d4f1b-8aea-562c-9533-6772ec5fcb34,2026-07-07,d0d1c5ae-5804-564b-93f3-4f8197e88acc,7a7a3fdb-6391-53f9-8bd9-df3407629f76,750,2026-09-06T09:02:29.920757+00:00,2026-09-06T09:02:59.286744+00:00
0b1bc22c-1068-5bd9-a3b8-f3be6e02dc52,2026-07-07,d0d1c5ae-5804-564b-93f3-4f8197e88acc,dbfc2058-2059-5d59-9e31-d733ab494bb2,2652,2026-09-06T09:02:29.920757+00:00,2026-09-06T09:02:59.286744+00:00
d700c7ad-7d76-5cf1-9b09-da73f6c21296,2026-07-07,d84a9ec1-7b28-54f4-a4a8-a9177fa53327,274c3d65-43dd-5c12-a6d1-7f5e1027d70c,5303,2026-09-06T09:02:29.920757+00:00,2026-09-06T09:02:59.286744+00:00
9fc39a60-30f4-5c90-be84-ca5c8495675c,2026-07-07,d84a9ec1-7b28-54f4-a4a8-a9177fa53327,ddfaa455-1f92-559f-8e2e-2e4b0733758a,744,2026-09-06T09:02:29.920757+00:00,2026-09-06T09:02:59.286744+00:00
e5fc77eb-83c8-5b9b-97db-cd641ef79e38,2026-07-08,0a488a58-f45d-550b-8e16-feb5d935622d,b0fe7d40-daa6-5dd5-8ff7-1a8e35c314c5,3647,2026-09-06T09:02:29.920757+00:00,2026-09-06T09:02:59.286744+00:00
44181777-e60f-5310-b804-f6afb96958f0,2026-07-08,0a488a58-f45d-550b-8e16-feb5d935622d,3e422a3b-8a18-58de-80f2-7d0f5a98c795,2748,2026-09-06T09:02:29.920757+00:00,2026-09-06T09:02:59.286744+00:00
c6fc5f48-f4ba-5c2c-8441-60d6e78b868d,2026-07-08,fbe9013d-4e1e-50bd-9c47-83a3bf63b435,7640fa0b-d04b-51f5-bbfa-15e8edf8d6a0,1205,2026-09-06T09:02:29.920757+00:00,2026-09-06T09:02:59.286744+00:00
56442641-066c-521a-9335-0c093fb7c8e0,2026-07-08,fbe9013d-4e1e-50bd-9c47-83a3bf63b435,aba05b6d-bbfa-55c8-91ea-89d87edd3cee,3521,2026-09-06T09:02:29.920757+00:00,2026-09-06T09:02:59.286744+00:00
3de6ca51-d60c-5958-bf01-dc9c1c0268ba,2026-07-08,fbe9013d-4e1e-50bd-9c47-83a3bf63b435,ec5b37ce-5d28-5863-ab9e-a0ccf1849798,858,2026-09-06T09:02:29.920757+00:00,2026-09-06T09:02:59.286744+00:00
3feb82d6-0790-5c26-8d87-a780a3ec6fbd,2026-07-08,d0d1c5ae-5804-564b-93f3-4f8197e88acc,7a7a3fdb-6391-53f9-8bd9-df3407629f76,1336,2026-09-06T09:02:29.920757+00:00,2026-09-06T09:02:59.286744+00:00
62f878e1-170a-5975-bbc8-ed41878f9178,2026-07-08,d0d1c5ae-5804-564b-93f3-4f8197e88acc,dbfc2058-2059-5d59-9e31-d733ab494bb2,1711,2026-09-06T09:02:29.920757+00:00,2026-09-06T09:02:59.286744+00:00
b069cd3e-6a71-5b25-a7a8-22e8c4dad09b,2026-07-08,d84a9ec1-7b28-54f4-a4a8-a9177fa53327,274c3d65-43dd-5c12-a6d1-7f5e1027d70c,3059,2026-09-06T09:02:29.920757+00:00,2026-09-06T09:02:59.286744+00:00
c9ce0a58-0a7b-584c-9c69-ba237a5ea52f,2026-07-08,d84a9ec1-7b28-54f4-a4a8-a9177fa53327,ddfaa455-1f92-559f-8e2e-2e4b0733758a,1692,2026-09-06T09:02:29.920757+00:00,2026-09-06T09:02:59.286744+00:00
4c867cd5-fcd6-5b21-a103-c5af257858ab,2026-07-09,0a488a58-f45d-550b-8e16-feb5d935622d,b0fe7d40-daa6-5dd5-8ff7-1a8e35c314c5,5438,2026-09-06T09:02:29.920757+00:00,2026-09-06T09:02:59.286744+00:00
6133fc69-9472-593c-a2c8-6f93139376ad,2026-07-09,0a488a58-f45d-550b-8e16-feb5d935622d,3e422a3b-8a18-58de-80f2-7d0f5a98c795,1479,2026-09-06T09:02:29.920757+00:00,2026-09-06T09:02:59.286744+00:00
551bf620-1eb8-5944-a44b-725b1095121d,2026-07-09,fbe9013d-4e1e-50bd-9c47-83a3bf63b435,7640fa0b-d04b-51f5-bbfa-15e8edf8d6a0,385,2026-09-06T09:02:29.920757+00:00,2026-09-06T09:02:59.286744+00:00
9e9f65ad-fcea-5d04-bb43-79a876b52978,2026-07-09,fbe9013d-4e1e-50bd-9c47-83a3bf63b435,f6b2ea38-8cba-5b62-853a-49146b84803f,642,2026-09-06T09:02:29.920757+00:00,2026-09-06T09:02:59.286744+00:00
804fb92a-2911-5398-b2f0-2a2ba11366d7,2026-07-09,fbe9013d-4e1e-50bd-9c47-83a3bf63b435,aba05b6d-bbfa-55c8-91ea-89d87edd3cee,2254,2026-09-06T09:02:29.920757+00:00,2026-09-06T09:02:59.286744+00:00
91634935-366b-5798-b572-771bd751180a,2026-07-09,fbe9013d-4e1e-50bd-9c47-83a3bf63b435,ec5b37ce-5d28-5863-ab9e-a0ccf1849798,1388,2026-09-06T09:02:29.920757+00:00,2026-09-06T09:02:59.286744+00:00
136557f5-a3da-534f-946f-6b13d3d8bbf8,2026-07-09,d0d1c5ae-5804-564b-93f3-4f8197e88acc,7a7a3fdb-6391-53f9-8bd9-df3407629f76,715,2026-09-06T09:02:29.920757+00:00,2026-09-06T09:02:59.286744+00:00
2513b64f-8687-596a-8259-a7d66257fa67,2026-07-09,d0d1c5ae-5804-564b-93f3-4f8197e88acc,dbfc2058-2059-5d59-9e31-d733ab494bb2,906,2026-09-06T09:02:29.920757+00:00,2026-09-06T09:02:59.286744+00:00
db1177c7-ddb9-5429-8a44-ed32d96fb9ca,2026-07-09,d84a9ec1-7b28-54f4-a4a8-a9177fa53327,274c3d65-43dd-5c12-a6d1-7f5e1027d70c,4629,2026-09-06T09:02:29.920757+00:00,2026-09-06T09:02:59.286744+00:00
eba04dc4-aec6-5da0-8d61-7179bafe5fb2,2026-07-09,d84a9ec1-7b28-54f4-a4a8-a9177fa53327,ddfaa455-1f92-559f-8e2e-2e4b0733758a,1032,2026-09-06T09:02:29.920757+00:00,2026-09-06T09:02:59.286744+00:00
0666d14a-1207-5a08-bd1a-e6833ff5cca3,2026-07-10,0a488a58-f45d-550b-8e16-feb5d935622d,b0fe7d40-daa6-5dd5-8ff7-1a8e35c314c5,4379,2026-09-06T09:02:29.920757+00:00,2026-09-06T09:02:59.286744+00:00
7b04e2c9-d461-5518-a52b-709dc5485cd2,2026-07-10,0a488a58-f45d-550b-8e16-feb5d935622d,3e422a3b-8a18-58de-80f2-7d0f5a98c795,1762,2026-09-06T09:02:29.920757+00:00,2026-09-06T09:02:59.286744+00:00
b2c0e878-7c3d-5c96-b56b-4263705c80c0,2026-07-10,fbe9013d-4e1e-50bd-9c47-83a3bf63b435,7640fa0b-d04b-51f5-bbfa-15e8edf8d6a0,804,2026-09-06T09:02:29.920757+00:00,2026-09-06T09:02:59.286744+00:00
b48d4729-0d32-5ff4-9e26-abb033ab0cf1,2026-07-10,fbe9013d-4e1e-50bd-9c47-83a3bf63b435,f6b2ea38-8cba-5b62-853a-49146b84803f,320,2026-09-06T09:02:29.920757+00:00,2026-09-06T09:02:59.286744+00:00
3fa23271-77e4-5edd-9004-bcb1c94e3de1,2026-07-10,fbe9013d-4e1e-50bd-9c47-83a3bf63b435,aba05b6d-bbfa-55c8-91ea-89d87edd3cee,2818,2026-09-06T09:02:29.920757+00:00,2026-09-06T09:02:59.286744+00:00
63b202c9-d99e-5c18-a52c-f4cb38eebfbd,2026-07-10,fbe9013d-4e1e-50bd-9c47-83a3bf63b435,ec5b37ce-5d28-5863-ab9e-a0ccf1849798,550,2026-09-06T09:02:29.920757+00:00,2026-09-06T09:02:59.286744+00:00
2e77e184-daa0-5515-bf6e-81050a14f405,2026-07-10,d0d1c5ae-5804-564b-93f3-4f8197e88acc,7a7a3fdb-6391-53f9-8bd9-df3407629f76,1303,2026-09-06T09:02:29.920757+00:00,2026-09-06T09:02:59.286744+00:00
6ac37539-b964-50cd-a6e3-f0633ff6ab12,2026-07-10,d0d1c5ae-5804-564b-93f3-4f8197e88acc,dbfc2058-2059-5d59-9e31-d733ab494bb2,1742,2026-09-06T09:02:29.920757+00:00,2026-09-06T09:02:59.286744+00:00
e1bdd20a-bd43-52bd-8d43-67a163e930db,2026-07-10,d84a9ec1-7b28-54f4-a4a8-a9177fa53327,274c3d65-43dd-5c12-a6d1-7f5e1027d70c,2309,2026-09-06T09:02:29.920757+00:00,2026-09-06T09:02:59.286744+00:00
69bce61c-1b46-5b7e-8cf8-fe176ff499b0,2026-07-10,d84a9ec1-7b28-54f4-a4a8-a9177fa53327,ddfaa455-1f92-559f-8e2e-2e4b0733758a,1401,2026-09-06T09:02:29.920757+00:00,2026-09-06T09:02:59.286744+00:00
3bcb50b5-dd95-5ea0-a021-fe4ff893b5a3,2026-07-11,0a488a58-f45d-550b-8e16-feb5d935622d,b0fe7d40-daa6-5dd5-8ff7-1a8e35c314c5,3119,2026-09-06T09:02:29.920757+00:00,2026-09-06T09:02:59.286744+00:00
5e9cbef6-866d-5201-860b-4bfd6aca379b,2026-07-11,0a488a58-f45d-550b-8e16-feb5d935622d,3e422a3b-8a18-58de-80f2-7d0f5a98c795,1664,2026-09-06T09:02:29.920757+00:00,2026-09-06T09:02:59.286744+00:00
674f2b18-9e8a-5c35-8a65-a9ca3b238fd0,2026-07-11,fbe9013d-4e1e-50bd-9c47-83a3bf63b435,7640fa0b-d04b-51f5-bbfa-15e8edf8d6a0,289,2026-09-06T09:02:29.920757+00:00,2026-09-06T09:02:59.286744+00:00
1c97bece-7f88-5dca-b5ba-e4889dbc3070,2026-07-11,fbe9013d-4e1e-50bd-9c47-83a3bf63b435,f6b2ea38-8cba-5b62-853a-49146b84803f,895,2026-09-06T09:02:29.920757+00:00,2026-09-06T09:02:59.286744+00:00
e6545c02-79de-5dee-9cda-3bff9631c0d0,2026-07-11,fbe9013d-4e1e-50bd-9c47-83a3bf63b435,aba05b6d-bbfa-55c8-91ea-89d87edd3cee,2116,2026-09-06T09:02:29.920757+00:00,2026-09-06T09:02:59.286744+00:00
d4a9a2cb-5002-5fc3-bb72-f9123efa769a,2026-07-11,fbe9013d-4e1e-50bd-9c47-83a3bf63b435,ec5b37ce-5d28-5863-ab9e-a0ccf1849798,413,2026-09-06T09:02:29.920757+00:00,2026-09-06T09:02:59.286744+00:00
88de1e59-b32d-571d-9151-2f4303f2dcf6,2026-07-11,d0d1c5ae-5804-564b-93f3-4f8197e88acc,7a7a3fdb-6391-53f9-8bd9-df3407629f76,1077,2026-09-06T09:02:29.920757+00:00,2026-09-06T09:02:59.286744+00:00
8c958d42-348b-57a5-b575-1ef40ac2ed35,2026-07-11,d0d1c5ae-5804-564b-93f3-4f8197e88acc,dbfc2058-2059-5d59-9e31-d733ab494bb2,916,2026-09-06T09:02:29.920757+00:00,2026-09-06T09:02:59.286744+00:00
3fcd0c89-a2c1-562b-97b5-6d127bc5356e,2026-07-11,d84a9ec1-7b28-54f4-a4a8-a9177fa53327,274c3d65-43dd-5c12-a6d1-7f5e1027d70c,2164,2026-09-06T09:02:29.920757+00:00,2026-09-06T09:02:59.286744+00:00
c5ba9261-bb6b-5be8-bc8f-5abc56589307,2026-07-11,d84a9ec1-7b28-54f4-a4a8-a9177fa53327,ddfaa455-1f92-559f-8e2e-2e4b0733758a,1272,2026-09-06T09:02:29.920757+00:00,2026-09-06T09:02:59.286744+00:00
5757af0f-5c48-564c-8580-2ec46ffd9332,2026-07-13,0a488a58-f45d-550b-8e16-feb5d935622d,b0fe7d40-daa6-5dd5-8ff7-1a8e35c314c5,3865,2026-09-06T09:02:29.920757+00:00,2026-09-06T09:02:59.286744+00:00
d6209e03-87cd-5fef-9b2e-18d4d330c754,2026-07-13,0a488a58-f45d-550b-8e16-feb5d935622d,3e422a3b-8a18-58de-80f2-7d0f5a98c795,2605,2026-09-06T09:02:29.920757+00:00,2026-09-06T09:02:59.286744+00:00
ebd6cd50-a346-5022-ab11-fe8636fb89b6,2026-07-13,fbe9013d-4e1e-50bd-9c47-83a3bf63b435,7640fa0b-d04b-51f5-bbfa-15e8edf8d6a0,403,2026-09-06T09:02:29.920757+00:00,2026-09-06T09:02:59.286744+00:00
b3ad4dfb-f8df-5ced-b2d2-e0dea8b7239b,2026-07-13,fbe9013d-4e1e-50bd-9c47-83a3bf63b435,f6b2ea38-8cba-5b62-853a-49146b84803f,1010,2026-09-06T09:02:29.920757+00:00,2026-09-06T09:02:59.286744+00:00
ccd242d7-c60e-5024-97ea-4ae15c2d2c1d,2026-07-13,fbe9013d-4e1e-50bd-9c47-83a3bf63b435,aba05b6d-bbfa-55c8-91ea-89d87edd3cee,1357,2026-09-06T09:02:29.920757+00:00,2026-09-06T09:02:59.286744+00:00
c1c75861-f31d-552a-bc47-8bde07b3649f,2026-07-13,fbe9013d-4e1e-50bd-9c47-83a3bf63b435,ec5b37ce-5d28-5863-ab9e-a0ccf1849798,1097,2026-09-06T09:02:29.920757+00:00,2026-09-06T09:02:59.286744+00:00
54c41d2e-f101-5c92-a4a1-74ba3a5234ba,2026-07-13,d0d1c5ae-5804-564b-93f3-4f8197e88acc,7a7a3fdb-6391-53f9-8bd9-df3407629f76,1037,2026-09-06T09:02:29.920757+00:00,2026-09-06T09:02:59.286744+00:00
b4f36625-333f-5855-8653-6ecd7c2ecc75,2026-07-13,d0d1c5ae-5804-564b-93f3-4f8197e88acc,dbfc2058-2059-5d59-9e31-d733ab494bb2,2179,2026-09-06T09:02:29.920757+00:00,2026-09-06T09:02:59.286744+00:00
405f443f-8198-5404-bebe-29eeea977f44,2026-07-13,d84a9ec1-7b28-54f4-a4a8-a9177fa53327,274c3d65-43dd-5c12-a6d1-7f5e1027d70c,1483,2026-09-06T09:02:29.920757+00:00,2026-09-06T09:02:59.286744+00:00
60513000-7016-5b9c-9fca-7b1a6824d3c0,2026-07-13,d84a9ec1-7b28-54f4-a4a8-a9177fa53327,ddfaa455-1f92-559f-8e2e-2e4b0733758a,1829,2026-09-06T09:02:29.920757+00:00,2026-09-06T09:02:59.286744+00:00
70671a75-f52b-55db-a3ec-1552088b6e34,2026-07-14,0a488a58-f45d-550b-8e16-feb5d935622d,b0fe7d40-daa6-5dd5-8ff7-1a8e35c314c5,4740,2026-09-06T09:02:29.920757+00:00,2026-09-06T09:02:59.286744+00:00
e61a77ed-b9ea-5523-a129-b0fe9fe8d72b,2026-07-14,0a488a58-f45d-550b-8e16-feb5d935622d,3e422a3b-8a18-58de-80f2-7d0f5a98c795,1769,2026-09-06T09:02:29.920757+00:00,2026-09-06T09:02:59.286744+00:00
7fdad076-e258-5724-bab5-69327f7c5aaa,2026-07-14,fbe9013d-4e1e-50bd-9c47-83a3bf63b435,7640fa0b-d04b-51f5-bbfa-15e8edf8d6a0,697,2026-09-06T09:02:29.920757+00:00,2026-09-06T09:02:59.286744+00:00
9a95a9b2-bc1f-56ab-8ec7-87f511a3fc44,2026-07-14,fbe9013d-4e1e-50bd-9c47-83a3bf63b435,f6b2ea38-8cba-5b62-853a-49146b84803f,618,2026-09-06T09:02:29.920757+00:00,2026-09-06T09:02:59.286744+00:00
dbc81b04-1580-5f9f-8203-b19f00979d5c,2026-07-14,fbe9013d-4e1e-50bd-9c47-83a3bf63b435,aba05b6d-bbfa-55c8-91ea-89d87edd3cee,2106,2026-09-06T09:02:29.920757+00:00,2026-09-06T09:02:59.286744+00:00
32ed8678-469e-5230-8661-4a5663049eb6,2026-07-14,fbe9013d-4e1e-50bd-9c47-83a3bf63b435,ec5b37ce-5d28-5863-ab9e-a0ccf1849798,610,2026-09-06T09:02:29.920757+00:00,2026-09-06T09:02:59.286744+00:00
9b7a9418-4144-518b-aa97-152209d69d2c,2026-07-14,d0d1c5ae-5804-564b-93f3-4f8197e88acc,7a7a3fdb-6391-53f9-8bd9-df3407629f76,733,2026-09-06T09:02:29.920757+00:00,2026-09-06T09:02:59.286744+00:00
2136e32f-5bbf-5868-9785-f82f2c4198a8,2026-07-14,d0d1c5ae-5804-564b-93f3-4f8197e88acc,dbfc2058-2059-5d59-9e31-d733ab494bb2,2234,2026-09-06T09:02:29.920757+00:00,2026-09-06T09:02:59.286744+00:00
68760abd-2a4b-5be2-bc60-98b67fa6dc03,2026-07-14,d84a9ec1-7b28-54f4-a4a8-a9177fa53327,274c3d65-43dd-5c12-a6d1-7f5e1027d70c,3112,2026-09-06T09:02:29.920757+00:00,2026-09-06T09:02:59.286744+00:00
12b939ee-484e-5091-8b24-e019d646adfe,2026-07-14,d84a9ec1-7b28-54f4-a4a8-a9177fa53327,ddfaa455-1f92-559f-8e2e-2e4b0733758a,1792,2026-09-06T09:02:29.920757+00:00,2026-09-06T09:02:59.286744+00:00
77f7e7b8-6e00-5cb0-8f19-5a4306c5869b,2026-07-15,0a488a58-f45d-550b-8e16-feb5d935622d,b0fe7d40-daa6-5dd5-8ff7-1a8e35c314c5,2919,2026-09-06T09:02:29.920757+00:00,2026-09-06T09:02:59.286744+00:00
0befe8c1-28fa-5de6-96d1-50880786d33b,2026-07-15,0a488a58-f45d-550b-8e16-feb5d935622d,3e422a3b-8a18-58de-80f2-7d0f5a98c795,3315,2026-09-06T09:02:29.920757+00:00,2026-09-06T09:02:59.286744+00:00
312b397f-427d-5eb7-8f23-7dde738b4aff,2026-07-15,fbe9013d-4e1e-50bd-9c47-83a3bf63b435,7640fa0b-d04b-51f5-bbfa-15e8edf8d6a0,766,2026-09-06T09:02:29.920757+00:00,2026-09-06T09:02:59.286744+00:00
64c3e6eb-884d-5530-954d-d25c5587745b,2026-07-15,fbe9013d-4e1e-50bd-9c47-83a3bf63b435,f6b2ea38-8cba-5b62-853a-49146b84803f,1946,2026-09-06T09:02:29.920757+00:00,2026-09-06T09:02:59.286744+00:00
2ce5265d-b49d-5458-b05a-2878325ade9b,2026-07-15,fbe9013d-4e1e-50bd-9c47-83a3bf63b435,aba05b6d-bbfa-55c8-91ea-89d87edd3cee,2065,2026-09-06T09:02:29.920757+00:00,2026-09-06T09:02:59.286744+00:00
466c4ce7-d183-59fc-9fb6-1f04b8874984,2026-07-15,fbe9013d-4e1e-50bd-9c47-83a3bf63b435,ec5b37ce-5d28-5863-ab9e-a0ccf1849798,314,2026-09-06T09:02:29.920757+00:00,2026-09-06T09:02:59.286744+00:00
30e53b7b-a5a5-5460-9c00-90158e85db88,2026-07-15,d0d1c5ae-5804-564b-93f3-4f8197e88acc,7a7a3fdb-6391-53f9-8bd9-df3407629f76,1326,2026-09-06T09:02:29.920757+00:00,2026-09-06T09:02:59.286744+00:00
a2420341-7312-531e-a3ca-8eb49d3b41f6,2026-07-15,d0d1c5ae-5804-564b-93f3-4f8197e88acc,dbfc2058-2059-5d59-9e31-d733ab494bb2,1727,2026-09-06T09:02:29.920757+00:00,2026-09-06T09:02:59.286744+00:00
183c4719-15b5-59c4-ab90-9867910d35f0,2026-07-15,d84a9ec1-7b28-54f4-a4a8-a9177fa53327,274c3d65-43dd-5c12-a6d1-7f5e1027d70c,4594,2026-09-06T09:02:29.920757+00:00,2026-09-06T09:02:59.286744+00:00
5457102d-8a8f-5f8e-9cf1-5d2fa0e3c4c6,2026-07-15,d84a9ec1-7b28-54f4-a4a8-a9177fa53327,ddfaa455-1f92-559f-8e2e-2e4b0733758a,722,2026-09-06T09:02:29.920757+00:00,2026-09-06T09:02:59.286744+00:00
a3a91ffa-5c7f-591c-b0a4-4a23c59ebef1,2026-07-16,0a488a58-f45d-550b-8e16-feb5d935622d,b0fe7d40-daa6-5dd5-8ff7-1a8e35c314c5,1178,2026-09-06T09:02:29.920757+00:00,2026-09-06T09:02:59.286744+00:00
2df68ae9-5df1-59d7-9634-2673adf8f144,2026-07-16,0a488a58-f45d-550b-8e16-feb5d935622d,3e422a3b-8a18-58de-80f2-7d0f5a98c795,4327,2026-09-06T09:02:29.920757+00:00,2026-09-06T09:02:59.286744+00:00
9f5b6a97-57b2-540b-a97b-ffd27a2e3e09,2026-07-16,fbe9013d-4e1e-50bd-9c47-83a3bf63b435,7640fa0b-d04b-51f5-bbfa-15e8edf8d6a0,1087,2026-09-06T09:02:29.920757+00:00,2026-09-06T09:02:59.286744+00:00
3de038d6-444d-56df-bb0e-a59e9c862a9d,2026-07-16,fbe9013d-4e1e-50bd-9c47-83a3bf63b435,f6b2ea38-8cba-5b62-853a-49146b84803f,958,2026-09-06T09:02:29.920757+00:00,2026-09-06T09:02:59.286744+00:00
6217610f-770a-5963-8689-0731ec232f2f,2026-07-16,fbe9013d-4e1e-50bd-9c47-83a3bf63b435,aba05b6d-bbfa-55c8-91ea-89d87edd3cee,774,2026-09-06T09:02:29.920757+00:00,2026-09-06T09:02:59.286744+00:00
b8215eaa-36c8-5bc2-86e1-0b89d2d9cdff,2026-07-16,fbe9013d-4e1e-50bd-9c47-83a3bf63b435,ec5b37ce-5d28-5863-ab9e-a0ccf1849798,1143,2026-09-06T09:02:29.920757+00:00,2026-09-06T09:02:59.286744+00:00
fd754c08-ad87-5b1d-93d4-41d27552407d,2026-07-16,d0d1c5ae-5804-564b-93f3-4f8197e88acc,7a7a3fdb-6391-53f9-8bd9-df3407629f76,1053,2026-09-06T09:02:29.920757+00:00,2026-09-06T09:02:59.286744+00:00
9110cd44-51da-59ae-bf15-6c91c71b3299,2026-07-16,d0d1c5ae-5804-564b-93f3-4f8197e88acc,dbfc2058-2059-5d59-9e31-d733ab494bb2,1714,2026-09-06T09:02:29.920757+00:00,2026-09-06T09:02:59.286744+00:00
8843c9af-86d2-5c93-886f-6363ccb62db0,2026-07-16,d84a9ec1-7b28-54f4-a4a8-a9177fa53327,274c3d65-43dd-5c12-a6d1-7f5e1027d70c,2414,2026-09-06T09:02:29.920757+00:00,2026-09-06T09:02:59.286744+00:00
62d3b0e6-092b-5860-90c8-4a88650fbbe0,2026-07-16,d84a9ec1-7b28-54f4-a4a8-a9177fa53327,ddfaa455-1f92-559f-8e2e-2e4b0733758a,1643,2026-09-06T09:02:29.920757+00:00,2026-09-06T09:02:59.286744+00:00
01d71de2-822a-5914-a2ff-ef2f989a3b82,2026-07-17,0a488a58-f45d-550b-8e16-feb5d935622d,b0fe7d40-daa6-5dd5-8ff7-1a8e35c314c5,4791,2026-09-06T09:02:29.920757+00:00,2026-09-06T09:02:59.286744+00:00
b2e9f519-1de1-5f07-a491-ef54ba4e5ed6,2026-07-17,0a488a58-f45d-550b-8e16-feb5d935622d,3e422a3b-8a18-58de-80f2-7d0f5a98c795,1408,2026-09-06T09:02:29.920757+00:00,2026-09-06T09:02:59.286744+00:00
13a0385c-8506-5f9b-af9b-2759db215172,2026-07-17,fbe9013d-4e1e-50bd-9c47-83a3bf63b435,7640fa0b-d04b-51f5-bbfa-15e8edf8d6a0,435,2026-09-06T09:02:29.920757+00:00,2026-09-06T09:02:59.286744+00:00
c5701894-92fb-55de-b679-5541fcbd83b1,2026-07-17,fbe9013d-4e1e-50bd-9c47-83a3bf63b435,f6b2ea38-8cba-5b62-853a-49146b84803f,1628,2026-09-06T09:02:29.920757+00:00,2026-09-06T09:02:59.286744+00:00
957f864b-fa2a-5627-b2f9-f81d89262020,2026-07-17,fbe9013d-4e1e-50bd-9c47-83a3bf63b435,aba05b6d-bbfa-55c8-91ea-89d87edd3cee,2026,2026-09-06T09:02:29.920757+00:00,2026-09-06T09:02:59.286744+00:00
954684f4-febe-5fbc-bb1f-eb8545a14afb,2026-07-17,fbe9013d-4e1e-50bd-9c47-83a3bf63b435,ec5b37ce-5d28-5863-ab9e-a0ccf1849798,282,2026-09-06T09:02:29.920757+00:00,2026-09-06T09:02:59.286744+00:00
fbe7f6a5-1a34-56a6-aa4a-d11214cf794f,2026-07-17,d0d1c5ae-5804-564b-93f3-4f8197e88acc,7a7a3fdb-6391-53f9-8bd9-df3407629f76,1580,2026-09-06T09:02:29.920757+00:00,2026-09-06T09:02:59.286744+00:00
c056c2bb-cee1-5d9e-be47-40c4a3634b3a,2026-07-17,d0d1c5ae-5804-564b-93f3-4f8197e88acc,dbfc2058-2059-5d59-9e31-d733ab494bb2,1288,2026-09-06T09:02:29.920757+00:00,2026-09-06T09:02:59.286744+00:00
470a34a1-331e-5cd5-a9c5-1628bed5b8f8,2026-07-17,d84a9ec1-7b28-54f4-a4a8-a9177fa53327,274c3d65-43dd-5c12-a6d1-7f5e1027d70c,2289,2026-09-06T09:02:29.920757+00:00,2026-09-06T09:02:59.286744+00:00
e59ca5ab-0623-563f-804b-5999215ca4fd,2026-07-17,d84a9ec1-7b28-54f4-a4a8-a9177fa53327,ddfaa455-1f92-559f-8e2e-2e4b0733758a,1739,2026-09-06T09:02:29.920757+00:00,2026-09-06T09:02:59.286744+00:00
5bb2dc6f-3730-5f54-bc48-560258d0e75f,2026-07-18,0a488a58-f45d-550b-8e16-feb5d935622d,b0fe7d40-daa6-5dd5-8ff7-1a8e35c314c5,1343,2026-09-06T09:02:29.920757+00:00,2026-09-06T09:02:59.286744+00:00
4cceef93-6fc2-54ad-a4c0-5612167dda12,2026-07-18,0a488a58-f45d-550b-8e16-feb5d935622d,3e422a3b-8a18-58de-80f2-7d0f5a98c795,2881,2026-09-06T09:02:29.920757+00:00,2026-09-06T09:02:59.286744+00:00
0327d52a-0414-5fa2-900e-c035125bad50,2026-07-18,fbe9013d-4e1e-50bd-9c47-83a3bf63b435,7640fa0b-d04b-51f5-bbfa-15e8edf8d6a0,1374,2026-09-06T09:02:29.920757+00:00,2026-09-06T09:02:59.286744+00:00
ed13f581-e272-5447-8028-daa92adb2888,2026-07-18,fbe9013d-4e1e-50bd-9c47-83a3bf63b435,f6b2ea38-8cba-5b62-853a-49146b84803f,251,2026-09-06T09:02:29.920757+00:00,2026-09-06T09:02:59.286744+00:00
22aaa46a-acb3-5b50-9aa7-0e6a47ab1fbb,2026-07-18,fbe9013d-4e1e-50bd-9c47-83a3bf63b435,aba05b6d-bbfa-55c8-91ea-89d87edd3cee,954,2026-09-06T09:02:29.920757+00:00,2026-09-06T09:02:59.286744+00:00
ae3a7d18-dbe4-5c32-a520-a6c4ac68bc5e,2026-07-18,fbe9013d-4e1e-50bd-9c47-83a3bf63b435,ec5b37ce-5d28-5863-ab9e-a0ccf1849798,634,2026-09-06T09:02:29.920757+00:00,2026-09-06T09:02:59.286744+00:00
e98f1bec-5ff2-5494-b3e4-ee9a39aff3a1,2026-07-18,d0d1c5ae-5804-564b-93f3-4f8197e88acc,7a7a3fdb-6391-53f9-8bd9-df3407629f76,1102,2026-09-06T09:02:29.920757+00:00,2026-09-06T09:02:59.286744+00:00
b5285822-45e0-5002-8755-c0660d6da9b0,2026-07-18,d0d1c5ae-5804-564b-93f3-4f8197e88acc,dbfc2058-2059-5d59-9e31-d733ab494bb2,631,2026-09-06T09:02:29.920757+00:00,2026-09-06T09:02:59.286744+00:00
848dabe7-3d15-5306-9d19-3e141c1c46c6,2026-07-18,d84a9ec1-7b28-54f4-a4a8-a9177fa53327,274c3d65-43dd-5c12-a6d1-7f5e1027d70c,2735,2026-09-06T09:02:29.920757+00:00,2026-09-06T09:02:59.286744+00:00
fbc62f8b-1758-5b06-8bb6-8d1cd2b89030,2026-07-18,d84a9ec1-7b28-54f4-a4a8-a9177fa53327,ddfaa455-1f92-559f-8e2e-2e4b0733758a,977,2026-09-06T09:02:29.920757+00:00,2026-09-06T09:02:59.286744+00:00
5be8c323-4541-595d-bd9a-deea3893b05e,2026-07-20,0a488a58-f45d-550b-8e16-feb5d935622d,b0fe7d40-daa6-5dd5-8ff7-1a8e35c314c5,5302,2026-09-06T09:02:29.920757+00:00,2026-09-06T09:02:59.286744+00:00
ebb05675-7cc3-5077-8370-3bf651148968,2026-07-20,0a488a58-f45d-550b-8e16-feb5d935622d,3e422a3b-8a18-58de-80f2-7d0f5a98c795,1454,2026-09-06T09:02:29.920757+00:00,2026-09-06T09:02:59.286744+00:00
a43a67db-fc38-5360-82f0-a867ccfc84dd,2026-07-20,fbe9013d-4e1e-50bd-9c47-83a3bf63b435,7640fa0b-d04b-51f5-bbfa-15e8edf8d6a0,805,2026-09-06T09:02:29.920757+00:00,2026-09-06T09:02:59.286744+00:00
69f73789-feb8-5cf1-b964-0132462f1662,2026-07-20,fbe9013d-4e1e-50bd-9c47-83a3bf63b435,f6b2ea38-8cba-5b62-853a-49146b84803f,1257,2026-09-06T09:02:29.920757+00:00,2026-09-06T09:02:59.286744+00:00
4dcde2a2-c1aa-54d1-84de-ed6a7766bb9a,2026-07-20,fbe9013d-4e1e-50bd-9c47-83a3bf63b435,aba05b6d-bbfa-55c8-91ea-89d87edd3cee,2080,2026-09-06T09:02:29.920757+00:00,2026-09-06T09:02:59.286744+00:00
06f2d0d4-571e-5ed4-b380-97cae7a75a34,2026-07-20,fbe9013d-4e1e-50bd-9c47-83a3bf63b435,ec5b37ce-5d28-5863-ab9e-a0ccf1849798,862,2026-09-06T09:02:29.920757+00:00,2026-09-06T09:02:59.286744+00:00
2648c4a0-46c4-5cd0-bfdb-140d825aeedc,2026-07-20,d0d1c5ae-5804-564b-93f3-4f8197e88acc,7a7a3fdb-6391-53f9-8bd9-df3407629f76,1568,2026-09-06T09:02:29.920757+00:00,2026-09-06T09:02:59.286744+00:00
ef77ded4-8475-5507-8587-ca5f59a0fd8d,2026-07-20,d0d1c5ae-5804-564b-93f3-4f8197e88acc,dbfc2058-2059-5d59-9e31-d733ab494bb2,1308,2026-09-06T09:02:29.920757+00:00,2026-09-06T09:02:59.286744+00:00
88d56caf-9120-55be-8fd5-1539782337eb,2026-07-20,d84a9ec1-7b28-54f4-a4a8-a9177fa53327,274c3d65-43dd-5c12-a6d1-7f5e1027d70c,3111,2026-09-06T09:02:29.920757+00:00,2026-09-06T09:02:59.286744+00:00
566fccce-024b-5cc2-9f7e-7c56224b820f,2026-07-20,d84a9ec1-7b28-54f4-a4a8-a9177fa53327,ddfaa455-1f92-559f-8e2e-2e4b0733758a,1681,2026-09-06T09:02:29.920757+00:00,2026-09-06T09:02:59.286744+00:00
9b683a65-5365-5857-b52c-d0924a7c8d71,2026-07-21,0a488a58-f45d-550b-8e16-feb5d935622d,b0fe7d40-daa6-5dd5-8ff7-1a8e35c314c5,3564,2026-09-06T09:02:29.920757+00:00,2026-09-06T09:02:59.286744+00:00
66e4b8be-1fb6-5454-84db-82dd917a5dbd,2026-07-21,0a488a58-f45d-550b-8e16-feb5d935622d,3e422a3b-8a18-58de-80f2-7d0f5a98c795,2290,2026-09-06T09:02:29.920757+00:00,2026-09-06T09:02:59.286744+00:00
2fb099aa-1341-56a3-8253-74e1f6c65973,2026-07-21,fbe9013d-4e1e-50bd-9c47-83a3bf63b435,7640fa0b-d04b-51f5-bbfa-15e8edf8d6a0,1524,2026-09-06T09:02:29.920757+00:00,2026-09-06T09:02:59.286744+00:00
24c823a5-7eaf-58a7-92e3-3187280cfcbd,2026-07-21,fbe9013d-4e1e-50bd-9c47-83a3bf63b435,f6b2ea38-8cba-5b62-853a-49146b84803f,1975,2026-09-06T09:02:29.920757+00:00,2026-09-06T09:02:59.286744+00:00
0ffa21f7-6326-53ae-aaf3-b900788231c0,2026-07-21,fbe9013d-4e1e-50bd-9c47-83a3bf63b435,aba05b6d-bbfa-55c8-91ea-89d87edd3cee,1415,2026-09-06T09:02:29.920757+00:00,2026-09-06T09:02:59.286744+00:00
92b0c22d-c678-52ee-ae72-994c976d1b22,2026-07-21,d0d1c5ae-5804-564b-93f3-4f8197e88acc,7a7a3fdb-6391-53f9-8bd9-df3407629f76,1033,2026-09-06T09:02:29.920757+00:00,2026-09-06T09:02:59.286744+00:00
4aa42677-48bb-580a-9307-0c482ad0d4f7,2026-07-21,d0d1c5ae-5804-564b-93f3-4f8197e88acc,dbfc2058-2059-5d59-9e31-d733ab494bb2,1754,2026-09-06T09:02:29.920757+00:00,2026-09-06T09:02:59.286744+00:00
fca26c37-daa6-5f78-9cbf-deb917e8b3ce,2026-07-21,d84a9ec1-7b28-54f4-a4a8-a9177fa53327,274c3d65-43dd-5c12-a6d1-7f5e1027d70c,4002,2026-09-06T09:02:29.920757+00:00,2026-09-06T09:02:59.286744+00:00
5cf7c628-fb89-56fe-bdcf-964f27fb4877,2026-07-21,d84a9ec1-7b28-54f4-a4a8-a9177fa53327,ddfaa455-1f92-559f-8e2e-2e4b0733758a,1327,2026-09-06T09:02:29.920757+00:00,2026-09-06T09:02:59.286744+00:00
800a3712-5b64-5ae4-9035-861757efa63d,2026-07-22,0a488a58-f45d-550b-8e16-feb5d935622d,b0fe7d40-daa6-5dd5-8ff7-1a8e35c314c5,2950,2026-09-06T09:02:29.920757+00:00,2026-09-06T09:02:59.286744+00:00
ebb5ac07-1f6c-5e08-926e-94ea14237f81,2026-07-22,0a488a58-f45d-550b-8e16-feb5d935622d,3e422a3b-8a18-58de-80f2-7d0f5a98c795,2850,2026-09-06T09:02:29.920757+00:00,2026-09-06T09:02:59.286744+00:00
07a67461-a1d3-58f0-82f7-d7174983721e,2026-07-22,fbe9013d-4e1e-50bd-9c47-83a3bf63b435,7640fa0b-d04b-51f5-bbfa-15e8edf8d6a0,390,2026-09-06T09:02:29.920757+00:00,2026-09-06T09:02:59.286744+00:00
04616f2b-d5c1-53f7-9585-824eb2c67496,2026-07-22,fbe9013d-4e1e-50bd-9c47-83a3bf63b435,f6b2ea38-8cba-5b62-853a-49146b84803f,1344,2026-09-06T09:02:29.920757+00:00,2026-09-06T09:02:59.286744+00:00
ce13b4dc-77d5-5b3c-bef3-192bdab5eeb6,2026-07-22,fbe9013d-4e1e-50bd-9c47-83a3bf63b435,aba05b6d-bbfa-55c8-91ea-89d87edd3cee,1356,2026-09-06T09:02:29.920757+00:00,2026-09-06T09:02:59.286744+00:00
57314f18-a61e-54d8-83e4-00a0da9a373d,2026-07-22,fbe9013d-4e1e-50bd-9c47-83a3bf63b435,ec5b37ce-5d28-5863-ab9e-a0ccf1849798,1189,2026-09-06T09:02:29.920757+00:00,2026-09-06T09:02:59.286744+00:00
aec979d4-9e68-5ff2-b5d9-a7a6b90023e8,2026-07-22,d0d1c5ae-5804-564b-93f3-4f8197e88acc,7a7a3fdb-6391-53f9-8bd9-df3407629f76,1568,2026-09-06T09:02:29.920757+00:00,2026-09-06T09:02:59.286744+00:00
2f2efb77-38da-5018-81a8-6f06172e3981,2026-07-22,d0d1c5ae-5804-564b-93f3-4f8197e88acc,dbfc2058-2059-5d59-9e31-d733ab494bb2,1232,2026-09-06T09:02:29.920757+00:00,2026-09-06T09:02:59.286744+00:00
7ef4b9d0-dd1a-5f7b-b75d-a42ff2ba6973,2026-07-22,d84a9ec1-7b28-54f4-a4a8-a9177fa53327,274c3d65-43dd-5c12-a6d1-7f5e1027d70c,2898,2026-09-06T09:02:29.920757+00:00,2026-09-06T09:02:59.286744+00:00
ddc4e7fd-ffed-5d7b-8f95-8979d1830536,2026-07-22,d84a9ec1-7b28-54f4-a4a8-a9177fa53327,ddfaa455-1f92-559f-8e2e-2e4b0733758a,1454,2026-09-06T09:02:29.920757+00:00,2026-09-06T09:02:59.286744+00:00
8b264058-5015-5536-8927-b9938bb5bea9,2026-07-23,0a488a58-f45d-550b-8e16-feb5d935622d,b0fe7d40-daa6-5dd5-8ff7-1a8e35c314c5,4168,2026-09-06T09:02:29.920757+00:00,2026-09-06T09:02:59.286744+00:00
b08041cb-bdfb-5340-b420-cbe41043d572,2026-07-23,0a488a58-f45d-550b-8e16-feb5d935622d,3e422a3b-8a18-58de-80f2-7d0f5a98c795,1427,2026-09-06T09:02:29.920757+00:00,2026-09-06T09:02:59.286744+00:00
2a36b1dd-ed61-51df-a9bf-01862c5cdf86,2026-07-23,fbe9013d-4e1e-50bd-9c47-83a3bf63b435,7640fa0b-d04b-51f5-bbfa-15e8edf8d6a0,848,2026-09-06T09:02:29.920757+00:00,2026-09-06T09:02:59.286744+00:00
7de78c50-32dc-5fb5-8a5a-eb085f552c44,2026-07-23,fbe9013d-4e1e-50bd-9c47-83a3bf63b435,f6b2ea38-8cba-5b62-853a-49146b84803f,1351,2026-09-06T09:02:29.920757+00:00,2026-09-06T09:02:59.286744+00:00
08ba085e-b407-5e95-b5b3-12a2f7dc25b4,2026-07-23,fbe9013d-4e1e-50bd-9c47-83a3bf63b435,aba05b6d-bbfa-55c8-91ea-89d87edd3cee,2627,2026-09-06T09:02:29.920757+00:00,2026-09-06T09:02:59.286744+00:00
5dc6204b-4bb9-558d-baff-ce0d7497659a,2026-07-23,fbe9013d-4e1e-50bd-9c47-83a3bf63b435,ec5b37ce-5d28-5863-ab9e-a0ccf1849798,535,2026-09-06T09:02:29.920757+00:00,2026-09-06T09:02:59.286744+00:00
10a4eb84-cdf5-5309-8b2e-e6b571f73c3e,2026-07-23,d0d1c5ae-5804-564b-93f3-4f8197e88acc,7a7a3fdb-6391-53f9-8bd9-df3407629f76,1230,2026-09-06T09:02:29.920757+00:00,2026-09-06T09:02:59.286744+00:00
252d3583-f14a-58d1-b13c-0c9861408782,2026-07-23,d0d1c5ae-5804-564b-93f3-4f8197e88acc,dbfc2058-2059-5d59-9e31-d733ab494bb2,1298,2026-09-06T09:02:29.920757+00:00,2026-09-06T09:02:59.286744+00:00
668eea8c-59e3-56f6-8e48-ff47fca4d5d4,2026-07-23,d84a9ec1-7b28-54f4-a4a8-a9177fa53327,274c3d65-43dd-5c12-a6d1-7f5e1027d70c,786,2026-09-06T09:02:29.920757+00:00,2026-09-06T09:02:59.286744+00:00
80523a98-59e4-50e3-ac16-20dfeec0d079,2026-07-23,d84a9ec1-7b28-54f4-a4a8-a9177fa53327,ddfaa455-1f92-559f-8e2e-2e4b0733758a,2145,2026-09-06T09:02:29.920757+00:00,2026-09-06T09:02:59.286744+00:00
afcdd4fb-7043-522d-b9a0-928932bfc4a6,2026-07-24,0a488a58-f45d-550b-8e16-feb5d935622d,b0fe7d40-daa6-5dd5-8ff7-1a8e35c314c5,2349,2026-09-06T09:02:29.920757+00:00,2026-09-06T09:02:59.286744+00:00
0c12cbca-2150-50f4-a040-9d9d734d0269,2026-07-24,0a488a58-f45d-550b-8e16-feb5d935622d,3e422a3b-8a18-58de-80f2-7d0f5a98c795,3669,2026-09-06T09:02:29.920757+00:00,2026-09-06T09:02:59.286744+00:00
a3773a4b-a045-5daa-a523-da558c2bc1ce,2026-07-24,fbe9013d-4e1e-50bd-9c47-83a3bf63b435,7640fa0b-d04b-51f5-bbfa-15e8edf8d6a0,825,2026-09-06T09:02:29.920757+00:00,2026-09-06T09:02:59.286744+00:00
7f58cdb7-b02a-53a2-b1db-e98f3936d1cb,2026-07-24,fbe9013d-4e1e-50bd-9c47-83a3bf63b435,f6b2ea38-8cba-5b62-853a-49146b84803f,297,2026-09-06T09:02:29.920757+00:00,2026-09-06T09:02:59.286744+00:00
13a32d17-f5a9-5699-bf28-e484140647de,2026-07-24,fbe9013d-4e1e-50bd-9c47-83a3bf63b435,aba05b6d-bbfa-55c8-91ea-89d87edd3cee,4167,2026-09-06T09:02:29.920757+00:00,2026-09-06T09:02:59.286744+00:00
6cb46527-ebe1-5acc-b0dc-a521ceec0612,2026-07-24,fbe9013d-4e1e-50bd-9c47-83a3bf63b435,ec5b37ce-5d28-5863-ab9e-a0ccf1849798,826,2026-09-06T09:02:29.920757+00:00,2026-09-06T09:02:59.286744+00:00
a8c9d699-25dd-572a-871a-144760ef4f29,2026-07-24,d0d1c5ae-5804-564b-93f3-4f8197e88acc,7a7a3fdb-6391-53f9-8bd9-df3407629f76,1528,2026-09-06T09:02:29.920757+00:00,2026-09-06T09:02:59.286744+00:00
678225cb-3fc2-54e6-80d1-862db6a5335d,2026-07-24,d0d1c5ae-5804-564b-93f3-4f8197e88acc,dbfc2058-2059-5d59-9e31-d733ab494bb2,1244,2026-09-06T09:02:29.920757+00:00,2026-09-06T09:02:59.286744+00:00
e0347d35-35d6-5b2f-8ec1-24682ae0d0f1,2026-07-24,d84a9ec1-7b28-54f4-a4a8-a9177fa53327,274c3d65-43dd-5c12-a6d1-7f5e1027d70c,2210,2026-09-06T09:02:29.920757+00:00,2026-09-06T09:02:59.286744+00:00
e0194efa-647e-5e02-9ea2-b323bc72632e,2026-07-24,d84a9ec1-7b28-54f4-a4a8-a9177fa53327,ddfaa455-1f92-559f-8e2e-2e4b0733758a,1427,2026-09-06T09:02:29.920757+00:00,2026-09-06T09:02:59.286744+00:00
8dcfa1a4-2112-59f0-82b4-6cc71a8c14c3,2026-07-25,0a488a58-f45d-550b-8e16-feb5d935622d,b0fe7d40-daa6-5dd5-8ff7-1a8e35c314c5,2543,2026-09-06T09:02:29.920757+00:00,2026-09-06T09:02:59.286744+00:00
59fb8cae-5905-555e-9550-79d69a1eaf96,2026-07-25,0a488a58-f45d-550b-8e16-feb5d935622d,3e422a3b-8a18-58de-80f2-7d0f5a98c795,2025,2026-09-06T09:02:29.920757+00:00,2026-09-06T09:02:59.286744+00:00
55f78473-e0c4-5586-91ad-a02eede1c670,2026-07-25,fbe9013d-4e1e-50bd-9c47-83a3bf63b435,7640fa0b-d04b-51f5-bbfa-15e8edf8d6a0,593,2026-09-06T09:02:29.920757+00:00,2026-09-06T09:02:59.286744+00:00
5192ec0d-c2ed-589d-90a2-2ceeafbd314a,2026-07-25,fbe9013d-4e1e-50bd-9c47-83a3bf63b435,f6b2ea38-8cba-5b62-853a-49146b84803f,928,2026-09-06T09:02:29.920757+00:00,2026-09-06T09:02:59.286744+00:00
0ca7ee3f-d615-5714-9aec-35a7efd94350,2026-07-25,fbe9013d-4e1e-50bd-9c47-83a3bf63b435,aba05b6d-bbfa-55c8-91ea-89d87edd3cee,535,2026-09-06T09:02:29.920757+00:00,2026-09-06T09:02:59.286744+00:00
395764d3-bec2-5a1c-9af0-8de192e846a0,2026-07-25,fbe9013d-4e1e-50bd-9c47-83a3bf63b435,ec5b37ce-5d28-5863-ab9e-a0ccf1849798,605,2026-09-06T09:02:29.920757+00:00,2026-09-06T09:02:59.286744+00:00
1166273a-1415-54aa-a699-61e7d3afefff,2026-07-25,d0d1c5ae-5804-564b-93f3-4f8197e88acc,7a7a3fdb-6391-53f9-8bd9-df3407629f76,622,2026-09-06T09:02:29.920757+00:00,2026-09-06T09:02:59.286744+00:00
ccfd5ec9-3078-5776-b5a4-b28cdd10e809,2026-07-25,d0d1c5ae-5804-564b-93f3-4f8197e88acc,dbfc2058-2059-5d59-9e31-d733ab494bb2,1827,2026-09-06T09:02:29.920757+00:00,2026-09-06T09:02:59.286744+00:00
8b3f3691-afcf-5526-8133-18215076d179,2026-07-25,d84a9ec1-7b28-54f4-a4a8-a9177fa53327,274c3d65-43dd-5c12-a6d1-7f5e1027d70c,1606,2026-09-06T09:02:29.920757+00:00,2026-09-06T09:02:59.286744+00:00
7ce00c22-5fb5-5021-b157-ff267e9d646c,2026-07-25,d84a9ec1-7b28-54f4-a4a8-a9177fa53327,ddfaa455-1f92-559f-8e2e-2e4b0733758a,1234,2026-09-06T09:02:29.920757+00:00,2026-09-06T09:02:59.286744+00:00
c62b4b01-99ab-5e04-b569-21bbd21290d4,2026-07-27,0a488a58-f45d-550b-8e16-feb5d935622d,b0fe7d40-daa6-5dd5-8ff7-1a8e35c314c5,3582,2026-09-06T09:02:29.920757+00:00,2026-09-06T09:02:59.286744+00:00
4593db66-aeee-5faf-896e-f461cc3e09d5,2026-07-27,0a488a58-f45d-550b-8e16-feb5d935622d,3e422a3b-8a18-58de-80f2-7d0f5a98c795,2232,2026-09-06T09:02:29.920757+00:00,2026-09-06T09:02:59.286744+00:00
dd2661d5-b373-5937-a7bb-b53764af9d37,2026-07-27,fbe9013d-4e1e-50bd-9c47-83a3bf63b435,7640fa0b-d04b-51f5-bbfa-15e8edf8d6a0,1549,2026-09-06T09:02:29.920757+00:00,2026-09-06T09:02:59.286744+00:00
257ada75-23ee-5e86-b3c0-a64321867a1d,2026-07-27,fbe9013d-4e1e-50bd-9c47-83a3bf63b435,f6b2ea38-8cba-5b62-853a-49146b84803f,1231,2026-09-06T09:02:29.920757+00:00,2026-09-06T09:02:59.286744+00:00
0afaadc5-9ca1-56d2-b906-081e7e2b0c1b,2026-07-27,fbe9013d-4e1e-50bd-9c47-83a3bf63b435,aba05b6d-bbfa-55c8-91ea-89d87edd3cee,2955,2026-09-06T09:02:29.920757+00:00,2026-09-06T09:02:59.286744+00:00
905e1153-dd47-5788-b633-92fcef89d323,2026-07-27,d0d1c5ae-5804-564b-93f3-4f8197e88acc,7a7a3fdb-6391-53f9-8bd9-df3407629f76,1310,2026-09-06T09:02:29.920757+00:00,2026-09-06T09:02:59.286744+00:00
3bd1906e-7689-5498-949f-3da8dff05033,2026-07-27,d0d1c5ae-5804-564b-93f3-4f8197e88acc,dbfc2058-2059-5d59-9e31-d733ab494bb2,1308,2026-09-06T09:02:29.920757+00:00,2026-09-06T09:02:59.286744+00:00
7ce07c27-d42f-57dd-b4f2-f709b5144024,2026-07-27,d84a9ec1-7b28-54f4-a4a8-a9177fa53327,274c3d65-43dd-5c12-a6d1-7f5e1027d70c,3144,2026-09-06T09:02:29.920757+00:00,2026-09-06T09:02:59.286744+00:00
4f3ba214-1d2d-5cd5-abba-c571edcb4fe7,2026-07-27,d84a9ec1-7b28-54f4-a4a8-a9177fa53327,ddfaa455-1f92-559f-8e2e-2e4b0733758a,1793,2026-09-06T09:02:29.920757+00:00,2026-09-06T09:02:59.286744+00:00
6c364055-de9b-5f75-b5ea-e36096acb9f2,2026-07-28,0a488a58-f45d-550b-8e16-feb5d935622d,b0fe7d40-daa6-5dd5-8ff7-1a8e35c314c5,2478,2026-09-06T09:02:29.920757+00:00,2026-09-06T09:02:59.286744+00:00
d777368c-14a8-5456-be25-4ae1e294991a,2026-07-28,0a488a58-f45d-550b-8e16-feb5d935622d,3e422a3b-8a18-58de-80f2-7d0f5a98c795,3237,2026-09-06T09:02:29.920757+00:00,2026-09-06T09:02:59.286744+00:00
8e062543-98c6-5cb0-828d-7bc303efe734,2026-07-28,fbe9013d-4e1e-50bd-9c47-83a3bf63b435,7640fa0b-d04b-51f5-bbfa-15e8edf8d6a0,757,2026-09-06T09:02:29.920757+00:00,2026-09-06T09:02:59.286744+00:00
cd25e252-bf32-59f1-a02c-57e9c8f36401,2026-07-28,fbe9013d-4e1e-50bd-9c47-83a3bf63b435,f6b2ea38-8cba-5b62-853a-49146b84803f,1300,2026-09-06T09:02:29.920757+00:00,2026-09-06T09:02:59.286744+00:00
33017aaf-c942-502a-bcd5-3b7ffbec4f5b,2026-07-28,fbe9013d-4e1e-50bd-9c47-83a3bf63b435,aba05b6d-bbfa-55c8-91ea-89d87edd3cee,2929,2026-09-06T09:02:29.920757+00:00,2026-09-06T09:02:59.286744+00:00
ae2dd043-9645-5cc4-884e-cb122f2a5183,2026-07-28,fbe9013d-4e1e-50bd-9c47-83a3bf63b435,ec5b37ce-5d28-5863-ab9e-a0ccf1849798,513,2026-09-06T09:02:29.920757+00:00,2026-09-06T09:02:59.286744+00:00
579014d7-4f4c-5588-974a-93619db6adf2,2026-07-28,d0d1c5ae-5804-564b-93f3-4f8197e88acc,7a7a3fdb-6391-53f9-8bd9-df3407629f76,1214,2026-09-06T09:02:29.920757+00:00,2026-09-06T09:02:59.286744+00:00
53d9d679-0fdf-5b24-86c7-ac2694554ebd,2026-07-28,d0d1c5ae-5804-564b-93f3-4f8197e88acc,dbfc2058-2059-5d59-9e31-d733ab494bb2,1857,2026-09-06T09:02:29.920757+00:00,2026-09-06T09:02:59.286744+00:00
18e31acb-5616-5f8e-be4a-0b186b3803c2,2026-07-28,d84a9ec1-7b28-54f4-a4a8-a9177fa53327,274c3d65-43dd-5c12-a6d1-7f5e1027d70c,3768,2026-09-06T09:02:29.920757+00:00,2026-09-06T09:02:59.286744+00:00
81aae381-ecee-5c32-aba1-b04bf2090234,2026-07-28,d84a9ec1-7b28-54f4-a4a8-a9177fa53327,ddfaa455-1f92-559f-8e2e-2e4b0733758a,1426,2026-09-06T09:02:29.920757+00:00,2026-09-06T09:02:59.286744+00:00
1492b259-9f5f-5ff8-8bc1-8b194558edb4,2026-07-29,0a488a58-f45d-550b-8e16-feb5d935622d,b0fe7d40-daa6-5dd5-8ff7-1a8e35c314c5,4295,2026-09-06T09:02:29.920757+00:00,2026-09-06T09:02:59.286744+00:00
916e484e-e303-58c1-9354-d0c88ce6ff15,2026-07-29,0a488a58-f45d-550b-8e16-feb5d935622d,3e422a3b-8a18-58de-80f2-7d0f5a98c795,1725,2026-09-06T09:02:29.920757+00:00,2026-09-06T09:02:59.286744+00:00
e9a1e44d-864b-5f27-931d-0ccea376e34e,2026-07-29,fbe9013d-4e1e-50bd-9c47-83a3bf63b435,7640fa0b-d04b-51f5-bbfa-15e8edf8d6a0,737,2026-09-06T09:02:29.920757+00:00,2026-09-06T09:02:59.286744+00:00
1a2140be-7b2b-5f4f-b661-c0e355e3837b,2026-07-29,fbe9013d-4e1e-50bd-9c47-83a3bf63b435,f6b2ea38-8cba-5b62-853a-49146b84803f,2188,2026-09-06T09:02:29.920757+00:00,2026-09-06T09:02:59.286744+00:00
f1aec5a1-0cba-58ca-ab6c-fe81bb5c3aba,2026-07-29,fbe9013d-4e1e-50bd-9c47-83a3bf63b435,aba05b6d-bbfa-55c8-91ea-89d87edd3cee,1449,2026-09-06T09:02:29.920757+00:00,2026-09-06T09:02:59.286744+00:00
7f61c76e-fcd7-523e-86eb-8a68dae4fb79,2026-07-29,fbe9013d-4e1e-50bd-9c47-83a3bf63b435,ec5b37ce-5d28-5863-ab9e-a0ccf1849798,291,2026-09-06T09:02:29.920757+00:00,2026-09-06T09:02:59.286744+00:00
be562f45-7112-52b0-bf5c-bf434d1818c3,2026-07-29,d0d1c5ae-5804-564b-93f3-4f8197e88acc,7a7a3fdb-6391-53f9-8bd9-df3407629f76,1233,2026-09-06T09:02:29.920757+00:00,2026-09-06T09:02:59.286744+00:00
c3aa00de-0005-5f97-bfc9-5c784e788a25,2026-07-29,d0d1c5ae-5804-564b-93f3-4f8197e88acc,dbfc2058-2059-5d59-9e31-d733ab494bb2,1697,2026-09-06T09:02:29.920757+00:00,2026-09-06T09:02:59.286744+00:00
be0f1d57-a30c-5f4c-bb5d-e72108cf085f,2026-07-29,d84a9ec1-7b28-54f4-a4a8-a9177fa53327,274c3d65-43dd-5c12-a6d1-7f5e1027d70c,3715,2026-09-06T09:02:29.920757+00:00,2026-09-06T09:02:59.286744+00:00
419917ea-1d82-51ee-a692-b341689c8f0e,2026-07-29,d84a9ec1-7b28-54f4-a4a8-a9177fa53327,ddfaa455-1f92-559f-8e2e-2e4b0733758a,1410,2026-09-06T09:02:29.920757+00:00,2026-09-06T09:02:59.286744+00:00
1fb50c01-39f3-5285-a2b3-2e52cd23f2e1,2026-07-30,0a488a58-f45d-550b-8e16-feb5d935622d,b0fe7d40-daa6-5dd5-8ff7-1a8e35c314c5,3117,2026-09-06T09:02:29.920757+00:00,2026-09-06T09:02:59.286744+00:00
9ede38f6-12b9-5819-acaa-f335064bd0e1,2026-07-30,0a488a58-f45d-550b-8e16-feb5d935622d,3e422a3b-8a18-58de-80f2-7d0f5a98c795,3095,2026-09-06T09:02:29.920757+00:00,2026-09-06T09:02:59.286744+00:00
678bf3f6-9453-5239-8f9c-ba62e49c9598,2026-07-30,fbe9013d-4e1e-50bd-9c47-83a3bf63b435,7640fa0b-d04b-51f5-bbfa-15e8edf8d6a0,1203,2026-09-06T09:02:29.920757+00:00,2026-09-06T09:02:59.286744+00:00
dce8b3cd-964a-55af-9d4f-58da5222cb33,2026-07-30,fbe9013d-4e1e-50bd-9c47-83a3bf63b435,f6b2ea38-8cba-5b62-853a-49146b84803f,672,2026-09-06T09:02:29.920757+00:00,2026-09-06T09:02:59.286744+00:00
c1769cdb-6fa7-57a6-bf34-f0052842f9e1,2026-07-30,fbe9013d-4e1e-50bd-9c47-83a3bf63b435,aba05b6d-bbfa-55c8-91ea-89d87edd3cee,4107,2026-09-06T09:02:29.920757+00:00,2026-09-06T09:02:59.286744+00:00
1d0aa8ae-b5ee-50fc-93b7-cea9aeb49b8d,2026-07-30,d0d1c5ae-5804-564b-93f3-4f8197e88acc,7a7a3fdb-6391-53f9-8bd9-df3407629f76,1576,2026-09-06T09:02:29.920757+00:00,2026-09-06T09:02:59.286744+00:00
abf6d341-052b-508a-a1ea-1421a88ca14f,2026-07-30,d0d1c5ae-5804-564b-93f3-4f8197e88acc,dbfc2058-2059-5d59-9e31-d733ab494bb2,1328,2026-09-06T09:02:29.920757+00:00,2026-09-06T09:02:59.286744+00:00
9d7e749f-c433-5b11-8039-c51d7b4b39f1,2026-07-30,d84a9ec1-7b28-54f4-a4a8-a9177fa53327,274c3d65-43dd-5c12-a6d1-7f5e1027d70c,2126,2026-09-06T09:02:29.920757+00:00,2026-09-06T09:02:59.286744+00:00
6c81e868-7906-52ca-a22d-255de6e6da7a,2026-07-30,d84a9ec1-7b28-54f4-a4a8-a9177fa53327,ddfaa455-1f92-559f-8e2e-2e4b0733758a,2191,2026-09-06T09:02:29.920757+00:00,2026-09-06T09:02:59.286744+00:00
241a82b5-f07a-5a26-901b-fb3820d9e5d9,2026-07-31,0a488a58-f45d-550b-8e16-feb5d935622d,b0fe7d40-daa6-5dd5-8ff7-1a8e35c314c5,3633,2026-09-06T09:02:29.920757+00:00,2026-09-06T09:02:59.286744+00:00
94a2e23c-e9df-59a5-8361-a09c1f12f685,2026-07-31,0a488a58-f45d-550b-8e16-feb5d935622d,3e422a3b-8a18-58de-80f2-7d0f5a98c795,2281,2026-09-06T09:02:29.920757+00:00,2026-09-06T09:02:59.286744+00:00
798e6436-9507-5287-afcb-b48da188a72b,2026-07-31,fbe9013d-4e1e-50bd-9c47-83a3bf63b435,7640fa0b-d04b-51f5-bbfa-15e8edf8d6a0,771,2026-09-06T09:02:29.920757+00:00,2026-09-06T09:02:59.286744+00:00
2a9ad633-c881-590c-9f8d-6714c069a1bf,2026-07-31,fbe9013d-4e1e-50bd-9c47-83a3bf63b435,f6b2ea38-8cba-5b62-853a-49146b84803f,939,2026-09-06T09:02:29.920757+00:00,2026-09-06T09:02:59.286744+00:00
97a5b542-8690-5b1b-a41c-f88d4a3a8e40,2026-07-31,fbe9013d-4e1e-50bd-9c47-83a3bf63b435,aba05b6d-bbfa-55c8-91ea-89d87edd3cee,2697,2026-09-06T09:02:29.920757+00:00,2026-09-06T09:02:59.286744+00:00
e00a6513-2ea2-5621-9f23-a8d43aee87b0,2026-07-31,d0d1c5ae-5804-564b-93f3-4f8197e88acc,7a7a3fdb-6391-53f9-8bd9-df3407629f76,771,2026-09-06T09:02:29.920757+00:00,2026-09-06T09:02:59.286744+00:00
539552ad-29ed-5631-a597-1317f33e5543,2026-07-31,d0d1c5ae-5804-564b-93f3-4f8197e88acc,dbfc2058-2059-5d59-9e31-d733ab494bb2,2639,2026-09-06T09:02:29.920757+00:00,2026-09-06T09:02:59.286744+00:00
88b47b73-c3e8-516a-b26e-0794ef9000a0,2026-07-31,d84a9ec1-7b28-54f4-a4a8-a9177fa53327,274c3d65-43dd-5c12-a6d1-7f5e1027d70c,4448,2026-09-06T09:02:29.920757+00:00,2026-09-06T09:02:59.286744+00:00
773d5299-7e07-5287-b39a-022337476e30,2026-07-31,d84a9ec1-7b28-54f4-a4a8-a9177fa53327,ddfaa455-1f92-559f-8e2e-2e4b0733758a,1058,2026-09-06T09:02:29.920757+00:00,2026-09-06T09:02:59.286744+00:00
d3d573f9-2aae-54d8-9b26-8ba87630a74d,2026-08-01,0a488a58-f45d-550b-8e16-feb5d935622d,b0fe7d40-daa6-5dd5-8ff7-1a8e35c314c5,1796,2026-09-06T09:02:29.920757+00:00,2026-09-06T09:02:59.286744+00:00
84335a9d-c8cf-5a0f-98b5-1b1579807b93,2026-08-01,0a488a58-f45d-550b-8e16-feb5d935622d,3e422a3b-8a18-58de-80f2-7d0f5a98c795,1900,2026-09-06T09:02:29.920757+00:00,2026-09-06T09:02:59.286744+00:00
2bd2ba0c-5398-506c-9147-5afdaa4b709d,2026-08-01,fbe9013d-4e1e-50bd-9c47-83a3bf63b435,7640fa0b-d04b-51f5-bbfa-15e8edf8d6a0,301,2026-09-06T09:02:29.920757+00:00,2026-09-06T09:02:59.286744+00:00
9edaca57-2091-5ec3-b874-dcc91cfe6c9c,2026-08-01,fbe9013d-4e1e-50bd-9c47-83a3bf63b435,f6b2ea38-8cba-5b62-853a-49146b84803f,1060,2026-09-06T09:02:29.920757+00:00,2026-09-06T09:02:59.286744+00:00
b71f7be8-7fd0-56f3-b8b8-bdfbbb18f468,2026-08-01,fbe9013d-4e1e-50bd-9c47-83a3bf63b435,aba05b6d-bbfa-55c8-91ea-89d87edd3cee,1560,2026-09-06T09:02:29.920757+00:00,2026-09-06T09:02:59.286744+00:00
166b8582-6de1-5186-bbe7-95e3057660fc,2026-08-01,fbe9013d-4e1e-50bd-9c47-83a3bf63b435,ec5b37ce-5d28-5863-ab9e-a0ccf1849798,613,2026-09-06T09:02:29.920757+00:00,2026-09-06T09:02:59.286744+00:00
1c000cfe-e29e-556a-af4e-0a6dd3b16109,2026-08-01,d0d1c5ae-5804-564b-93f3-4f8197e88acc,7a7a3fdb-6391-53f9-8bd9-df3407629f76,953,2026-09-06T09:02:29.920757+00:00,2026-09-06T09:02:59.286744+00:00
b9875195-33c3-511b-bce6-1674b89a9168,2026-08-01,d0d1c5ae-5804-564b-93f3-4f8197e88acc,dbfc2058-2059-5d59-9e31-d733ab494bb2,964,2026-09-06T09:02:29.920757+00:00,2026-09-06T09:02:59.286744+00:00
9caeb737-13d8-5aa2-b8cc-33ac0127c1d2,2026-08-01,d84a9ec1-7b28-54f4-a4a8-a9177fa53327,274c3d65-43dd-5c12-a6d1-7f5e1027d70c,1548,2026-09-06T09:02:29.920757+00:00,2026-09-06T09:02:59.286744+00:00
2c51ea21-a45f-5a0f-bf79-b02661f071d2,2026-08-01,d84a9ec1-7b28-54f4-a4a8-a9177fa53327,ddfaa455-1f92-559f-8e2e-2e4b0733758a,1559,2026-09-06T09:02:29.920757+00:00,2026-09-06T09:02:59.286744+00:00
59cf42bb-9447-576b-bb48-7354877b787b,2026-08-03,0a488a58-f45d-550b-8e16-feb5d935622d,b0fe7d40-daa6-5dd5-8ff7-1a8e35c314c5,4075,2026-09-06T09:02:29.920757+00:00,2026-09-06T09:02:59.286744+00:00
0274449d-55d7-540a-998e-788409d6dca8,2026-08-03,0a488a58-f45d-550b-8e16-feb5d935622d,3e422a3b-8a18-58de-80f2-7d0f5a98c795,2339,2026-09-06T09:02:29.920757+00:00,2026-09-06T09:02:59.286744+00:00
b8aaa62a-2054-5857-9c57-c454d32c5524,2026-08-03,fbe9013d-4e1e-50bd-9c47-83a3bf63b435,7640fa0b-d04b-51f5-bbfa-15e8edf8d6a0,421,2026-09-06T09:02:29.920757+00:00,2026-09-06T09:02:59.286744+00:00
e1d8edb5-9492-5040-9714-3b9c7985038d,2026-08-03,fbe9013d-4e1e-50bd-9c47-83a3bf63b435,f6b2ea38-8cba-5b62-853a-49146b84803f,914,2026-09-06T09:02:29.920757+00:00,2026-09-06T09:02:59.286744+00:00
cf572d56-214d-5b75-8931-233180bcc3f7,2026-08-03,fbe9013d-4e1e-50bd-9c47-83a3bf63b435,aba05b6d-bbfa-55c8-91ea-89d87edd3cee,3430,2026-09-06T09:02:29.920757+00:00,2026-09-06T09:02:59.286744+00:00
914cdd2d-750d-5d84-8da8-865fcf51e60b,2026-08-03,fbe9013d-4e1e-50bd-9c47-83a3bf63b435,ec5b37ce-5d28-5863-ab9e-a0ccf1849798,568,2026-09-06T09:02:29.920757+00:00,2026-09-06T09:02:59.286744+00:00
720a32fc-aebf-50fe-a276-da18b50d3ab7,2026-08-03,d0d1c5ae-5804-564b-93f3-4f8197e88acc,7a7a3fdb-6391-53f9-8bd9-df3407629f76,848,2026-09-06T09:02:29.920757+00:00,2026-09-06T09:02:59.286744+00:00
98398372-9df7-5ea1-a399-f7c03fc4e1c7,2026-08-03,d0d1c5ae-5804-564b-93f3-4f8197e88acc,dbfc2058-2059-5d59-9e31-d733ab494bb2,2538,2026-09-06T09:02:29.920757+00:00,2026-09-06T09:02:59.286744+00:00
b158b23e-b5e3-5428-9e86-9266294656db,2026-08-03,d84a9ec1-7b28-54f4-a4a8-a9177fa53327,274c3d65-43dd-5c12-a6d1-7f5e1027d70c,3862,2026-09-06T09:02:29.920757+00:00,2026-09-06T09:02:59.286744+00:00
d44d7fd4-4b67-5dd7-8995-3896b54212d9,2026-08-03,d84a9ec1-7b28-54f4-a4a8-a9177fa53327,ddfaa455-1f92-559f-8e2e-2e4b0733758a,1072,2026-09-06T09:02:29.920757+00:00,2026-09-06T09:02:59.286744+00:00
dba9a348-c516-5e1e-9534-ba376dbeb727,2026-08-04,0a488a58-f45d-550b-8e16-feb5d935622d,b0fe7d40-daa6-5dd5-8ff7-1a8e35c314c5,3595,2026-09-06T09:02:29.920757+00:00,2026-09-06T09:02:59.286744+00:00
10b3e16b-1252-5658-8761-c927a19a2ee1,2026-08-04,0a488a58-f45d-550b-8e16-feb5d935622d,3e422a3b-8a18-58de-80f2-7d0f5a98c795,2244,2026-09-06T09:02:29.920757+00:00,2026-09-06T09:02:59.286744+00:00
fa981b5a-e409-5ecb-8154-246fedc33d4c,2026-08-04,fbe9013d-4e1e-50bd-9c47-83a3bf63b435,7640fa0b-d04b-51f5-bbfa-15e8edf8d6a0,1097,2026-09-06T09:02:29.920757+00:00,2026-09-06T09:02:59.286744+00:00
707febe8-95ef-5bf8-87dc-7e60ecd580df,2026-08-04,fbe9013d-4e1e-50bd-9c47-83a3bf63b435,f6b2ea38-8cba-5b62-853a-49146b84803f,341,2026-09-06T09:02:29.920757+00:00,2026-09-06T09:02:59.286744+00:00
62641fee-1b89-5dfa-8d19-a9f2d736b603,2026-08-04,fbe9013d-4e1e-50bd-9c47-83a3bf63b435,aba05b6d-bbfa-55c8-91ea-89d87edd3cee,1403,2026-09-06T09:02:29.920757+00:00,2026-09-06T09:02:59.286744+00:00
797dcfeb-3cb7-5315-aff2-83b44006ae50,2026-08-04,fbe9013d-4e1e-50bd-9c47-83a3bf63b435,ec5b37ce-5d28-5863-ab9e-a0ccf1849798,1372,2026-09-06T09:02:29.920757+00:00,2026-09-06T09:02:59.286744+00:00
7b737f7d-0519-5421-884f-ffd375a5f199,2026-08-04,d0d1c5ae-5804-564b-93f3-4f8197e88acc,7a7a3fdb-6391-53f9-8bd9-df3407629f76,1579,2026-09-06T09:02:29.920757+00:00,2026-09-06T09:02:59.286744+00:00
659f9a91-1987-52b7-a0d4-c58ba8d5f410,2026-08-04,d0d1c5ae-5804-564b-93f3-4f8197e88acc,dbfc2058-2059-5d59-9e31-d733ab494bb2,1329,2026-09-06T09:02:29.920757+00:00,2026-09-06T09:02:59.286744+00:00
1d195425-4aaf-5568-b6fb-ccd4ee9e7254,2026-08-04,d84a9ec1-7b28-54f4-a4a8-a9177fa53327,274c3d65-43dd-5c12-a6d1-7f5e1027d70c,2886,2026-09-06T09:02:29.920757+00:00,2026-09-06T09:02:59.286744+00:00
71784a7c-6b9e-5a98-b631-c3ff43c4436c,2026-08-04,d84a9ec1-7b28-54f4-a4a8-a9177fa53327,ddfaa455-1f92-559f-8e2e-2e4b0733758a,1062,2026-09-06T09:02:29.920757+00:00,2026-09-06T09:02:59.286744+00:00
9e1f6704-fdcf-5aa3-bb33-e7b930308a68,2026-08-05,0a488a58-f45d-550b-8e16-feb5d935622d,b0fe7d40-daa6-5dd5-8ff7-1a8e35c314c5,2921,2026-09-06T09:02:29.920757+00:00,2026-09-06T09:02:59.286744+00:00
877dfd13-f842-5957-9d9c-f7a9ca0ad163,2026-08-05,0a488a58-f45d-550b-8e16-feb5d935622d,3e422a3b-8a18-58de-80f2-7d0f5a98c795,2273,2026-09-06T09:02:29.920757+00:00,2026-09-06T09:02:59.286744+00:00
e5a379d6-5a03-5894-874e-150e116890a2,2026-08-05,fbe9013d-4e1e-50bd-9c47-83a3bf63b435,7640fa0b-d04b-51f5-bbfa-15e8edf8d6a0,1522,2026-09-06T09:02:29.920757+00:00,2026-09-06T09:02:59.286744+00:00
051f2759-be21-5413-82c2-3a25bd8f630b,2026-08-05,fbe9013d-4e1e-50bd-9c47-83a3bf63b435,aba05b6d-bbfa-55c8-91ea-89d87edd3cee,2176,2026-09-06T09:02:29.920757+00:00,2026-09-06T09:02:59.286744+00:00
39b70835-a921-5f5e-877b-0bbf676bfb9e,2026-08-05,fbe9013d-4e1e-50bd-9c47-83a3bf63b435,ec5b37ce-5d28-5863-ab9e-a0ccf1849798,1150,2026-09-06T09:02:29.920757+00:00,2026-09-06T09:02:59.286744+00:00
4bdb0dd6-5733-56f9-807d-84d7a46d9e46,2026-08-05,d0d1c5ae-5804-564b-93f3-4f8197e88acc,7a7a3fdb-6391-53f9-8bd9-df3407629f76,1800,2026-09-06T09:02:29.920757+00:00,2026-09-06T09:02:59.286744+00:00
f19d5f01-dc5a-5015-80d3-ebf21f414ca2,2026-08-05,d0d1c5ae-5804-564b-93f3-4f8197e88acc,dbfc2058-2059-5d59-9e31-d733ab494bb2,942,2026-09-06T09:02:29.920757+00:00,2026-09-06T09:02:59.286744+00:00
4d70253e-47f5-5a0d-aa10-15f4775e42a8,2026-08-05,d84a9ec1-7b28-54f4-a4a8-a9177fa53327,ddfaa455-1f92-559f-8e2e-2e4b0733758a,3111,2026-09-06T09:02:29.920757+00:00,2026-09-06T09:02:59.286744+00:00
83b6732a-57ef-544b-a417-1097d3cd5f43,2026-08-06,0a488a58-f45d-550b-8e16-feb5d935622d,b0fe7d40-daa6-5dd5-8ff7-1a8e35c314c5,4273,2026-09-06T09:02:29.920757+00:00,2026-09-06T09:02:59.286744+00:00
116905ff-df49-59a9-bd0c-8d980e45f0c8,2026-08-06,0a488a58-f45d-550b-8e16-feb5d935622d,3e422a3b-8a18-58de-80f2-7d0f5a98c795,2357,2026-09-06T09:02:29.920757+00:00,2026-09-06T09:02:59.286744+00:00
4fc696ad-3b00-5ef8-b7e7-29fd87ec3966,2026-08-06,fbe9013d-4e1e-50bd-9c47-83a3bf63b435,7640fa0b-d04b-51f5-bbfa-15e8edf8d6a0,1456,2026-09-06T09:02:29.920757+00:00,2026-09-06T09:02:59.286744+00:00
4d394f45-4f5d-5c0f-87a4-96388f396b8c,2026-08-06,fbe9013d-4e1e-50bd-9c47-83a3bf63b435,aba05b6d-bbfa-55c8-91ea-89d87edd3cee,1353,2026-09-06T09:02:29.920757+00:00,2026-09-06T09:02:59.286744+00:00
31656acc-8883-58f3-990b-c215a4a0a808,2026-08-06,fbe9013d-4e1e-50bd-9c47-83a3bf63b435,ec5b37ce-5d28-5863-ab9e-a0ccf1849798,1437,2026-09-06T09:02:29.920757+00:00,2026-09-06T09:02:59.286744+00:00
9f1b4bdb-7973-5f71-99c4-a15501d57baa,2026-08-06,d0d1c5ae-5804-564b-93f3-4f8197e88acc,7a7a3fdb-6391-53f9-8bd9-df3407629f76,1340,2026-09-06T09:02:29.920757+00:00,2026-09-06T09:02:59.286744+00:00
8dc45b2b-89dd-51a5-bcbf-77fef274c1f1,2026-08-06,d0d1c5ae-5804-564b-93f3-4f8197e88acc,dbfc2058-2059-5d59-9e31-d733ab494bb2,1609,2026-09-06T09:02:29.920757+00:00,2026-09-06T09:02:59.286744+00:00
9d395aa5-6496-51b0-8a55-76cf334b43d7,2026-08-06,d84a9ec1-7b28-54f4-a4a8-a9177fa53327,274c3d65-43dd-5c12-a6d1-7f5e1027d70c,2224,2026-09-06T09:02:29.920757+00:00,2026-09-06T09:02:59.286744+00:00
1f44ce91-4f5e-50f6-b2cc-1762313702cb,2026-08-06,d84a9ec1-7b28-54f4-a4a8-a9177fa53327,ddfaa455-1f92-559f-8e2e-2e4b0733758a,2131,2026-09-06T09:02:29.920757+00:00,2026-09-06T09:02:59.286744+00:00
50adbb46-48ae-5ba3-b7ae-b41b484cd6ae,2026-08-07,0a488a58-f45d-550b-8e16-feb5d935622d,b0fe7d40-daa6-5dd5-8ff7-1a8e35c314c5,2951,2026-09-06T09:02:29.920757+00:00,2026-09-06T09:02:59.286744+00:00
a50847b7-5578-5819-8081-9187cc4433de,2026-08-07,0a488a58-f45d-550b-8e16-feb5d935622d,3e422a3b-8a18-58de-80f2-7d0f5a98c795,2833,2026-09-06T09:02:29.920757+00:00,2026-09-06T09:02:59.286744+00:00
2b34b13a-493d-55d9-8ea9-852e822cd902,2026-08-07,fbe9013d-4e1e-50bd-9c47-83a3bf63b435,7640fa0b-d04b-51f5-bbfa-15e8edf8d6a0,1045,2026-09-06T09:02:29.920757+00:00,2026-09-06T09:02:59.286744+00:00
ef1262da-b6cd-59f5-a683-3ea2d9d3a758,2026-08-07,fbe9013d-4e1e-50bd-9c47-83a3bf63b435,f6b2ea38-8cba-5b62-853a-49146b84803f,658,2026-09-06T09:02:29.920757+00:00,2026-09-06T09:02:59.286744+00:00
69fd408e-74d6-5d7e-8d2d-0448019f7f5a,2026-08-07,fbe9013d-4e1e-50bd-9c47-83a3bf63b435,aba05b6d-bbfa-55c8-91ea-89d87edd3cee,761,2026-09-06T09:02:29.920757+00:00,2026-09-06T09:02:59.286744+00:00
76b0e5f2-d34c-57ed-a334-2e7e54fcd9b5,2026-08-07,fbe9013d-4e1e-50bd-9c47-83a3bf63b435,ec5b37ce-5d28-5863-ab9e-a0ccf1849798,1139,2026-09-06T09:02:29.920757+00:00,2026-09-06T09:02:59.286744+00:00
d411758f-d367-5594-bd09-5610b356ea0b,2026-08-07,d0d1c5ae-5804-564b-93f3-4f8197e88acc,7a7a3fdb-6391-53f9-8bd9-df3407629f76,1593,2026-09-06T09:02:29.920757+00:00,2026-09-06T09:02:59.286744+00:00
06cd0d45-b8ff-5c3f-9749-d32da655dc05,2026-08-07,d0d1c5ae-5804-564b-93f3-4f8197e88acc,dbfc2058-2059-5d59-9e31-d733ab494bb2,1204,2026-09-06T09:02:29.920757+00:00,2026-09-06T09:02:59.286744+00:00
b7801419-77c8-5f24-bdbb-6c13723fa223,2026-08-07,d84a9ec1-7b28-54f4-a4a8-a9177fa53327,274c3d65-43dd-5c12-a6d1-7f5e1027d70c,4618,2026-09-06T09:02:29.920757+00:00,2026-09-06T09:02:59.286744+00:00
d63dfa85-9174-5d37-9798-482f03c1c9e9,2026-08-07,d84a9ec1-7b28-54f4-a4a8-a9177fa53327,ddfaa455-1f92-559f-8e2e-2e4b0733758a,990,2026-09-06T09:02:29.920757+00:00,2026-09-06T09:02:59.286744+00:00
bd449e46-b566-5946-bfb1-e4a8ffd05e39,2026-08-08,0a488a58-f45d-550b-8e16-feb5d935622d,b0fe7d40-daa6-5dd5-8ff7-1a8e35c314c5,1710,2026-09-06T09:02:29.920757+00:00,2026-09-06T09:02:59.286744+00:00
687b2741-60a1-5874-8718-7467fde4dadb,2026-08-08,0a488a58-f45d-550b-8e16-feb5d935622d,3e422a3b-8a18-58de-80f2-7d0f5a98c795,2296,2026-09-06T09:02:29.920757+00:00,2026-09-06T09:02:59.286744+00:00
93553724-a4e9-5ba1-a379-6a85cbc21fdf,2026-08-08,fbe9013d-4e1e-50bd-9c47-83a3bf63b435,7640fa0b-d04b-51f5-bbfa-15e8edf8d6a0,603,2026-09-06T09:02:29.920757+00:00,2026-09-06T09:02:59.286744+00:00
02f3b206-b844-5f2e-bd86-22484c2c6a69,2026-08-08,fbe9013d-4e1e-50bd-9c47-83a3bf63b435,f6b2ea38-8cba-5b62-853a-49146b84803f,206,2026-09-06T09:02:29.920757+00:00,2026-09-06T09:02:59.286744+00:00
9d544ae3-39b1-5732-91ed-ed921c6ba3a6,2026-08-08,fbe9013d-4e1e-50bd-9c47-83a3bf63b435,aba05b6d-bbfa-55c8-91ea-89d87edd3cee,1474,2026-09-06T09:02:29.920757+00:00,2026-09-06T09:02:59.286744+00:00
baab18a7-49fe-5738-948b-68f0af0c2b63,2026-08-08,fbe9013d-4e1e-50bd-9c47-83a3bf63b435,ec5b37ce-5d28-5863-ab9e-a0ccf1849798,1018,2026-09-06T09:02:29.920757+00:00,2026-09-06T09:02:59.286744+00:00
df51f290-d5d1-5a13-91ac-179353f12ab5,2026-08-08,d0d1c5ae-5804-564b-93f3-4f8197e88acc,7a7a3fdb-6391-53f9-8bd9-df3407629f76,1109,2026-09-06T09:02:29.920757+00:00,2026-09-06T09:02:59.286744+00:00
29576724-70c2-5007-a758-3a0163101167,2026-08-08,d0d1c5ae-5804-564b-93f3-4f8197e88acc,dbfc2058-2059-5d59-9e31-d733ab494bb2,592,2026-09-06T09:02:29.920757+00:00,2026-09-06T09:02:59.286744+00:00
92593c8b-c129-5443-af01-f60c05755dbf,2026-08-08,d84a9ec1-7b28-54f4-a4a8-a9177fa53327,274c3d65-43dd-5c12-a6d1-7f5e1027d70c,2131,2026-09-06T09:02:29.920757+00:00,2026-09-06T09:02:59.286744+00:00
4ac457b2-97db-5c5c-821d-77a64eca51ad,2026-08-08,d84a9ec1-7b28-54f4-a4a8-a9177fa53327,ddfaa455-1f92-559f-8e2e-2e4b0733758a,1267,2026-09-06T09:02:29.920757+00:00,2026-09-06T09:02:59.286744+00:00
6a923d83-7e91-5e80-830c-7e3fa72951fe,2026-08-10,0a488a58-f45d-550b-8e16-feb5d935622d,b0fe7d40-daa6-5dd5-8ff7-1a8e35c314c5,3736,2026-09-06T09:02:29.920757+00:00,2026-09-06T09:02:59.286744+00:00
2cc73f44-b16f-5577-beed-f4febe0bee39,2026-08-10,0a488a58-f45d-550b-8e16-feb5d935622d,3e422a3b-8a18-58de-80f2-7d0f5a98c795,2607,2026-09-06T09:02:29.920757+00:00,2026-09-06T09:02:59.286744+00:00
0ab45ace-c6b6-5b98-b139-20d03723a54c,2026-08-10,fbe9013d-4e1e-50bd-9c47-83a3bf63b435,7640fa0b-d04b-51f5-bbfa-15e8edf8d6a0,347,2026-09-06T09:02:29.920757+00:00,2026-09-06T09:02:59.286744+00:00
f01b64c5-2f5a-5026-9b75-ee70a542bb7b,2026-08-10,fbe9013d-4e1e-50bd-9c47-83a3bf63b435,aba05b6d-bbfa-55c8-91ea-89d87edd3cee,2730,2026-09-06T09:02:29.920757+00:00,2026-09-06T09:02:59.286744+00:00
17902c96-11c8-502d-a3b3-59c9cf7ec657,2026-08-10,fbe9013d-4e1e-50bd-9c47-83a3bf63b435,ec5b37ce-5d28-5863-ab9e-a0ccf1849798,1944,2026-09-06T09:02:29.920757+00:00,2026-09-06T09:02:59.286744+00:00
b2db7620-869b-5ba6-9400-8f20a26caed3,2026-08-10,d0d1c5ae-5804-564b-93f3-4f8197e88acc,7a7a3fdb-6391-53f9-8bd9-df3407629f76,1311,2026-09-06T09:02:29.920757+00:00,2026-09-06T09:02:59.286744+00:00
f59b91d3-36c2-5d4c-8165-947a4ba570f5,2026-08-10,d0d1c5ae-5804-564b-93f3-4f8197e88acc,dbfc2058-2059-5d59-9e31-d733ab494bb2,1692,2026-09-06T09:02:29.920757+00:00,2026-09-06T09:02:59.286744+00:00
2a5dbd0a-198e-549e-bf77-535a9c98a7dd,2026-08-10,d84a9ec1-7b28-54f4-a4a8-a9177fa53327,274c3d65-43dd-5c12-a6d1-7f5e1027d70c,2976,2026-09-06T09:02:29.920757+00:00,2026-09-06T09:02:59.286744+00:00
9da8a30d-cf7e-5bd9-8e8d-086dff51695e,2026-08-10,d84a9ec1-7b28-54f4-a4a8-a9177fa53327,ddfaa455-1f92-559f-8e2e-2e4b0733758a,1779,2026-09-06T09:02:29.920757+00:00,2026-09-06T09:02:59.286744+00:00
d6d947ef-c731-5172-9991-ecda7ce09c5a,2026-08-11,0a488a58-f45d-550b-8e16-feb5d935622d,b0fe7d40-daa6-5dd5-8ff7-1a8e35c314c5,3483,2026-09-06T09:02:29.920757+00:00,2026-09-06T09:02:59.286744+00:00
6a6ad956-d643-5080-ba63-b62051b96a2b,2026-08-11,0a488a58-f45d-550b-8e16-feb5d935622d,3e422a3b-8a18-58de-80f2-7d0f5a98c795,2358,2026-09-06T09:02:29.920757+00:00,2026-09-06T09:02:59.286744+00:00
bc8e9ee4-04fc-5de1-92a5-6ef5b7f51b16,2026-08-11,fbe9013d-4e1e-50bd-9c47-83a3bf63b435,7640fa0b-d04b-51f5-bbfa-15e8edf8d6a0,794,2026-09-06T09:02:29.920757+00:00,2026-09-06T09:02:59.286744+00:00
f300cb2b-9555-51c6-aba6-815a8d77a4d4,2026-08-11,fbe9013d-4e1e-50bd-9c47-83a3bf63b435,f6b2ea38-8cba-5b62-853a-49146b84803f,644,2026-09-06T09:02:29.920757+00:00,2026-09-06T09:02:59.286744+00:00
c2be053f-ae25-515a-8f39-039577104c62,2026-08-11,fbe9013d-4e1e-50bd-9c47-83a3bf63b435,aba05b6d-bbfa-55c8-91ea-89d87edd3cee,2250,2026-09-06T09:02:29.920757+00:00,2026-09-06T09:02:59.286744+00:00
d9247056-7bf0-50e7-b884-c20a8cf5fa57,2026-08-11,fbe9013d-4e1e-50bd-9c47-83a3bf63b435,ec5b37ce-5d28-5863-ab9e-a0ccf1849798,799,2026-09-06T09:02:29.920757+00:00,2026-09-06T09:02:59.286744+00:00
7aedba0d-5598-5051-bf7f-c3c79aadb3b5,2026-08-11,d0d1c5ae-5804-564b-93f3-4f8197e88acc,7a7a3fdb-6391-53f9-8bd9-df3407629f76,1263,2026-09-06T09:02:29.920757+00:00,2026-09-06T09:02:59.286744+00:00
c31b914a-fe75-5856-8e7c-ba6f33fdd6f7,2026-08-11,d0d1c5ae-5804-564b-93f3-4f8197e88acc,dbfc2058-2059-5d59-9e31-d733ab494bb2,1690,2026-09-06T09:02:29.920757+00:00,2026-09-06T09:02:59.286744+00:00
cf1cb593-e0e7-5b92-8cbb-bb9035e44c41,2026-08-11,d84a9ec1-7b28-54f4-a4a8-a9177fa53327,274c3d65-43dd-5c12-a6d1-7f5e1027d70c,3058,2026-09-06T09:02:29.920757+00:00,2026-09-06T09:02:59.286744+00:00
f7bee35b-f012-561f-be76-71422940ba21,2026-08-11,d84a9ec1-7b28-54f4-a4a8-a9177fa53327,ddfaa455-1f92-559f-8e2e-2e4b0733758a,982,2026-09-06T09:02:29.920757+00:00,2026-09-06T09:02:59.286744+00:00
6538fb52-068f-5566-9f8a-4ad0cd13b76e,2026-08-12,0a488a58-f45d-550b-8e16-feb5d935622d,b0fe7d40-daa6-5dd5-8ff7-1a8e35c314c5,4706,2026-09-06T09:02:29.920757+00:00,2026-09-06T09:02:59.286744+00:00
e00efea6-19f3-528c-847c-6f089ca1a15d,2026-08-12,0a488a58-f45d-550b-8e16-feb5d935622d,3e422a3b-8a18-58de-80f2-7d0f5a98c795,1454,2026-09-06T09:02:29.920757+00:00,2026-09-06T09:02:59.286744+00:00
697c1877-7832-5566-aa00-010ed4379110,2026-08-12,fbe9013d-4e1e-50bd-9c47-83a3bf63b435,7640fa0b-d04b-51f5-bbfa-15e8edf8d6a0,767,2026-09-06T09:02:29.920757+00:00,2026-09-06T09:02:59.286744+00:00
e4e3e683-0ba2-50dc-8e97-3a31eb8da860,2026-08-12,fbe9013d-4e1e-50bd-9c47-83a3bf63b435,f6b2ea38-8cba-5b62-853a-49146b84803f,915,2026-09-06T09:02:29.920757+00:00,2026-09-06T09:02:59.286744+00:00
af820445-0349-5fee-a850-d80b3552bcbc,2026-08-12,fbe9013d-4e1e-50bd-9c47-83a3bf63b435,aba05b6d-bbfa-55c8-91ea-89d87edd3cee,3668,2026-09-06T09:02:29.920757+00:00,2026-09-06T09:02:59.286744+00:00
fb635e24-876b-5f5a-a262-f2b6132c34c5,2026-08-12,fbe9013d-4e1e-50bd-9c47-83a3bf63b435,ec5b37ce-5d28-5863-ab9e-a0ccf1849798,533,2026-09-06T09:02:29.920757+00:00,2026-09-06T09:02:59.286744+00:00
a517aa02-1b1c-507d-af8b-543fa4a0f82c,2026-08-12,d0d1c5ae-5804-564b-93f3-4f8197e88acc,7a7a3fdb-6391-53f9-8bd9-df3407629f76,747,2026-09-06T09:02:29.920757+00:00,2026-09-06T09:02:59.286744+00:00
8b6ada5a-15a9-5e98-b4d6-6236510fc7d7,2026-08-12,d0d1c5ae-5804-564b-93f3-4f8197e88acc,dbfc2058-2059-5d59-9e31-d733ab494bb2,1745,2026-09-06T09:02:29.920757+00:00,2026-09-06T09:02:59.286744+00:00
6f343f4f-b2af-5f7b-80e3-26d32b0f8cd5,2026-08-12,d84a9ec1-7b28-54f4-a4a8-a9177fa53327,274c3d65-43dd-5c12-a6d1-7f5e1027d70c,3062,2026-09-06T09:02:29.920757+00:00,2026-09-06T09:02:59.286744+00:00
12bd77e4-0551-5cee-b088-b059781fd73c,2026-08-12,d84a9ec1-7b28-54f4-a4a8-a9177fa53327,ddfaa455-1f92-559f-8e2e-2e4b0733758a,1773,2026-09-06T09:02:29.920757+00:00,2026-09-06T09:02:59.286744+00:00
1306932b-a90f-582e-a239-4ecf5eb343bc,2026-08-13,0a488a58-f45d-550b-8e16-feb5d935622d,b0fe7d40-daa6-5dd5-8ff7-1a8e35c314c5,2384,2026-09-06T09:02:29.920757+00:00,2026-09-06T09:02:59.286744+00:00
64492fad-73b3-5ec8-9da7-a69f8149aaf7,2026-08-13,0a488a58-f45d-550b-8e16-feb5d935622d,3e422a3b-8a18-58de-80f2-7d0f5a98c795,3594,2026-09-06T09:02:29.920757+00:00,2026-09-06T09:02:59.286744+00:00
3df96d9d-53e8-549b-99ca-e8cf49596828,2026-08-13,fbe9013d-4e1e-50bd-9c47-83a3bf63b435,7640fa0b-d04b-51f5-bbfa-15e8edf8d6a0,778,2026-09-06T09:02:29.920757+00:00,2026-09-06T09:02:59.286744+00:00
6d0f7449-6309-553a-8269-b9a2874cb51f,2026-08-13,fbe9013d-4e1e-50bd-9c47-83a3bf63b435,f6b2ea38-8cba-5b62-853a-49146b84803f,1211,2026-09-06T09:02:29.920757+00:00,2026-09-06T09:02:59.286744+00:00
5f7bf656-5b80-5b2b-bdd7-6bceec093a5c,2026-08-13,fbe9013d-4e1e-50bd-9c47-83a3bf63b435,aba05b6d-bbfa-55c8-91ea-89d87edd3cee,2167,2026-09-06T09:02:29.920757+00:00,2026-09-06T09:02:59.286744+00:00
67046ee2-ab3b-5001-a3f0-2f6c5f197eee,2026-08-13,fbe9013d-4e1e-50bd-9c47-83a3bf63b435,ec5b37ce-5d28-5863-ab9e-a0ccf1849798,885,2026-09-06T09:02:29.920757+00:00,2026-09-06T09:02:59.286744+00:00
1644568a-8796-5e59-903a-de91894d364f,2026-08-13,d0d1c5ae-5804-564b-93f3-4f8197e88acc,7a7a3fdb-6391-53f9-8bd9-df3407629f76,1008,2026-09-06T09:02:29.920757+00:00,2026-09-06T09:02:59.286744+00:00
6ce568aa-d695-5332-93e1-7ed8fae7f7f9,2026-08-13,d0d1c5ae-5804-564b-93f3-4f8197e88acc,dbfc2058-2059-5d59-9e31-d733ab494bb2,1727,2026-09-06T09:02:29.920757+00:00,2026-09-06T09:02:59.286744+00:00
913f442c-0193-50be-955a-87cbd2e32e04,2026-08-13,d84a9ec1-7b28-54f4-a4a8-a9177fa53327,274c3d65-43dd-5c12-a6d1-7f5e1027d70c,1429,2026-09-06T09:02:29.920757+00:00,2026-09-06T09:02:59.286744+00:00
a4d369ae-7320-5bdd-93ae-c0d8160652f1,2026-08-13,d84a9ec1-7b28-54f4-a4a8-a9177fa53327,ddfaa455-1f92-559f-8e2e-2e4b0733758a,2163,2026-09-06T09:02:29.920757+00:00,2026-09-06T09:02:59.286744+00:00
0279b623-de92-5efc-99f7-bda5ecc8805b,2026-08-14,0a488a58-f45d-550b-8e16-feb5d935622d,b0fe7d40-daa6-5dd5-8ff7-1a8e35c314c5,4399,2026-09-06T09:02:29.920757+00:00,2026-09-06T09:02:59.286744+00:00
2fff0798-b6bc-5934-9b2a-76062724678d,2026-08-14,0a488a58-f45d-550b-8e16-feb5d935622d,3e422a3b-8a18-58de-80f2-7d0f5a98c795,2267,2026-09-06T09:02:29.920757+00:00,2026-09-06T09:02:59.286744+00:00
002b45dc-67d8-5863-9bc4-a85e5d6a154d,2026-08-14,fbe9013d-4e1e-50bd-9c47-83a3bf63b435,7640fa0b-d04b-51f5-bbfa-15e8edf8d6a0,431,2026-09-06T09:02:29.920757+00:00,2026-09-06T09:02:59.286744+00:00
c68b4699-91cf-5652-b218-ab5c979744f9,2026-08-14,fbe9013d-4e1e-50bd-9c47-83a3bf63b435,f6b2ea38-8cba-5b62-853a-49146b84803f,285,2026-09-06T09:02:29.920757+00:00,2026-09-06T09:02:59.286744+00:00
c0fff511-8c06-59fb-9c1c-3ba4b99d5c01,2026-08-14,fbe9013d-4e1e-50bd-9c47-83a3bf63b435,aba05b6d-bbfa-55c8-91ea-89d87edd3cee,4312,2026-09-06T09:02:29.920757+00:00,2026-09-06T09:02:59.286744+00:00
2ea44dbc-878b-53e6-bf03-749f25b22136,2026-08-14,fbe9013d-4e1e-50bd-9c47-83a3bf63b435,ec5b37ce-5d28-5863-ab9e-a0ccf1849798,1105,2026-09-06T09:02:29.920757+00:00,2026-09-06T09:02:59.286744+00:00
b2527007-0be0-5b0e-b50f-8f2848a801b5,2026-08-14,d0d1c5ae-5804-564b-93f3-4f8197e88acc,7a7a3fdb-6391-53f9-8bd9-df3407629f76,821,2026-09-06T09:02:29.920757+00:00,2026-09-06T09:02:59.286744+00:00
6df7f365-e0b4-5cb8-82e1-1f7734a66dfa,2026-08-14,d0d1c5ae-5804-564b-93f3-4f8197e88acc,dbfc2058-2059-5d59-9e31-d733ab494bb2,1721,2026-09-06T09:02:29.920757+00:00,2026-09-06T09:02:59.286744+00:00
9684f133-5fd9-50ef-a695-76cb943312ed,2026-08-14,d84a9ec1-7b28-54f4-a4a8-a9177fa53327,274c3d65-43dd-5c12-a6d1-7f5e1027d70c,3882,2026-09-06T09:02:29.920757+00:00,2026-09-06T09:02:59.286744+00:00
c27d9b81-c68f-542b-acd5-3bcb73d5d8d2,2026-08-14,d84a9ec1-7b28-54f4-a4a8-a9177fa53327,ddfaa455-1f92-559f-8e2e-2e4b0733758a,1364,2026-09-06T09:02:29.920757+00:00,2026-09-06T09:02:59.286744+00:00
c907e0b0-b9ed-519f-ab10-b26c1f39f7b8,2026-08-15,0a488a58-f45d-550b-8e16-feb5d935622d,b0fe7d40-daa6-5dd5-8ff7-1a8e35c314c5,2870,2026-09-06T09:02:29.920757+00:00,2026-09-06T09:02:59.286744+00:00
af4a8e50-cbfd-5647-8995-cb78610b8b09,2026-08-15,0a488a58-f45d-550b-8e16-feb5d935622d,3e422a3b-8a18-58de-80f2-7d0f5a98c795,1086,2026-09-06T09:02:29.920757+00:00,2026-09-06T09:02:59.286744+00:00
ab2eb7e4-c84c-5c46-aae3-60cf486f3b94,2026-08-15,fbe9013d-4e1e-50bd-9c47-83a3bf63b435,7640fa0b-d04b-51f5-bbfa-15e8edf8d6a0,568,2026-09-06T09:02:29.920757+00:00,2026-09-06T09:02:59.286744+00:00
8d27e2e0-ca56-52f5-8b51-cc594a68c686,2026-08-15,fbe9013d-4e1e-50bd-9c47-83a3bf63b435,f6b2ea38-8cba-5b62-853a-49146b84803f,484,2026-09-06T09:02:29.920757+00:00,2026-09-06T09:02:59.286744+00:00
e7378d26-2b50-5742-adbe-431e9ff6ddc1,2026-08-15,fbe9013d-4e1e-50bd-9c47-83a3bf63b435,aba05b6d-bbfa-55c8-91ea-89d87edd3cee,996,2026-09-06T09:02:29.920757+00:00,2026-09-06T09:02:59.286744+00:00
56e0f569-5047-508c-8742-7093a679df8b,2026-08-15,fbe9013d-4e1e-50bd-9c47-83a3bf63b435,ec5b37ce-5d28-5863-ab9e-a0ccf1849798,1026,2026-09-06T09:02:29.920757+00:00,2026-09-06T09:02:59.286744+00:00
ecb101a3-7f7c-5fed-8f7a-edb53cd9ba92,2026-08-15,d0d1c5ae-5804-564b-93f3-4f8197e88acc,7a7a3fdb-6391-53f9-8bd9-df3407629f76,559,2026-09-06T09:02:29.920757+00:00,2026-09-06T09:02:59.286744+00:00
ded4a796-e6fb-595d-a9c7-4070ac0d8687,2026-08-15,d0d1c5ae-5804-564b-93f3-4f8197e88acc,dbfc2058-2059-5d59-9e31-d733ab494bb2,1798,2026-09-06T09:02:29.920757+00:00,2026-09-06T09:02:59.286744+00:00
abdb13ba-aa8b-5596-94f9-39ebee1c7413,2026-08-15,d84a9ec1-7b28-54f4-a4a8-a9177fa53327,274c3d65-43dd-5c12-a6d1-7f5e1027d70c,1774,2026-09-06T09:02:29.920757+00:00,2026-09-06T09:02:59.286744+00:00
bc9ca492-441e-5f70-853e-24a5fe4256ef,2026-08-15,d84a9ec1-7b28-54f4-a4a8-a9177fa53327,ddfaa455-1f92-559f-8e2e-2e4b0733758a,1466,2026-09-06T09:02:29.920757+00:00,2026-09-06T09:02:59.286744+00:00
f354e299-0390-566f-b59b-44b381f77978,2026-08-17,0a488a58-f45d-550b-8e16-feb5d935622d,b0fe7d40-daa6-5dd5-8ff7-1a8e35c314c5,4077,2026-09-06T09:02:29.920757+00:00,2026-09-06T09:02:59.286744+00:00
5ddb3f41-cfda-57b7-a6c7-db73739f556f,2026-08-17,0a488a58-f45d-550b-8e16-feb5d935622d,3e422a3b-8a18-58de-80f2-7d0f5a98c795,2284,2026-09-06T09:02:29.920757+00:00,2026-09-06T09:02:59.286744+00:00
fcb8e539-09e9-52d9-b219-749f5085d272,2026-08-17,fbe9013d-4e1e-50bd-9c47-83a3bf63b435,7640fa0b-d04b-51f5-bbfa-15e8edf8d6a0,1177,2026-09-06T09:02:29.920757+00:00,2026-09-06T09:02:59.286744+00:00
9e4b074c-9158-58c1-8ce0-34459ad797c4,2026-08-17,fbe9013d-4e1e-50bd-9c47-83a3bf63b435,f6b2ea38-8cba-5b62-853a-49146b84803f,1606,2026-09-06T09:02:29.920757+00:00,2026-09-06T09:02:59.286744+00:00
68ae29da-1c0b-5388-8422-818233ef016a,2026-08-17,fbe9013d-4e1e-50bd-9c47-83a3bf63b435,aba05b6d-bbfa-55c8-91ea-89d87edd3cee,1367,2026-09-06T09:02:29.920757+00:00,2026-09-06T09:02:59.286744+00:00
ad99505e-fce1-5a77-a4c5-a0bc307c6ebd,2026-08-17,fbe9013d-4e1e-50bd-9c47-83a3bf63b435,ec5b37ce-5d28-5863-ab9e-a0ccf1849798,596,2026-09-06T09:02:29.920757+00:00,2026-09-06T09:02:59.286744+00:00
26e1e608-40a4-5b4e-bc4c-9dd07af0ec87,2026-08-17,d0d1c5ae-5804-564b-93f3-4f8197e88acc,7a7a3fdb-6391-53f9-8bd9-df3407629f76,1325,2026-09-06T09:02:29.920757+00:00,2026-09-06T09:02:59.286744+00:00
3d6e544d-6aca-5553-96c0-e80d6bd2efe6,2026-08-17,d0d1c5ae-5804-564b-93f3-4f8197e88acc,dbfc2058-2059-5d59-9e31-d733ab494bb2,1676,2026-09-06T09:02:29.920757+00:00,2026-09-06T09:02:59.286744+00:00
0638fcf6-1990-5d10-9917-16c22f3e8fa5,2026-08-17,d84a9ec1-7b28-54f4-a4a8-a9177fa53327,274c3d65-43dd-5c12-a6d1-7f5e1027d70c,4439,2026-09-06T09:02:29.920757+00:00,2026-09-06T09:02:59.286744+00:00
76322c44-561d-56ed-9065-6f72aa827801,2026-08-17,d84a9ec1-7b28-54f4-a4a8-a9177fa53327,ddfaa455-1f92-559f-8e2e-2e4b0733758a,1057,2026-09-06T09:02:29.920757+00:00,2026-09-06T09:02:59.286744+00:00
323cf14f-2d17-5d5a-8093-0dc124025606,2026-08-18,0a488a58-f45d-550b-8e16-feb5d935622d,b0fe7d40-daa6-5dd5-8ff7-1a8e35c314c5,2419,2026-09-06T09:02:29.920757+00:00,2026-09-06T09:02:59.286744+00:00
28f7f799-1aa6-527f-90c7-f5ba3ecea98e,2026-08-18,0a488a58-f45d-550b-8e16-feb5d935622d,3e422a3b-8a18-58de-80f2-7d0f5a98c795,3745,2026-09-06T09:02:29.920757+00:00,2026-09-06T09:02:59.286744+00:00
0764cf8f-97b9-5cc8-9497-b441d18165ae,2026-08-18,fbe9013d-4e1e-50bd-9c47-83a3bf63b435,7640fa0b-d04b-51f5-bbfa-15e8edf8d6a0,1255,2026-09-06T09:02:29.920757+00:00,2026-09-06T09:02:59.286744+00:00
b691bf42-adde-5acc-899f-500035c873a7,2026-08-18,fbe9013d-4e1e-50bd-9c47-83a3bf63b435,f6b2ea38-8cba-5b62-853a-49146b84803f,888,2026-09-06T09:02:29.920757+00:00,2026-09-06T09:02:59.286744+00:00
437d8b3a-896c-5e87-a836-556a65407e5e,2026-08-18,fbe9013d-4e1e-50bd-9c47-83a3bf63b435,aba05b6d-bbfa-55c8-91ea-89d87edd3cee,2161,2026-09-06T09:02:29.920757+00:00,2026-09-06T09:02:59.286744+00:00
194516c1-523d-5a0d-8237-70b565dde60e,2026-08-18,fbe9013d-4e1e-50bd-9c47-83a3bf63b435,ec5b37ce-5d28-5863-ab9e-a0ccf1849798,865,2026-09-06T09:02:29.920757+00:00,2026-09-06T09:02:59.286744+00:00
db9a3981-0918-574d-9394-a76efdbbd018,2026-08-18,d0d1c5ae-5804-564b-93f3-4f8197e88acc,7a7a3fdb-6391-53f9-8bd9-df3407629f76,1278,2026-09-06T09:02:29.920757+00:00,2026-09-06T09:02:59.286744+00:00
d02d480f-7d3a-54b1-adf5-3128f8a8969d,2026-08-18,d0d1c5ae-5804-564b-93f3-4f8197e88acc,dbfc2058-2059-5d59-9e31-d733ab494bb2,1708,2026-09-06T09:02:29.920757+00:00,2026-09-06T09:02:59.286744+00:00
f1e1aeeb-8ffd-56d8-b9e4-7db632ac5f83,2026-08-18,d84a9ec1-7b28-54f4-a4a8-a9177fa53327,274c3d65-43dd-5c12-a6d1-7f5e1027d70c,2079,2026-09-06T09:02:29.920757+00:00,2026-09-06T09:02:59.286744+00:00
957985c8-193c-5ba6-a77e-a9034726f8ca,2026-08-18,d84a9ec1-7b28-54f4-a4a8-a9177fa53327,ddfaa455-1f92-559f-8e2e-2e4b0733758a,2191,2026-09-06T09:02:29.920757+00:00,2026-09-06T09:02:59.286744+00:00
f08c0610-21e2-509b-849d-efc2cea46eed,2026-08-19,0a488a58-f45d-550b-8e16-feb5d935622d,b0fe7d40-daa6-5dd5-8ff7-1a8e35c314c5,3707,2026-09-06T09:02:29.920757+00:00,2026-09-06T09:02:59.286744+00:00
6641d366-15c5-5efb-a0c7-19a3d55ec22b,2026-08-19,0a488a58-f45d-550b-8e16-feb5d935622d,3e422a3b-8a18-58de-80f2-7d0f5a98c795,2709,2026-09-06T09:02:29.920757+00:00,2026-09-06T09:02:59.286744+00:00
3fcdb102-9c23-5785-9891-3af477e03472,2026-08-19,fbe9013d-4e1e-50bd-9c47-83a3bf63b435,7640fa0b-d04b-51f5-bbfa-15e8edf8d6a0,1643,2026-09-06T09:02:29.920757+00:00,2026-09-06T09:02:59.286744+00:00
d7a50301-5638-5736-8622-4fa64eabfb4e,2026-08-19,fbe9013d-4e1e-50bd-9c47-83a3bf63b435,f6b2ea38-8cba-5b62-853a-49146b84803f,947,2026-09-06T09:02:29.920757+00:00,2026-09-06T09:02:59.286744+00:00
e7dc69b0-36dd-5fff-865d-7adfc94fc4e5,2026-08-19,fbe9013d-4e1e-50bd-9c47-83a3bf63b435,ec5b37ce-5d28-5863-ab9e-a0ccf1849798,822,2026-09-06T09:02:29.920757+00:00,2026-09-06T09:02:59.286744+00:00
3c128848-5eab-5eea-b25a-565db81a4592,2026-08-19,d0d1c5ae-5804-564b-93f3-4f8197e88acc,7a7a3fdb-6391-53f9-8bd9-df3407629f76,1067,2026-09-06T09:02:29.920757+00:00,2026-09-06T09:02:59.286744+00:00
b11e5cdb-aef7-504f-b972-d8694a121278,2026-08-19,d0d1c5ae-5804-564b-93f3-4f8197e88acc,dbfc2058-2059-5d59-9e31-d733ab494bb2,2157,2026-09-06T09:02:29.920757+00:00,2026-09-06T09:02:59.286744+00:00
e2ff5004-c9f1-5272-94ad-29e2d150d54a,2026-08-19,d84a9ec1-7b28-54f4-a4a8-a9177fa53327,274c3d65-43dd-5c12-a6d1-7f5e1027d70c,3664,2026-09-06T09:02:29.920757+00:00,2026-09-06T09:02:59.286744+00:00
94c2e88a-0f7b-5073-b338-bbb2c3965eb5,2026-08-19,d84a9ec1-7b28-54f4-a4a8-a9177fa53327,ddfaa455-1f92-559f-8e2e-2e4b0733758a,1457,2026-09-06T09:02:29.920757+00:00,2026-09-06T09:02:59.286744+00:00
2b1b97d8-37e0-5c53-ad64-9681d39069b8,2026-08-20,0a488a58-f45d-550b-8e16-feb5d935622d,b0fe7d40-daa6-5dd5-8ff7-1a8e35c314c5,3726,2026-09-06T09:02:29.920757+00:00,2026-09-06T09:02:59.286744+00:00
36ec3492-3e10-5cf3-8705-6baec5e121ad,2026-08-20,0a488a58-f45d-550b-8e16-feb5d935622d,3e422a3b-8a18-58de-80f2-7d0f5a98c795,2612,2026-09-06T09:02:29.920757+00:00,2026-09-06T09:02:59.286744+00:00
4b987c8c-9232-54f1-b1ae-7007fb3e1794,2026-08-20,fbe9013d-4e1e-50bd-9c47-83a3bf63b435,7640fa0b-d04b-51f5-bbfa-15e8edf8d6a0,1166,2026-09-06T09:02:29.920757+00:00,2026-09-06T09:02:59.286744+00:00
6d1f0a8d-303a-5af5-aa9d-672eb6461a7e,2026-08-20,fbe9013d-4e1e-50bd-9c47-83a3bf63b435,f6b2ea38-8cba-5b62-853a-49146b84803f,1257,2026-09-06T09:02:29.920757+00:00,2026-09-06T09:02:59.286744+00:00
0c64f29d-a1b5-5dfb-b3a2-42252678d17a,2026-08-20,fbe9013d-4e1e-50bd-9c47-83a3bf63b435,ec5b37ce-5d28-5863-ab9e-a0ccf1849798,1387,2026-09-06T09:02:29.920757+00:00,2026-09-06T09:02:59.286744+00:00
c188f402-4327-56c9-bda4-6d75444efb17,2026-08-20,d0d1c5ae-5804-564b-93f3-4f8197e88acc,7a7a3fdb-6391-53f9-8bd9-df3407629f76,783,2026-09-06T09:02:29.920757+00:00,2026-09-06T09:02:59.286744+00:00
c48ee199-e750-5e93-b707-a4f85877642e,2026-08-20,d0d1c5ae-5804-564b-93f3-4f8197e88acc,dbfc2058-2059-5d59-9e31-d733ab494bb2,2205,2026-09-06T09:02:29.920757+00:00,2026-09-06T09:02:59.286744+00:00
30fddc98-27bb-55c6-8ce3-8f0503d98827,2026-08-20,d84a9ec1-7b28-54f4-a4a8-a9177fa53327,274c3d65-43dd-5c12-a6d1-7f5e1027d70c,4737,2026-09-06T09:02:29.920757+00:00,2026-09-06T09:02:59.286744+00:00
699d54b3-458b-587a-b372-4fa0db7d3ce1,2026-08-20,d84a9ec1-7b28-54f4-a4a8-a9177fa53327,ddfaa455-1f92-559f-8e2e-2e4b0733758a,955,2026-09-06T09:02:29.920757+00:00,2026-09-06T09:02:59.286744+00:00
4459fc6f-77b6-52b8-ab58-9e34f1641de7,2026-08-21,0a488a58-f45d-550b-8e16-feb5d935622d,b0fe7d40-daa6-5dd5-8ff7-1a8e35c314c5,2951,2026-09-06T09:02:29.920757+00:00,2026-09-06T09:02:59.286744+00:00
b5b2e98f-98ca-5048-aaf7-652dbb691426,2026-08-21,0a488a58-f45d-550b-8e16-feb5d935622d,3e422a3b-8a18-58de-80f2-7d0f5a98c795,2774,2026-09-06T09:02:29.920757+00:00,2026-09-06T09:02:59.286744+00:00
30b19991-fbf5-593b-af2a-0351b742b3ce,2026-08-21,fbe9013d-4e1e-50bd-9c47-83a3bf63b435,7640fa0b-d04b-51f5-bbfa-15e8edf8d6a0,1553,2026-09-06T09:02:29.920757+00:00,2026-09-06T09:02:59.286744+00:00
b12875b6-9340-595e-bcb0-cf9387af3c61,2026-08-21,fbe9013d-4e1e-50bd-9c47-83a3bf63b435,f6b2ea38-8cba-5b62-853a-49146b84803f,914,2026-09-06T09:02:29.920757+00:00,2026-09-06T09:02:59.286744+00:00
201c48a1-62e0-5dc0-8b6f-0e7bd554f80d,2026-08-21,fbe9013d-4e1e-50bd-9c47-83a3bf63b435,ec5b37ce-5d28-5863-ab9e-a0ccf1849798,1481,2026-09-06T09:02:29.920757+00:00,2026-09-06T09:02:59.286744+00:00
be3a8c6f-65a6-52e3-82ca-1ac44b7a1922,2026-08-21,d0d1c5ae-5804-564b-93f3-4f8197e88acc,7a7a3fdb-6391-53f9-8bd9-df3407629f76,1320,2026-09-06T09:02:29.920757+00:00,2026-09-06T09:02:59.286744+00:00
b2c87721-57cf-5049-8d9c-6ba1c771ca82,2026-08-21,d0d1c5ae-5804-564b-93f3-4f8197e88acc,dbfc2058-2059-5d59-9e31-d733ab494bb2,1219,2026-09-06T09:02:29.920757+00:00,2026-09-06T09:02:59.286744+00:00
529700d6-2efa-5530-af12-8ceadb7f747b,2026-08-21,d84a9ec1-7b28-54f4-a4a8-a9177fa53327,274c3d65-43dd-5c12-a6d1-7f5e1027d70c,3943,2026-09-06T09:02:29.920757+00:00,2026-09-06T09:02:59.286744+00:00
a85bff80-0584-558f-8fc7-925ebf5e5565,2026-08-21,d84a9ec1-7b28-54f4-a4a8-a9177fa53327,ddfaa455-1f92-559f-8e2e-2e4b0733758a,1324,2026-09-06T09:02:29.920757+00:00,2026-09-06T09:02:59.286744+00:00
9271c47b-d58d-51ce-aa26-0a01503cbcb9,2026-08-22,0a488a58-f45d-550b-8e16-feb5d935622d,b0fe7d40-daa6-5dd5-8ff7-1a8e35c314c5,1774,2026-09-06T09:02:29.920757+00:00,2026-09-06T09:02:59.286744+00:00
15b91031-d3f8-5155-9908-4ed09ae388b1,2026-08-22,0a488a58-f45d-550b-8e16-feb5d935622d,3e422a3b-8a18-58de-80f2-7d0f5a98c795,2612,2026-09-06T09:02:29.920757+00:00,2026-09-06T09:02:59.286744+00:00
3ada03c3-6ca2-5201-862e-0ee9b1595f80,2026-08-22,fbe9013d-4e1e-50bd-9c47-83a3bf63b435,7640fa0b-d04b-51f5-bbfa-15e8edf8d6a0,888,2026-09-06T09:02:29.920757+00:00,2026-09-06T09:02:59.286744+00:00
83e9c56e-66d6-5141-9e10-198aac782f7f,2026-08-22,fbe9013d-4e1e-50bd-9c47-83a3bf63b435,aba05b6d-bbfa-55c8-91ea-89d87edd3cee,998,2026-09-06T09:02:29.920757+00:00,2026-09-06T09:02:59.286744+00:00
2109fc23-e0af-55cb-bb12-05470fa6e409,2026-08-22,fbe9013d-4e1e-50bd-9c47-83a3bf63b435,ec5b37ce-5d28-5863-ab9e-a0ccf1849798,980,2026-09-06T09:02:29.920757+00:00,2026-09-06T09:02:59.286744+00:00
cfd7ab86-2960-5aeb-bd90-fb9d61ae5a76,2026-08-22,d0d1c5ae-5804-564b-93f3-4f8197e88acc,7a7a3fdb-6391-53f9-8bd9-df3407629f76,611,2026-09-06T09:02:29.920757+00:00,2026-09-06T09:02:59.286744+00:00
68f7b9ed-fd1b-5d7e-b163-88a1aa80adfb,2026-08-22,d0d1c5ae-5804-564b-93f3-4f8197e88acc,dbfc2058-2059-5d59-9e31-d733ab494bb2,1770,2026-09-06T09:02:29.920757+00:00,2026-09-06T09:02:59.286744+00:00
9a308e7e-d2cd-5151-ab15-0b2a5b67abf2,2026-08-22,d84a9ec1-7b28-54f4-a4a8-a9177fa53327,274c3d65-43dd-5c12-a6d1-7f5e1027d70c,2635,2026-09-06T09:02:29.920757+00:00,2026-09-06T09:02:59.286744+00:00
6edcdf03-5daf-59e9-b458-d4e36413c8e7,2026-08-22,d84a9ec1-7b28-54f4-a4a8-a9177fa53327,ddfaa455-1f92-559f-8e2e-2e4b0733758a,1014,2026-09-06T09:02:29.920757+00:00,2026-09-06T09:02:59.286744+00:00
ed418953-4547-5a09-9bd8-9a867676cc93,2026-08-24,0a488a58-f45d-550b-8e16-feb5d935622d,b0fe7d40-daa6-5dd5-8ff7-1a8e35c314c5,3714,2026-09-06T09:02:29.920757+00:00,2026-09-06T09:02:59.286744+00:00
a8eee0fd-9e87-57cf-83a2-b42722d1038b,2026-08-24,0a488a58-f45d-550b-8e16-feb5d935622d,3e422a3b-8a18-58de-80f2-7d0f5a98c795,1897,2026-09-06T09:02:29.920757+00:00,2026-09-06T09:02:59.286744+00:00
9481cff0-b2de-5b7e-b3ea-85e03711d1e4,2026-08-24,fbe9013d-4e1e-50bd-9c47-83a3bf63b435,7640fa0b-d04b-51f5-bbfa-15e8edf8d6a0,854,2026-09-06T09:02:29.920757+00:00,2026-09-06T09:02:59.286744+00:00
7bca3f41-716e-574d-bdc3-b1ebca0d9bda,2026-08-24,fbe9013d-4e1e-50bd-9c47-83a3bf63b435,f6b2ea38-8cba-5b62-853a-49146b84803f,283,2026-09-06T09:02:29.920757+00:00,2026-09-06T09:02:59.286744+00:00
567f067e-01e5-52ab-bb4f-ae5df8d0fb37,2026-08-24,fbe9013d-4e1e-50bd-9c47-83a3bf63b435,aba05b6d-bbfa-55c8-91ea-89d87edd3cee,2895,2026-09-06T09:02:29.920757+00:00,2026-09-06T09:02:59.286744+00:00
26f0b3d0-bad3-550b-9218-950ff897eef7,2026-08-24,fbe9013d-4e1e-50bd-9c47-83a3bf63b435,ec5b37ce-5d28-5863-ab9e-a0ccf1849798,876,2026-09-06T09:02:29.920757+00:00,2026-09-06T09:02:59.286744+00:00
2e03e6f4-231f-5b2b-8eaf-1517aa6fef8e,2026-08-24,d0d1c5ae-5804-564b-93f3-4f8197e88acc,7a7a3fdb-6391-53f9-8bd9-df3407629f76,1032,2026-09-06T09:02:29.920757+00:00,2026-09-06T09:02:59.286744+00:00
ce137054-151e-5be2-875d-f1e2a443dd71,2026-08-24,d0d1c5ae-5804-564b-93f3-4f8197e88acc,dbfc2058-2059-5d59-9e31-d733ab494bb2,1800,2026-09-06T09:02:29.920757+00:00,2026-09-06T09:02:59.286744+00:00
87576345-8ccf-5f85-947b-ecf27c564d0f,2026-08-24,d84a9ec1-7b28-54f4-a4a8-a9177fa53327,274c3d65-43dd-5c12-a6d1-7f5e1027d70c,2212,2026-09-06T09:02:29.920757+00:00,2026-09-06T09:02:59.286744+00:00
256324a0-f051-5224-850a-46d0cf8c749d,2026-08-24,d84a9ec1-7b28-54f4-a4a8-a9177fa53327,ddfaa455-1f92-559f-8e2e-2e4b0733758a,1846,2026-09-06T09:02:29.920757+00:00,2026-09-06T09:02:59.286744+00:00
e7f9c154-ec5e-52b8-ac09-b609a2edb19c,2026-08-25,0a488a58-f45d-550b-8e16-feb5d935622d,b0fe7d40-daa6-5dd5-8ff7-1a8e35c314c5,1787,2026-09-06T09:02:29.920757+00:00,2026-09-06T09:02:59.286744+00:00
3bf47f0c-1976-5629-9781-b3c2e49fd771,2026-08-25,0a488a58-f45d-550b-8e16-feb5d935622d,3e422a3b-8a18-58de-80f2-7d0f5a98c795,3711,2026-09-06T09:02:29.920757+00:00,2026-09-06T09:02:59.286744+00:00
b734dda6-fb15-50f9-975e-6553464b29f6,2026-08-25,fbe9013d-4e1e-50bd-9c47-83a3bf63b435,7640fa0b-d04b-51f5-bbfa-15e8edf8d6a0,1876,2026-09-06T09:02:29.920757+00:00,2026-09-06T09:02:59.286744+00:00
0e43520c-587e-57f6-b7b9-2d5754ab8841,2026-08-25,fbe9013d-4e1e-50bd-9c47-83a3bf63b435,f6b2ea38-8cba-5b62-853a-49146b84803f,700,2026-09-06T09:02:29.920757+00:00,2026-09-06T09:02:59.286744+00:00
8f9cca6f-beb8-5227-b452-9739a3e08472,2026-08-25,fbe9013d-4e1e-50bd-9c47-83a3bf63b435,aba05b6d-bbfa-55c8-91ea-89d87edd3cee,1454,2026-09-06T09:02:29.920757+00:00,2026-09-06T09:02:59.286744+00:00
1740646b-522a-5467-b2ec-06104f6326ed,2026-08-25,fbe9013d-4e1e-50bd-9c47-83a3bf63b435,ec5b37ce-5d28-5863-ab9e-a0ccf1849798,529,2026-09-06T09:02:29.920757+00:00,2026-09-06T09:02:59.286744+00:00
ee9b5dc4-84a0-5139-904d-1d39ccf257b4,2026-08-25,d0d1c5ae-5804-564b-93f3-4f8197e88acc,7a7a3fdb-6391-53f9-8bd9-df3407629f76,1011,2026-09-06T09:02:29.920757+00:00,2026-09-06T09:02:59.286744+00:00
cdb4e42e-a8df-58d5-b2b0-60b78909c5d6,2026-08-25,d0d1c5ae-5804-564b-93f3-4f8197e88acc,dbfc2058-2059-5d59-9e31-d733ab494bb2,2208,2026-09-06T09:02:29.920757+00:00,2026-09-06T09:02:59.286744+00:00
1079763c-9511-53c4-b171-ec7bbf9420d2,2026-08-25,d84a9ec1-7b28-54f4-a4a8-a9177fa53327,274c3d65-43dd-5c12-a6d1-7f5e1027d70c,3057,2026-09-06T09:02:29.920757+00:00,2026-09-06T09:02:59.286744+00:00
3ff9a6db-2b26-57df-8881-32f6a4b6a6e5,2026-08-25,d84a9ec1-7b28-54f4-a4a8-a9177fa53327,ddfaa455-1f92-559f-8e2e-2e4b0733758a,1348,2026-09-06T09:02:29.920757+00:00,2026-09-06T09:02:59.286744+00:00
b5805678-7bad-5034-8d84-39bc985f9707,2026-08-26,0a488a58-f45d-550b-8e16-feb5d935622d,b0fe7d40-daa6-5dd5-8ff7-1a8e35c314c5,2879,2026-09-06T09:02:29.920757+00:00,2026-09-06T09:02:59.286744+00:00
e1b04ed7-a42b-54a7-bf35-51db9784d869,2026-08-26,0a488a58-f45d-550b-8e16-feb5d935622d,3e422a3b-8a18-58de-80f2-7d0f5a98c795,2740,2026-09-06T09:02:29.920757+00:00,2026-09-06T09:02:59.286744+00:00
3a30b3a6-b69b-5d4c-b9e2-ed3fdc6cde68,2026-08-26,fbe9013d-4e1e-50bd-9c47-83a3bf63b435,7640fa0b-d04b-51f5-bbfa-15e8edf8d6a0,1151,2026-09-06T09:02:29.920757+00:00,2026-09-06T09:02:59.286744+00:00
a9a8a9d8-2ca2-5c12-9a4c-bc98b503ab7e,2026-08-26,fbe9013d-4e1e-50bd-9c47-83a3bf63b435,f6b2ea38-8cba-5b62-853a-49146b84803f,1315,2026-09-06T09:02:29.920757+00:00,2026-09-06T09:02:59.286744+00:00
75a8cf50-4d2e-5bf3-8bbe-e6d00beb219a,2026-08-26,fbe9013d-4e1e-50bd-9c47-83a3bf63b435,aba05b6d-bbfa-55c8-91ea-89d87edd3cee,2002,2026-09-06T09:02:29.920757+00:00,2026-09-06T09:02:59.286744+00:00
84949954-1e36-5ea8-8da2-407d9943bde9,2026-08-26,fbe9013d-4e1e-50bd-9c47-83a3bf63b435,ec5b37ce-5d28-5863-ab9e-a0ccf1849798,252,2026-09-06T09:02:29.920757+00:00,2026-09-06T09:02:59.286744+00:00
d4c4224c-8fc7-5823-8a86-d401c1d0a309,2026-08-26,d0d1c5ae-5804-564b-93f3-4f8197e88acc,7a7a3fdb-6391-53f9-8bd9-df3407629f76,1046,2026-09-06T09:02:29.920757+00:00,2026-09-06T09:02:59.286744+00:00
c4d42490-a873-5285-82a9-c796608cb54c,2026-08-26,d0d1c5ae-5804-564b-93f3-4f8197e88acc,dbfc2058-2059-5d59-9e31-d733ab494bb2,1720,2026-09-06T09:02:29.920757+00:00,2026-09-06T09:02:59.286744+00:00
1df7e8bf-b4e3-57fa-9af2-bd3628ae97a6,2026-08-26,d84a9ec1-7b28-54f4-a4a8-a9177fa53327,274c3d65-43dd-5c12-a6d1-7f5e1027d70c,4662,2026-09-06T09:02:29.920757+00:00,2026-09-06T09:02:59.286744+00:00
8a9b2c16-7533-5174-81e7-e5b4d9907961,2026-08-26,d84a9ec1-7b28-54f4-a4a8-a9177fa53327,ddfaa455-1f92-559f-8e2e-2e4b0733758a,1002,2026-09-06T09:02:29.920757+00:00,2026-09-06T09:02:59.286744+00:00
d9bb89a1-83c4-5e1d-a377-1f8febfa7b41,2026-08-27,0a488a58-f45d-550b-8e16-feb5d935622d,b0fe7d40-daa6-5dd5-8ff7-1a8e35c314c5,3688,2026-09-06T09:02:29.920757+00:00,2026-09-06T09:02:59.286744+00:00
16345db8-598d-5d4b-bf51-0e5dd2d18c47,2026-08-27,0a488a58-f45d-550b-8e16-feb5d935622d,3e422a3b-8a18-58de-80f2-7d0f5a98c795,2731,2026-09-06T09:02:29.920757+00:00,2026-09-06T09:02:59.286744+00:00
c29e737f-3db5-50c1-b469-b2b6dad73b21,2026-08-27,fbe9013d-4e1e-50bd-9c47-83a3bf63b435,7640fa0b-d04b-51f5-bbfa-15e8edf8d6a0,1027,2026-09-06T09:02:29.920757+00:00,2026-09-06T09:02:59.286744+00:00
c36249f6-2abe-5a99-8666-36cb7d6e36df,2026-08-27,fbe9013d-4e1e-50bd-9c47-83a3bf63b435,f6b2ea38-8cba-5b62-853a-49146b84803f,1000,2026-09-06T09:02:29.920757+00:00,2026-09-06T09:02:59.286744+00:00
d5ca7886-430b-5d82-9bbf-4bb020042eb9,2026-08-27,fbe9013d-4e1e-50bd-9c47-83a3bf63b435,aba05b6d-bbfa-55c8-91ea-89d87edd3cee,2796,2026-09-06T09:02:29.920757+00:00,2026-09-06T09:02:59.286744+00:00
8b908782-2f85-5ae9-b98f-b256d6519e16,2026-08-27,fbe9013d-4e1e-50bd-9c47-83a3bf63b435,ec5b37ce-5d28-5863-ab9e-a0ccf1849798,599,2026-09-06T09:02:29.920757+00:00,2026-09-06T09:02:59.286744+00:00
2a78c369-1062-5cdf-b54b-24c3ea3b1bd6,2026-08-27,d0d1c5ae-5804-564b-93f3-4f8197e88acc,7a7a3fdb-6391-53f9-8bd9-df3407629f76,1359,2026-09-06T09:02:29.920757+00:00,2026-09-06T09:02:59.286744+00:00
55450866-815e-506b-b557-9a8e76a2fd25,2026-08-27,d0d1c5ae-5804-564b-93f3-4f8197e88acc,dbfc2058-2059-5d59-9e31-d733ab494bb2,1646,2026-09-06T09:02:29.920757+00:00,2026-09-06T09:02:59.286744+00:00
a7128ac8-aaad-5e53-8942-50370703cdb9,2026-08-27,d84a9ec1-7b28-54f4-a4a8-a9177fa53327,274c3d65-43dd-5c12-a6d1-7f5e1027d70c,2093,2026-09-06T09:02:29.920757+00:00,2026-09-06T09:02:59.286744+00:00
4fe2ed56-861a-5c89-a406-beb3876e6b93,2026-08-27,d84a9ec1-7b28-54f4-a4a8-a9177fa53327,ddfaa455-1f92-559f-8e2e-2e4b0733758a,2187,2026-09-06T09:02:29.920757+00:00,2026-09-06T09:02:59.286744+00:00
0ccfeae0-19af-5438-a4b0-18cc2d11b886,2026-08-28,0a488a58-f45d-550b-8e16-feb5d935622d,b0fe7d40-daa6-5dd5-8ff7-1a8e35c314c5,3567,2026-09-06T09:02:29.920757+00:00,2026-09-06T09:02:59.286744+00:00
0d7c781c-c534-5215-a38e-f977a1dc43a8,2026-08-28,0a488a58-f45d-550b-8e16-feb5d935622d,3e422a3b-8a18-58de-80f2-7d0f5a98c795,2219,2026-09-06T09:02:29.920757+00:00,2026-09-06T09:02:59.286744+00:00
ca5dc418-c951-5734-9555-a73c7549dc4d,2026-08-28,fbe9013d-4e1e-50bd-9c47-83a3bf63b435,7640fa0b-d04b-51f5-bbfa-15e8edf8d6a0,1636,2026-09-06T09:02:29.920757+00:00,2026-09-06T09:02:59.286744+00:00
8e24314f-31e2-570a-bb5e-e0041ad82ee3,2026-08-28,fbe9013d-4e1e-50bd-9c47-83a3bf63b435,f6b2ea38-8cba-5b62-853a-49146b84803f,679,2026-09-06T09:02:29.920757+00:00,2026-09-06T09:02:59.286744+00:00
26b89461-5e80-51b3-a67b-c9b127f91b56,2026-08-28,fbe9013d-4e1e-50bd-9c47-83a3bf63b435,aba05b6d-bbfa-55c8-91ea-89d87edd3cee,647,2026-09-06T09:02:29.920757+00:00,2026-09-06T09:02:59.286744+00:00
3b74226f-ed4e-5e9d-954c-75c511a12098,2026-08-28,fbe9013d-4e1e-50bd-9c47-83a3bf63b435,ec5b37ce-5d28-5863-ab9e-a0ccf1849798,535,2026-09-06T09:02:29.920757+00:00,2026-09-06T09:02:59.286744+00:00
db4b0973-75f5-5535-aef8-151ab30cc806,2026-08-28,d0d1c5ae-5804-564b-93f3-4f8197e88acc,7a7a3fdb-6391-53f9-8bd9-df3407629f76,1034,2026-09-06T09:02:29.920757+00:00,2026-09-06T09:02:59.286744+00:00
ef7938e0-334f-56b1-9901-b1e07c55c0eb,2026-08-28,d0d1c5ae-5804-564b-93f3-4f8197e88acc,dbfc2058-2059-5d59-9e31-d733ab494bb2,1699,2026-09-06T09:02:29.920757+00:00,2026-09-06T09:02:59.286744+00:00
f6f6635c-2c11-5670-aa19-fc9d327d345f,2026-08-28,d84a9ec1-7b28-54f4-a4a8-a9177fa53327,274c3d65-43dd-5c12-a6d1-7f5e1027d70c,664,2026-09-06T09:02:29.920757+00:00,2026-09-06T09:02:59.286744+00:00
3a288710-a839-5ac1-9615-b54804a1e46c,2026-08-28,d84a9ec1-7b28-54f4-a4a8-a9177fa53327,ddfaa455-1f92-559f-8e2e-2e4b0733758a,2453,2026-09-06T09:02:29.920757+00:00,2026-09-06T09:02:59.286744+00:00
8c1afb5a-1ddf-5156-9668-e27a7304a181,2026-08-29,0a488a58-f45d-550b-8e16-feb5d935622d,b0fe7d40-daa6-5dd5-8ff7-1a8e35c314c5,1735,2026-09-06T09:02:29.920757+00:00,2026-09-06T09:02:59.286744+00:00
9a4c199d-ae84-5481-80b3-807992cb4266,2026-08-29,0a488a58-f45d-550b-8e16-feb5d935622d,3e422a3b-8a18-58de-80f2-7d0f5a98c795,2603,2026-09-06T09:02:29.920757+00:00,2026-09-06T09:02:59.286744+00:00
505a98b6-6151-5ef3-b42e-96edef3bb800,2026-08-29,fbe9013d-4e1e-50bd-9c47-83a3bf63b435,7640fa0b-d04b-51f5-bbfa-15e8edf8d6a0,1495,2026-09-06T09:02:29.920757+00:00,2026-09-06T09:02:59.286744+00:00
7d99ca3c-4a2a-5459-bc89-b6c4d18ab71a,2026-08-29,fbe9013d-4e1e-50bd-9c47-83a3bf63b435,f6b2ea38-8cba-5b62-853a-49146b84803f,202,2026-09-06T09:02:29.920757+00:00,2026-09-06T09:02:59.286744+00:00
a5101971-5dbc-56c1-9a6e-c442cfdd6c3d,2026-08-29,fbe9013d-4e1e-50bd-9c47-83a3bf63b435,aba05b6d-bbfa-55c8-91ea-89d87edd3cee,993,2026-09-06T09:02:29.920757+00:00,2026-09-06T09:02:59.286744+00:00
d7f25bcd-168a-5659-949d-968bdd64b7ee,2026-08-29,fbe9013d-4e1e-50bd-9c47-83a3bf63b435,ec5b37ce-5d28-5863-ab9e-a0ccf1849798,567,2026-09-06T09:02:29.920757+00:00,2026-09-06T09:02:59.286744+00:00
cb5106df-b831-5d6e-bb73-7c5cdf7d62e2,2026-08-29,d0d1c5ae-5804-564b-93f3-4f8197e88acc,7a7a3fdb-6391-53f9-8bd9-df3407629f76,737,2026-09-06T09:02:29.920757+00:00,2026-09-06T09:02:59.286744+00:00
04e70e06-c182-5b45-ab6a-ab8bbe7d01f8,2026-08-29,d0d1c5ae-5804-564b-93f3-4f8197e88acc,dbfc2058-2059-5d59-9e31-d733ab494bb2,1221,2026-09-06T09:02:29.920757+00:00,2026-09-06T09:02:59.286744+00:00
ae36a991-1957-56c9-b302-7233e1f2ea67,2026-08-29,d84a9ec1-7b28-54f4-a4a8-a9177fa53327,274c3d65-43dd-5c12-a6d1-7f5e1027d70c,1679,2026-09-06T09:02:29.920757+00:00,2026-09-06T09:02:59.286744+00:00
c35aa731-8ffc-5be3-b58a-cccb13ca16fb,2026-08-29,d84a9ec1-7b28-54f4-a4a8-a9177fa53327,ddfaa455-1f92-559f-8e2e-2e4b0733758a,1523,2026-09-06T09:02:29.920757+00:00,2026-09-06T09:02:59.286744+00:00
ddc83e1a-0abd-5372-8c51-88ec11ef0b16,2026-08-31,0a488a58-f45d-550b-8e16-feb5d935622d,b0fe7d40-daa6-5dd5-8ff7-1a8e35c314c5,1854,2026-09-06T09:02:29.920757+00:00,2026-09-06T09:02:59.286744+00:00
958ecd95-cc2f-5263-801c-dd27bafc91d0,2026-08-31,0a488a58-f45d-550b-8e16-feb5d935622d,3e422a3b-8a18-58de-80f2-7d0f5a98c795,4191,2026-09-06T09:02:29.920757+00:00,2026-09-06T09:02:59.286744+00:00
2b4ff481-3c6e-550d-bf36-4ece9467818b,2026-08-31,fbe9013d-4e1e-50bd-9c47-83a3bf63b435,7640fa0b-d04b-51f5-bbfa-15e8edf8d6a0,1918,2026-09-06T09:02:29.920757+00:00,2026-09-06T09:02:59.286744+00:00
02023652-fc71-539a-9808-794565459e31,2026-08-31,fbe9013d-4e1e-50bd-9c47-83a3bf63b435,f6b2ea38-8cba-5b62-853a-49146b84803f,941,2026-09-06T09:02:29.920757+00:00,2026-09-06T09:02:59.286744+00:00
101f28aa-b134-56a8-9173-2af7d5eef246,2026-08-31,fbe9013d-4e1e-50bd-9c47-83a3bf63b435,aba05b6d-bbfa-55c8-91ea-89d87edd3cee,650,2026-09-06T09:02:29.920757+00:00,2026-09-06T09:02:59.286744+00:00
3697ee8a-f410-5e62-9386-3656bc200225,2026-08-31,fbe9013d-4e1e-50bd-9c47-83a3bf63b435,ec5b37ce-5d28-5863-ab9e-a0ccf1849798,577,2026-09-06T09:02:29.920757+00:00,2026-09-06T09:02:59.286744+00:00
bfc97d68-0577-5e29-a489-8ebb6a45dd37,2026-08-31,d0d1c5ae-5804-564b-93f3-4f8197e88acc,7a7a3fdb-6391-53f9-8bd9-df3407629f76,1040,2026-09-06T09:02:29.920757+00:00,2026-09-06T09:02:59.286744+00:00
32bbffa8-c3fb-566e-abe1-cb64e2c5b362,2026-08-31,d0d1c5ae-5804-564b-93f3-4f8197e88acc,dbfc2058-2059-5d59-9e31-d733ab494bb2,875,2026-09-06T09:02:29.920757+00:00,2026-09-06T09:02:59.286744+00:00
92cacc93-373b-5ce4-afa9-3e0dfda46bfc,2026-08-31,d84a9ec1-7b28-54f4-a4a8-a9177fa53327,274c3d65-43dd-5c12-a6d1-7f5e1027d70c,680,2026-09-06T09:02:29.920757+00:00,2026-09-06T09:02:59.286744+00:00
c19307f6-e825-5cfa-8e4e-fcafe9625d2c,2026-08-31,d84a9ec1-7b28-54f4-a4a8-a9177fa53327,ddfaa455-1f92-559f-8e2e-2e4b0733758a,2805,2026-09-06T09:02:29.920757+00:00,2026-09-06T09:02:59.286744+00:00
0866aa55-f2fa-5132-979f-eea016f01db8,2026-09-01,0a488a58-f45d-550b-8e16-feb5d935622d,b0fe7d40-daa6-5dd5-8ff7-1a8e35c314c5,3702,2026-09-06T09:02:29.920757+00:00,2026-09-06T09:02:59.286744+00:00
2ba52810-82fe-5044-a5b6-0c5e18fecf47,2026-09-01,0a488a58-f45d-550b-8e16-feb5d935622d,3e422a3b-8a18-58de-80f2-7d0f5a98c795,2235,2026-09-06T09:02:29.920757+00:00,2026-09-06T09:02:59.286744+00:00
df0563bf-fe1c-5ec2-829d-cedd0c318d90,2026-09-01,fbe9013d-4e1e-50bd-9c47-83a3bf63b435,7640fa0b-d04b-51f5-bbfa-15e8edf8d6a0,819,2026-09-06T09:02:29.920757+00:00,2026-09-06T09:02:59.286744+00:00
1252aea1-adfa-5f5f-bf7b-cfc90cbcecf3,2026-09-01,fbe9013d-4e1e-50bd-9c47-83a3bf63b435,f6b2ea38-8cba-5b62-853a-49146b84803f,1679,2026-09-06T09:02:29.920757+00:00,2026-09-06T09:02:59.286744+00:00
2fac5229-8678-5047-82ee-f351c37f99e8,2026-09-01,fbe9013d-4e1e-50bd-9c47-83a3bf63b435,aba05b6d-bbfa-55c8-91ea-89d87edd3cee,717,2026-09-06T09:02:29.920757+00:00,2026-09-06T09:02:59.286744+00:00
0980d5c5-9a9a-5630-806a-959a5b5769c9,2026-09-01,fbe9013d-4e1e-50bd-9c47-83a3bf63b435,ec5b37ce-5d28-5863-ab9e-a0ccf1849798,1033,2026-09-06T09:02:29.920757+00:00,2026-09-06T09:02:59.286744+00:00
2de52edd-0846-5db4-9646-76b42964e1e7,2026-09-01,d0d1c5ae-5804-564b-93f3-4f8197e88acc,7a7a3fdb-6391-53f9-8bd9-df3407629f76,535,2026-09-06T09:02:29.920757+00:00,2026-09-06T09:02:59.286744+00:00
e32ac830-0a3f-5ac3-b527-c02ac9e04a5d,2026-09-01,d0d1c5ae-5804-564b-93f3-4f8197e88acc,dbfc2058-2059-5d59-9e31-d733ab494bb2,1638,2026-09-06T09:02:29.920757+00:00,2026-09-06T09:02:59.286744+00:00
fe28019e-f908-552d-9622-76c9f4d5c183,2026-09-01,d84a9ec1-7b28-54f4-a4a8-a9177fa53327,274c3d65-43dd-5c12-a6d1-7f5e1027d70c,3731,2026-09-06T09:02:29.920757+00:00,2026-09-06T09:02:59.286744+00:00
d66c6386-8808-55a8-80b0-e17d305844df,2026-09-01,d84a9ec1-7b28-54f4-a4a8-a9177fa53327,ddfaa455-1f92-559f-8e2e-2e4b0733758a,1061,2026-09-06T09:02:29.920757+00:00,2026-09-06T09:02:59.286744+00:00
f7c1c4bf-99ac-5161-aa16-53c2fa30f0c7,2026-09-02,0a488a58-f45d-550b-8e16-feb5d935622d,b0fe7d40-daa6-5dd5-8ff7-1a8e35c314c5,2989,2026-09-06T09:02:29.920757+00:00,2026-09-06T09:02:59.286744+00:00
c2e15e73-7f47-5a8b-acbe-3894bf204daa,2026-09-02,0a488a58-f45d-550b-8e16-feb5d935622d,3e422a3b-8a18-58de-80f2-7d0f5a98c795,3217,2026-09-06T09:02:29.920757+00:00,2026-09-06T09:02:59.286744+00:00
e4a6c155-f7df-5aa8-81c5-762adc593b18,2026-09-02,fbe9013d-4e1e-50bd-9c47-83a3bf63b435,7640fa0b-d04b-51f5-bbfa-15e8edf8d6a0,754,2026-09-06T09:02:29.920757+00:00,2026-09-06T09:02:59.286744+00:00
41d3ed19-8e06-5d8a-a77b-80d95243d8c6,2026-09-02,fbe9013d-4e1e-50bd-9c47-83a3bf63b435,f6b2ea38-8cba-5b62-853a-49146b84803f,636,2026-09-06T09:02:29.920757+00:00,2026-09-06T09:02:59.286744+00:00
7a6ad055-a556-5a51-8ecd-d05bc4a65fba,2026-09-02,fbe9013d-4e1e-50bd-9c47-83a3bf63b435,aba05b6d-bbfa-55c8-91ea-89d87edd3cee,745,2026-09-06T09:02:29.920757+00:00,2026-09-06T09:02:59.286744+00:00
f2cada82-fa0f-5253-8c80-aa917e54e754,2026-09-02,fbe9013d-4e1e-50bd-9c47-83a3bf63b435,ec5b37ce-5d28-5863-ab9e-a0ccf1849798,1645,2026-09-06T09:02:29.920757+00:00,2026-09-06T09:02:59.286744+00:00
9d97decb-c579-5073-beb8-ac73010386e7,2026-09-02,d0d1c5ae-5804-564b-93f3-4f8197e88acc,7a7a3fdb-6391-53f9-8bd9-df3407629f76,994,2026-09-06T09:02:29.920757+00:00,2026-09-06T09:02:59.286744+00:00
0d140318-23b1-5c30-b985-632c84aafdb8,2026-09-02,d0d1c5ae-5804-564b-93f3-4f8197e88acc,dbfc2058-2059-5d59-9e31-d733ab494bb2,950,2026-09-06T09:02:29.920757+00:00,2026-09-06T09:02:59.286744+00:00
3dbc23a4-210d-5e38-8d28-d4891b38f672,2026-09-02,d84a9ec1-7b28-54f4-a4a8-a9177fa53327,274c3d65-43dd-5c12-a6d1-7f5e1027d70c,3110,2026-09-06T09:02:29.920757+00:00,2026-09-06T09:02:59.286744+00:00
70124c33-05e2-5a7b-84c7-64b437b49bda,2026-09-02,d84a9ec1-7b28-54f4-a4a8-a9177fa53327,ddfaa455-1f92-559f-8e2e-2e4b0733758a,1737,2026-09-06T09:02:29.920757+00:00,2026-09-06T09:02:59.286744+00:00
ceff1498-d00e-5b06-b9c0-31e7fd50d8b3,2026-09-03,0a488a58-f45d-550b-8e16-feb5d935622d,b0fe7d40-daa6-5dd5-8ff7-1a8e35c314c5,4013,2026-09-06T09:02:29.920757+00:00,2026-09-06T09:02:59.286744+00:00
a6365f63-966d-533d-aa37-a776a6a16cd9,2026-09-03,0a488a58-f45d-550b-8e16-feb5d935622d,3e422a3b-8a18-58de-80f2-7d0f5a98c795,2406,2026-09-06T09:02:29.920757+00:00,2026-09-06T09:02:59.286744+00:00
567095a5-fb9e-518f-8182-d8c18923aad7,2026-09-03,fbe9013d-4e1e-50bd-9c47-83a3bf63b435,f6b2ea38-8cba-5b62-853a-49146b84803f,1171,2026-09-06T09:02:29.920757+00:00,2026-09-06T09:02:59.286744+00:00
7b3b3329-47c3-5c63-8c85-531b5230e265,2026-09-03,fbe9013d-4e1e-50bd-9c47-83a3bf63b435,aba05b6d-bbfa-55c8-91ea-89d87edd3cee,2283,2026-09-06T09:02:29.920757+00:00,2026-09-06T09:02:59.286744+00:00
6204b564-f7cd-5ab2-a0e5-af6210e5f8b8,2026-09-03,fbe9013d-4e1e-50bd-9c47-83a3bf63b435,ec5b37ce-5d28-5863-ab9e-a0ccf1849798,1217,2026-09-06T09:02:29.920757+00:00,2026-09-06T09:02:59.286744+00:00
2fbe1b0a-25c4-5da9-bcbf-75eba78f28ec,2026-09-03,d0d1c5ae-5804-564b-93f3-4f8197e88acc,7a7a3fdb-6391-53f9-8bd9-df3407629f76,780,2026-09-06T09:02:29.920757+00:00,2026-09-06T09:02:59.286744+00:00
d5820f68-89c0-571a-8f26-b5c1caf61970,2026-09-03,d0d1c5ae-5804-564b-93f3-4f8197e88acc,dbfc2058-2059-5d59-9e31-d733ab494bb2,1284,2026-09-06T09:02:29.920757+00:00,2026-09-06T09:02:59.286744+00:00
9361c3d3-b9d3-5a56-a046-044e22ff5d27,2026-09-03,d84a9ec1-7b28-54f4-a4a8-a9177fa53327,274c3d65-43dd-5c12-a6d1-7f5e1027d70c,1505,2026-09-06T09:02:29.920757+00:00,2026-09-06T09:02:59.286744+00:00
f761e61c-0c5b-5866-9214-fd2744bcb9ab,2026-09-03,d84a9ec1-7b28-54f4-a4a8-a9177fa53327,ddfaa455-1f92-559f-8e2e-2e4b0733758a,2147,2026-09-06T09:02:29.920757+00:00,2026-09-06T09:02:59.286744+00:00
6b411944-f957-5ab3-bce5-98e70b130ef6,2026-09-04,0a488a58-f45d-550b-8e16-feb5d935622d,b0fe7d40-daa6-5dd5-8ff7-1a8e35c314c5,2972,2026-09-06T09:02:29.920757+00:00,2026-09-06T09:02:59.286744+00:00
2f96fa4e-811c-5b04-a8bb-3434d3777063,2026-09-04,0a488a58-f45d-550b-8e16-feb5d935622d,3e422a3b-8a18-58de-80f2-7d0f5a98c795,2326,2026-09-06T09:02:29.920757+00:00,2026-09-06T09:02:59.286744+00:00
fa0f6675-b2bd-5e37-80bf-eaa7665a3a50,2026-09-04,fbe9013d-4e1e-50bd-9c47-83a3bf63b435,7640fa0b-d04b-51f5-bbfa-15e8edf8d6a0,1539,2026-09-06T09:02:29.920757+00:00,2026-09-06T09:02:59.286744+00:00
51902c6f-41a0-5656-91c1-fd84b9fa29a3,2026-09-04,fbe9013d-4e1e-50bd-9c47-83a3bf63b435,f6b2ea38-8cba-5b62-853a-49146b84803f,608,2026-09-06T09:02:29.920757+00:00,2026-09-06T09:02:59.286744+00:00
9cb2b9b9-ab59-58da-ad39-30f333f6df5f,2026-09-04,fbe9013d-4e1e-50bd-9c47-83a3bf63b435,aba05b6d-bbfa-55c8-91ea-89d87edd3cee,629,2026-09-06T09:02:29.920757+00:00,2026-09-06T09:02:59.286744+00:00
148ab490-2531-5349-83ee-ed8d82c74147,2026-09-04,fbe9013d-4e1e-50bd-9c47-83a3bf63b435,ec5b37ce-5d28-5863-ab9e-a0ccf1849798,586,2026-09-06T09:02:29.920757+00:00,2026-09-06T09:02:59.286744+00:00
a01be867-f0d5-5fc8-95f2-b7acbf372af1,2026-09-04,d0d1c5ae-5804-564b-93f3-4f8197e88acc,7a7a3fdb-6391-53f9-8bd9-df3407629f76,1066,2026-09-06T09:02:29.920757+00:00,2026-09-06T09:02:59.286744+00:00
8a419468-785c-5728-b9db-c6e1cc9f7857,2026-09-04,d0d1c5ae-5804-564b-93f3-4f8197e88acc,dbfc2058-2059-5d59-9e31-d733ab494bb2,818,2026-09-06T09:02:29.920757+00:00,2026-09-06T09:02:59.286744+00:00
3533514d-c914-5991-a80c-54aea3bf96aa,2026-09-04,d84a9ec1-7b28-54f4-a4a8-a9177fa53327,274c3d65-43dd-5c12-a6d1-7f5e1027d70c,2104,2026-09-06T09:02:29.920757+00:00,2026-09-06T09:02:59.286744+00:00
3a219463-05d7-538f-810b-e78129932a55,2026-09-04,d84a9ec1-7b28-54f4-a4a8-a9177fa53327,ddfaa455-1f92-559f-8e2e-2e4b0733758a,1124,2026-09-06T09:02:29.920757+00:00,2026-09-06T09:02:59.286744+00:00
7e3354d8-5187-569d-92df-84319a086d6f,2026-09-05,0a488a58-f45d-550b-8e16-feb5d935622d,b0fe7d40-daa6-5dd5-8ff7-1a8e35c314c5,2751,2026-09-06T09:02:29.920757+00:00,2026-09-06T09:02:59.286744+00:00
8a3947e2-2bba-5212-9063-dfea6269ea1b,2026-09-05,0a488a58-f45d-550b-8e16-feb5d935622d,3e422a3b-8a18-58de-80f2-7d0f5a98c795,1903,2026-09-06T09:02:29.920757+00:00,2026-09-06T09:02:59.286744+00:00
4b74ec52-4bc8-510a-be71-ba54a60a2046,2026-09-05,fbe9013d-4e1e-50bd-9c47-83a3bf63b435,7640fa0b-d04b-51f5-bbfa-15e8edf8d6a0,854,2026-09-06T09:02:29.920757+00:00,2026-09-06T09:02:59.286744+00:00
4b9fda1c-01dc-5015-8286-da1df6dc14fb,2026-09-05,fbe9013d-4e1e-50bd-9c47-83a3bf63b435,f6b2ea38-8cba-5b62-853a-49146b84803f,409,2026-09-06T09:02:29.920757+00:00,2026-09-06T09:02:59.286744+00:00
db02d7d2-875e-550b-8f21-fc7b2a9003f8,2026-09-05,fbe9013d-4e1e-50bd-9c47-83a3bf63b435,aba05b6d-bbfa-55c8-91ea-89d87edd3cee,1532,2026-09-06T09:02:29.920757+00:00,2026-09-06T09:02:59.286744+00:00
f5d74120-68d6-5243-90bd-44b68cd09bff,2026-09-05,fbe9013d-4e1e-50bd-9c47-83a3bf63b435,ec5b37ce-5d28-5863-ab9e-a0ccf1849798,223,2026-09-06T09:02:29.920757+00:00,2026-09-06T09:02:59.286744+00:00
ef2ba206-ed4e-58e3-a0b7-19d2df3223c6,2026-09-05,d0d1c5ae-5804-564b-93f3-4f8197e88acc,7a7a3fdb-6391-53f9-8bd9-df3407629f76,365,2026-09-06T09:02:29.920757+00:00,2026-09-06T09:02:59.286744+00:00
588e71d1-a9a4-54e1-a892-636c753aac78,2026-09-05,d0d1c5ae-5804-564b-93f3-4f8197e88acc,dbfc2058-2059-5d59-9e31-d733ab494bb2,1293,2026-09-06T09:02:29.920757+00:00,2026-09-06T09:02:59.286744+00:00
5310a4d0-e838-5743-be01-255ce79bdd01,2026-09-05,d84a9ec1-7b28-54f4-a4a8-a9177fa53327,274c3d65-43dd-5c12-a6d1-7f5e1027d70c,558,2026-09-06T09:02:29.920757+00:00,2026-09-06T09:02:59.286744+00:00
2ae2b8ad-a704-508f-a42b-1f31f98395af,2026-09-05,d84a9ec1-7b28-54f4-a4a8-a9177fa53327,ddfaa455-1f92-559f-8e2e-2e4b0733758a,989,2026-09-06T09:02:29.920757+00:00,2026-09-06T09:02:59.286744+00:00
