id,inventory_item_id,transaction_type,quantity_delta,balance_after,reference,notes,occurred_at,created_by,created_at
61524a1f-9315-5250-a8a1-93ce278242d1,afe44002-9c69-5696-9325-6488ce5f12a6,ISSUE,-704.168,42500.0,ISS-RM-STEEL-BILLET-2026-09-05,Issued to production.,2026-09-05T14:00:00+00:00,a3326004-c6ac-5617-a46c-ac7418e1b55c,2026-09-06T09:02:29.920757+00:00
4a01fdc1-34dd-5514-9e8e-1b14ca242ace,afe44002-9c69-5696-9325-6488ce5f12a6,ISSUE,-773.845,43204.168,ISS-RM-STEEL-BILLET-2026-09-04,Issued to production.,2026-09-04T14:00:00+00:00,a3326004-c6ac-5617-a46c-ac7418e1b55c,2026-09-06T09:02:29.920757+00:00
34b4acfa-6e14-515e-bee2-b56fef8fb05e,afe44002-9c69-5696-9325-6488ce5f12a6,ISSUE,-870.418,43978.013,ISS-RM-STEEL-BILLET-2026-09-03,Issued to production.,2026-09-03T14:00:00+00:00,a3326004-c6ac-5617-a46c-ac7418e1b55c,2026-09-06T09:02:29.920757+00:00
cec9ac19-1764-5dcf-a03e-739e70c2f235,afe44002-9c69-5696-9325-6488ce5f12a6,ISSUE,-656.192,44848.431,ISS-RM-STEEL-BILLET-2026-09-02,Issued to production.,2026-09-02T14:00:00+00:00,a3326004-c6ac-5617-a46c-ac7418e1b55c,2026-09-06T09:02:29.920757+00:00
9fc5c161-fb26-56bb-a419-c5a20bb4c850,afe44002-9c69-5696-9325-6488ce5f12a6,ISSUE,-733.239,45504.623,ISS-RM-STEEL-BILLET-2026-09-01,Issued to production.,2026-09-01T14:00:00+00:00,a3326004-c6ac-5617-a46c-ac7418e1b55c,2026-09-06T09:02:29.920757+00:00
392374f1-ead6-585e-97d7-0f26ec32e6a9,afe44002-9c69-5696-9325-6488ce5f12a6,ISSUE,-832.211,46237.862,ISS-RM-STEEL-BILLET-2026-08-31,Issued to production.,2026-08-31T14:00:00+00:00,a3326004-c6ac-5617-a46c-ac7418e1b55c,2026-09-06T09:02:29.920757+00:00
2368848d-7ef6-5f4f-b718-198869767ae5,afe44002-9c69-5696-9325-6488ce5f12a6,ISSUE,-839.516,47070.073,ISS-RM-STEEL-BILLET-2026-08-29,Issued to production.,2026-08-29T14:00:00+00:00,a3326004-c6ac-5617-a46c-ac7418e1b55c,2026-09-06T09:02:29.920757+00:00
2d34a305-dcc8-5559-9977-0f9ced3b351c,afe44002-9c69-5696-9325-6488ce5f12a6,ISSUE,-736.32,47909.589,ISS-RM-STEEL-BILLET-2026-08-28,Issued to production.,2026-08-28T14:00:00+00:00,a3326004-c6ac-5617-a46c-ac7418e1b55c,2026-09-06T09:02:29.920757+00:00
549037b6-e20e-5160-9313-f832d93633ff,afe44002-9c69-5696-9325-6488ce5f12a6,ISSUE,-702.935,48645.909,ISS-RM-STEEL-BILLET-2026-08-27,Issued to production.,2026-08-27T14:00:00+00:00,a3326004-c6ac-5617-a46c-ac7418e1b55c,2026-09-06T09:02:29.920757+00:00
5af2d1f5-7b20-5745-aaa7-b60a9ca25bb1,afe44002-9c69-5696-9325-6488ce5f12a6,ISSUE,-656.198,49348.844,ISS-RM-STEEL-BILLET-2026-08-26,Issued to production.,2026-08-26T14:00:00+00:00,a3326004-c6ac-5617-a46c-ac7418e1b55c,2026-09-06T09:02:29.920757+00:00
509aae3b-db8e-521f-8ee7-47d3b5491977,afe44002-9c69-5696-9325-6488ce5f12a6,ISSUE,-897.924,50005.042,ISS-RM-STEEL-BILLET-2026-08-25,Issued to production.,2026-08-25T14:00:00+00:00,a3326004-c6ac-5617-a46c-ac7418e1b55c,2026-09-06T09:02:29.920757+00:00
4193be6d-6f8e-582c-9822-e5fa999c15b8,afe44002-9c69-5696-9325-6488ce5f12a6,ISSUE,-905.752,50902.966,ISS-RM-STEEL-BILLET-2026-08-24,Issued to production.,2026-08-24T14:00:00+00:00,a3326004-c6ac-5617-a46c-ac7418e1b55c,2026-09-06T09:02:29.920757+00:00
f7bc7afa-d4b8-5554-a688-0cac221dab2e,afe44002-9c69-5696-9325-6488ce5f12a6,ISSUE,-761.345,51808.718,ISS-RM-STEEL-BILLET-2026-08-22,Issued to production.,2026-08-22T14:00:00+00:00,a3326004-c6ac-5617-a46c-ac7418e1b55c,2026-09-06T09:02:29.920757+00:00
a267da33-0dfb-53fe-9ea3-8e920e05c7e5,afe44002-9c69-5696-9325-6488ce5f12a6,ISSUE,-872.195,52570.063,ISS-RM-STEEL-BILLET-2026-08-21,Issued to production.,2026-08-21T14:00:00+00:00,a3326004-c6ac-5617-a46c-ac7418e1b55c,2026-09-06T09:02:29.920757+00:00
a1b8e188-4f08-55d4-8184-d2659eb61f3e,afe44002-9c69-5696-9325-6488ce5f12a6,ISSUE,-893.329,53442.258,ISS-RM-STEEL-BILLET-2026-08-20,Issued to production.,2026-08-20T14:00:00+00:00,a3326004-c6ac-5617-a46c-ac7418e1b55c,2026-09-06T09:02:29.920757+00:00
b8657bea-f5e9-58c1-bbad-312eb80c6e04,afe44002-9c69-5696-9325-6488ce5f12a6,RECEIPT,9935.894,54335.587,GRN-RM-STEEL-BILLET-2026-08-20,Goods received from Nordkraft Steel AB.,2026-08-20T10:00:00+00:00,a3326004-c6ac-5617-a46c-ac7418e1b55c,2026-09-06T09:02:29.920757+00:00
5da4eb80-f882-50d0-8c63-9b09bf945d2b,afe44002-9c69-5696-9325-6488ce5f12a6,ISSUE,-807.046,44399.693,ISS-RM-STEEL-BILLET-2026-08-19,Issued to production.,2026-08-19T14:00:00+00:00,a3326004-c6ac-5617-a46c-ac7418e1b55c,2026-09-06T09:02:29.920757+00:00
f7408fb7-614e-5df0-b02a-e1f782f92d29,afe44002-9c69-5696-9325-6488ce5f12a6,ISSUE,-883.158,45206.739,ISS-RM-STEEL-BILLET-2026-08-18,Issued to production.,2026-08-18T14:00:00+00:00,a3326004-c6ac-5617-a46c-ac7418e1b55c,2026-09-06T09:02:29.920757+00:00
bb09ebad-2c8c-5084-849f-f270f3a618e8,afe44002-9c69-5696-9325-6488ce5f12a6,ISSUE,-899.212,46089.897,ISS-RM-STEEL-BILLET-2026-08-17,Issued to production.,2026-08-17T14:00:00+00:00,a3326004-c6ac-5617-a46c-ac7418e1b55c,2026-09-06T09:02:29.920757+00:00
bce77a63-07f7-5454-8b27-83b13f0179c1,afe44002-9c69-5696-9325-6488ce5f12a6,ISSUE,-694.84,46989.109,ISS-RM-STEEL-BILLET-2026-08-15,Issued to production.,2026-08-15T14:00:00+00:00,a3326004-c6ac-5617-a46c-ac7418e1b55c,2026-09-06T09:02:29.920757+00:00
f02152ee-9e40-5ec8-856e-5935ca39da8e,afe44002-9c69-5696-9325-6488ce5f12a6,ISSUE,-742.278,47683.949,ISS-RM-STEEL-BILLET-2026-08-14,Issued to production.,2026-08-14T14:00:00+00:00,a3326004-c6ac-5617-a46c-ac7418e1b55c,2026-09-06T09:02:29.920757+00:00
3f1fd129-d52e-521b-8e57-a670127fddb4,afe44002-9c69-5696-9325-6488ce5f12a6,ISSUE,-777.735,48426.227,ISS-RM-STEEL-BILLET-2026-08-13,Issued to production.,2026-08-13T14:00:00+00:00,a3326004-c6ac-5617-a46c-ac7418e1b55c,2026-09-06T09:02:29.920757+00:00
75e3269d-4cd6-5c77-a28d-53facfe65b3d,afe44002-9c69-5696-9325-6488ce5f12a6,ISSUE,-786.378,49203.962,ISS-RM-STEEL-BILLET-2026-08-12,Issued to production.,2026-08-12T14:00:00+00:00,a3326004-c6ac-5617-a46c-ac7418e1b55c,2026-09-06T09:02:29.920757+00:00
6b563fe2-ab7f-5e5d-860d-430266df7933,afe44002-9c69-5696-9325-6488ce5f12a6,ISSUE,-641.707,49990.34,ISS-RM-STEEL-BILLET-2026-08-11,Issued to production.,2026-08-11T14:00:00+00:00,a3326004-c6ac-5617-a46c-ac7418e1b55c,2026-09-06T09:02:29.920757+00:00
af9853c8-9181-59b9-b266-a2acca6c73dc,afe44002-9c69-5696-9325-6488ce5f12a6,ISSUE,-651.33,50632.047,ISS-RM-STEEL-BILLET-2026-08-10,Issued to production.,2026-08-10T14:00:00+00:00,a3326004-c6ac-5617-a46c-ac7418e1b55c,2026-09-06T09:02:29.920757+00:00
7247eff7-dbe0-578a-854f-c5581a996bf3,afe44002-9c69-5696-9325-6488ce5f12a6,ISSUE,-734.729,51283.377,ISS-RM-STEEL-BILLET-2026-08-08,Issued to production.,2026-08-08T14:00:00+00:00,a3326004-c6ac-5617-a46c-ac7418e1b55c,2026-09-06T09:02:29.920757+00:00
3ea1e8d8-f6eb-5dee-a7ba-b004db840047,afe44002-9c69-5696-9325-6488ce5f12a6,ISSUE,-899.116,52018.106,ISS-RM-STEEL-BILLET-2026-08-07,Issued to production.,2026-08-07T14:00:00+00:00,a3326004-c6ac-5617-a46c-ac7418e1b55c,2026-09-06T09:02:29.920757+00:00
41138ea4-8c3d-5fd9-8e9d-b3eccf9bf03f,afe44002-9c69-5696-9325-6488ce5f12a6,ISSUE,-655.121,52917.222,ISS-RM-STEEL-BILLET-2026-08-06,Issued to production.,2026-08-06T14:00:00+00:00,a3326004-c6ac-5617-a46c-ac7418e1b55c,2026-09-06T09:02:29.920757+00:00
eafe690d-d04b-5f07-b4cc-14c85191e4c9,afe44002-9c69-5696-9325-6488ce5f12a6,ISSUE,-809.542,53572.343,ISS-RM-STEEL-BILLET-2026-08-05,Issued to production.,2026-08-05T14:00:00+00:00,a3326004-c6ac-5617-a46c-ac7418e1b55c,2026-09-06T09:02:29.920757+00:00
f4a235ff-d7bf-5a36-81d4-76c819d316a9,afe44002-9c69-5696-9325-6488ce5f12a6,ISSUE,-893.337,54381.885,ISS-RM-STEEL-BILLET-2026-08-04,Issued to production.,2026-08-04T14:00:00+00:00,a3326004-c6ac-5617-a46c-ac7418e1b55c,2026-09-06T09:02:29.920757+00:00
e1d53693-8ab1-59a0-8806-a07d93b34d79,afe44002-9c69-5696-9325-6488ce5f12a6,ISSUE,-648.34,55275.222,ISS-RM-STEEL-BILLET-2026-08-03,Issued to production.,2026-08-03T14:00:00+00:00,a3326004-c6ac-5617-a46c-ac7418e1b55c,2026-09-06T09:02:29.920757+00:00
40138f58-cdd8-5cf1-846c-af2de29e2064,afe44002-9c69-5696-9325-6488ce5f12a6,ISSUE,-752.242,55923.562,ISS-RM-STEEL-BILLET-2026-08-01,Issued to production.,2026-08-01T14:00:00+00:00,a3326004-c6ac-5617-a46c-ac7418e1b55c,2026-09-06T09:02:29.920757+00:00
b06515df-7c61-54a5-a1a4-b326fcc889cf,afe44002-9c69-5696-9325-6488ce5f12a6,ISSUE,-739.124,56675.804,ISS-RM-STEEL-BILLET-2026-07-31,Issued to production.,2026-07-31T14:00:00+00:00,a3326004-c6ac-5617-a46c-ac7418e1b55c,2026-09-06T09:02:29.920757+00:00
62d17a97-6632-5033-b3a8-dca4de408afd,afe44002-9c69-5696-9325-6488ce5f12a6,ISSUE,-920.189,57414.928,ISS-RM-STEEL-BILLET-2026-07-30,Issued to production.,2026-07-30T14:00:00+00:00,a3326004-c6ac-5617-a46c-ac7418e1b55c,2026-09-06T09:02:29.920757+00:00
09738819-9bcd-5df2-8090-54272954847c,afe44002-9c69-5696-9325-6488ce5f12a6,RECEIPT,10035.839,58335.117,GRN-RM-STEEL-BILLET-2026-07-30,Goods received from Nordkraft Steel AB.,2026-07-30T10:00:00+00:00,a3326004-c6ac-5617-a46c-ac7418e1b55c,2026-09-06T09:02:29.920757+00:00
bcb31441-05a9-5701-b450-8b1b2bad535c,afe44002-9c69-5696-9325-6488ce5f12a6,ISSUE,-825.187,48299.278,ISS-RM-STEEL-BILLET-2026-07-29,Issued to production.,2026-07-29T14:00:00+00:00,a3326004-c6ac-5617-a46c-ac7418e1b55c,2026-09-06T09:02:29.920757+00:00
eca3696d-3c7e-5a8e-a7a0-3c7df493577a,afe44002-9c69-5696-9325-6488ce5f12a6,ISSUE,-767.426,49124.465,ISS-RM-STEEL-BILLET-2026-07-28,Issued to production.,2026-07-28T14:00:00+00:00,a3326004-c6ac-5617-a46c-ac7418e1b55c,2026-09-06T09:02:29.920757+00:00
38f6ef46-72e0-59a1-b0da-7a38c7762e6d,afe44002-9c69-5696-9325-6488ce5f12a6,ISSUE,-896.538,49891.891,ISS-RM-STEEL-BILLET-2026-07-27,Issued to production.,2026-07-27T14:00:00+00:00,a3326004-c6ac-5617-a46c-ac7418e1b55c,2026-09-06T09:02:29.920757+00:00
2b38dcb7-a0da-5af4-8fc1-1483184000d6,afe44002-9c69-5696-9325-6488ce5f12a6,ISSUE,-816.182,50788.429,ISS-RM-STEEL-BILLET-2026-07-25,Issued to production.,2026-07-25T14:00:00+00:00,a3326004-c6ac-5617-a46c-ac7418e1b55c,2026-09-06T09:02:29.920757+00:00
2d64be5c-29a7-5df6-85db-8f133c042e36,afe44002-9c69-5696-9325-6488ce5f12a6,ISSUE,-699.482,51604.611,ISS-RM-STEEL-BILLET-2026-07-24,Issued to production.,2026-07-24T14:00:00+00:00,a3326004-c6ac-5617-a46c-ac7418e1b55c,2026-09-06T09:02:29.920757+00:00
5a424510-4453-5f84-8a23-b043b807f4c7,afe44002-9c69-5696-9325-6488ce5f12a6,ISSUE,-836.178,52304.093,ISS-RM-STEEL-BILLET-2026-07-23,Issued to production.,2026-07-23T14:00:00+00:00,a3326004-c6ac-5617-a46c-ac7418e1b55c,2026-09-06T09:02:29.920757+00:00
13fd2a3b-9dae-5be3-ac65-40911e87dd93,afe44002-9c69-5696-9325-6488ce5f12a6,ISSUE,-716.373,53140.271,ISS-RM-STEEL-BILLET-2026-07-22,Issued to production.,2026-07-22T14:00:00+00:00,a3326004-c6ac-5617-a46c-ac7418e1b55c,2026-09-06T09:02:29.920757+00:00
511735a3-7201-5462-b635-fa17267435cd,afe44002-9c69-5696-9325-6488ce5f12a6,ISSUE,-717.133,53856.644,ISS-RM-STEEL-BILLET-2026-07-21,Issued to production.,2026-07-21T14:00:00+00:00,a3326004-c6ac-5617-a46c-ac7418e1b55c,2026-09-06T09:02:29.920757+00:00
1100968e-836a-5a23-8f38-141b0bf34384,afe44002-9c69-5696-9325-6488ce5f12a6,ISSUE,-714.999,54573.777,ISS-RM-STEEL-BILLET-2026-07-20,Issued to production.,2026-07-20T14:00:00+00:00,a3326004-c6ac-5617-a46c-ac7418e1b55c,2026-09-06T09:02:29.920757+00:00
c624e0ff-154d-5dd2-a9c5-04924080bf0a,afe44002-9c69-5696-9325-6488ce5f12a6,ISSUE,-841.205,55288.776,ISS-RM-STEEL-BILLET-2026-07-18,Issued to production.,2026-07-18T14:00:00+00:00,a3326004-c6ac-5617-a46c-ac7418e1b55c,2026-09-06T09:02:29.920757+00:00
ab79921a-512d-576d-bd8b-e0e8ec2d4061,afe44002-9c69-5696-9325-6488ce5f12a6,ISSUE,-780.744,56129.981,ISS-RM-STEEL-BILLET-2026-07-17,Issued to production.,2026-07-17T14:00:00+00:00,a3326004-c6ac-5617-a46c-ac7418e1b55c,2026-09-06T09:02:29.920757+00:00
50ff7acc-af08-52fa-83e6-a896a71f3f03,afe44002-9c69-5696-9325-6488ce5f12a6,ISSUE,-916.15,56910.725,ISS-RM-STEEL-BILLET-2026-07-16,Issued to production.,2026-07-16T14:00:00+00:00,a3326004-c6ac-5617-a46c-ac7418e1b55c,2026-09-06T09:02:29.920757+00:00
fed8452c-6fa5-5ad7-a65c-d148c81c1461,afe44002-9c69-5696-9325-6488ce5f12a6,ISSUE,-913.591,57826.875,ISS-RM-STEEL-BILLET-2026-07-15,Issued to production.,2026-07-15T14:00:00+00:00,a3326004-c6ac-5617-a46c-ac7418e1b55c,2026-09-06T09:02:29.920757+00:00
a5c1950f-36f5-51d0-a317-465a1a51f181,afe44002-9c69-5696-9325-6488ce5f12a6,ISSUE,-858.03,58740.466,ISS-RM-STEEL-BILLET-2026-07-14,Issued to production.,2026-07-14T14:00:00+00:00,a3326004-c6ac-5617-a46c-ac7418e1b55c,2026-09-06T09:02:29.920757+00:00
3333f262-186d-5ee7-a3a6-b936010214c9,afe44002-9c69-5696-9325-6488ce5f12a6,ISSUE,-828.225,59598.496,ISS-RM-STEEL-BILLET-2026-07-13,Issued to production.,2026-07-13T14:00:00+00:00,a3326004-c6ac-5617-a46c-ac7418e1b55c,2026-09-06T09:02:29.920757+00:00
7495ef5b-db59-584e-96f0-5be2ead293ad,afe44002-9c69-5696-9325-6488ce5f12a6,ISSUE,-680.732,60426.721,ISS-RM-STEEL-BILLET-2026-07-11,Issued to production.,2026-07-11T14:00:00+00:00,a3326004-c6ac-5617-a46c-ac7418e1b55c,2026-09-06T09:02:29.920757+00:00
ed26e1d8-dbcf-5573-aea5-bd59e75a6ecf,afe44002-9c69-5696-9325-6488ce5f12a6,ADJUSTMENT,-166.447,61107.453,ADJ-RM-STEEL-BILLET-2026-07-11,Stock-take correction.,2026-07-11T08:00:00+00:00,d5f14249-fde0-5187-ad97-ba8997afcc3d,2026-09-06T09:02:29.920757+00:00
483d8dfb-2953-5039-a39b-4d0211ae7a0c,afe44002-9c69-5696-9325-6488ce5f12a6,ISSUE,-866.554,61273.9,ISS-RM-STEEL-BILLET-2026-07-10,Issued to production.,2026-07-10T14:00:00+00:00,a3326004-c6ac-5617-a46c-ac7418e1b55c,2026-09-06T09:02:29.920757+00:00
21418204-8a52-5127-b9fb-9172230b56e4,afe44002-9c69-5696-9325-6488ce5f12a6,ISSUE,-782.062,62140.454,ISS-RM-STEEL-BILLET-2026-07-09,Issued to production.,2026-07-09T14:00:00+00:00,a3326004-c6ac-5617-a46c-ac7418e1b55c,2026-09-06T09:02:29.920757+00:00
ff1718f4-b7c6-5e5c-b19c-a6c06b13a1ee,afe44002-9c69-5696-9325-6488ce5f12a6,RECEIPT,9046.146,62922.516,GRN-RM-STEEL-BILLET-2026-07-09,Goods received from Nordkraft Steel AB.,2026-07-09T10:00:00+00:00,a3326004-c6ac-5617-a46c-ac7418e1b55c,2026-09-06T09:02:29.920757+00:00
b97b9972-e91b-5042-a2e3-5cddd351f3d0,afe44002-9c69-5696-9325-6488ce5f12a6,ISSUE,-809.138,53876.37,ISS-RM-STEEL-BILLET-2026-07-08,Issued to production.,2026-07-08T14:00:00+00:00,a3326004-c6ac-5617-a46c-ac7418e1b55c,2026-09-06T09:02:29.920757+00:00
64ab411e-66d1-5c95-9635-348207d2e668,afe44002-9c69-5696-9325-6488ce5f12a6,ISSUE,-889.774,54685.508,ISS-RM-STEEL-BILLET-2026-07-07,Issued to production.,2026-07-07T14:00:00+00:00,a3326004-c6ac-5617-a46c-ac7418e1b55c,2026-09-06T09:02:29.920757+00:00
6e4d1910-fb51-5e31-93c0-4c6d70f9b26a,afe44002-9c69-5696-9325-6488ce5f12a6,ISSUE,-769.631,55575.282,ISS-RM-STEEL-BILLET-2026-07-06,Issued to production.,2026-07-06T14:00:00+00:00,a3326004-c6ac-5617-a46c-ac7418e1b55c,2026-09-06T09:02:29.920757+00:00
e8bf5f21-4303-5fbb-ab09-bc2e3b44466e,afe44002-9c69-5696-9325-6488ce5f12a6,ISSUE,-789.159,56344.913,ISS-RM-STEEL-BILLET-2026-07-04,Issued to production.,2026-07-04T14:00:00+00:00,a3326004-c6ac-5617-a46c-ac7418e1b55c,2026-09-06T09:02:29.920757+00:00
da69de3a-e349-5ec7-8e18-5a054328d0f2,afe44002-9c69-5696-9325-6488ce5f12a6,ISSUE,-731.489,57134.072,ISS-RM-STEEL-BILLET-2026-07-03,Issued to production.,2026-07-03T14:00:00+00:00,a3326004-c6ac-5617-a46c-ac7418e1b55c,2026-09-06T09:02:29.920757+00:00
e816f599-b7ab-5469-b989-8ce99cc9d092,afe44002-9c69-5696-9325-6488ce5f12a6,ISSUE,-666.982,57865.561,ISS-RM-STEEL-BILLET-2026-07-02,Issued to production.,2026-07-02T14:00:00+00:00,a3326004-c6ac-5617-a46c-ac7418e1b55c,2026-09-06T09:02:29.920757+00:00
37258ee5-af6f-5848-831c-c3c261097ced,afe44002-9c69-5696-9325-6488ce5f12a6,ISSUE,-911.67,58532.543,ISS-RM-STEEL-BILLET-2026-07-01,Issued to production.,2026-07-01T14:00:00+00:00,a3326004-c6ac-5617-a46c-ac7418e1b55c,2026-09-06T09:02:29.920757+00:00
2c50c51b-0622-5309-a0b7-1ed7a6e625ad,afe44002-9c69-5696-9325-6488ce5f12a6,ISSUE,-834.726,59444.213,ISS-RM-STEEL-BILLET-2026-06-30,Issued to production.,2026-06-30T14:00:00+00:00,a3326004-c6ac-5617-a46c-ac7418e1b55c,2026-09-06T09:02:29.920757+00:00
5ddc3277-fd96-5704-a27d-b36aee2d3780,afe44002-9c69-5696-9325-6488ce5f12a6,ISSUE,-667.313,60278.939,ISS-RM-STEEL-BILLET-2026-06-29,Issued to production.,2026-06-29T14:00:00+00:00,a3326004-c6ac-5617-a46c-ac7418e1b55c,2026-09-06T09:02:29.920757+00:00
73dc6264-0738-511c-90e4-3214a0790181,afe44002-9c69-5696-9325-6488ce5f12a6,ISSUE,-842.774,60946.252,ISS-RM-STEEL-BILLET-2026-06-27,Issued to production.,2026-06-27T14:00:00+00:00,a3326004-c6ac-5617-a46c-ac7418e1b55c,2026-09-06T09:02:29.920757+00:00
838f82ed-bfaf-58b8-8897-201263ffc6dd,afe44002-9c69-5696-9325-6488ce5f12a6,ISSUE,-784.804,61789.026,ISS-RM-STEEL-BILLET-2026-06-26,Issued to production.,2026-06-26T14:00:00+00:00,a3326004-c6ac-5617-a46c-ac7418e1b55c,2026-09-06T09:02:29.920757+00:00
f9d47ab3-74bb-5e2e-bf41-39107f9aeac4,afe44002-9c69-5696-9325-6488ce5f12a6,ISSUE,-833.566,62573.83,ISS-RM-STEEL-BILLET-2026-06-25,Issued to production.,2026-06-25T14:00:00+00:00,a3326004-c6ac-5617-a46c-ac7418e1b55c,2026-09-06T09:02:29.920757+00:00
1362de6d-cdfe-5141-8887-48ad16b4c281,afe44002-9c69-5696-9325-6488ce5f12a6,ISSUE,-906.764,63407.396,ISS-RM-STEEL-BILLET-2026-06-24,Issued to production.,2026-06-24T14:00:00+00:00,a3326004-c6ac-5617-a46c-ac7418e1b55c,2026-09-06T09:02:29.920757+00:00
2f5a2cc8-eda3-5911-94b2-fd89b4f7d59a,afe44002-9c69-5696-9325-6488ce5f12a6,ISSUE,-693.033,64314.16,ISS-RM-STEEL-BILLET-2026-06-23,Issued to production.,2026-06-23T14:00:00+00:00,a3326004-c6ac-5617-a46c-ac7418e1b55c,2026-09-06T09:02:29.920757+00:00
eeb11a67-786c-59fd-8340-0845b4a9dba4,afe44002-9c69-5696-9325-6488ce5f12a6,ISSUE,-685.745,65007.193,ISS-RM-STEEL-BILLET-2026-06-22,Issued to production.,2026-06-22T14:00:00+00:00,a3326004-c6ac-5617-a46c-ac7418e1b55c,2026-09-06T09:02:29.920757+00:00
762f2328-6327-52a9-9c69-a5b4e7ffa4b5,afe44002-9c69-5696-9325-6488ce5f12a6,ISSUE,-897.894,65692.938,ISS-RM-STEEL-BILLET-2026-06-20,Issued to production.,2026-06-20T14:00:00+00:00,a3326004-c6ac-5617-a46c-ac7418e1b55c,2026-09-06T09:02:29.920757+00:00
5c9a6a63-cb56-59f4-beb6-aa6cabd0a6af,afe44002-9c69-5696-9325-6488ce5f12a6,ISSUE,-845.526,66590.832,ISS-RM-STEEL-BILLET-2026-06-19,Issued to production.,2026-06-19T14:00:00+00:00,a3326004-c6ac-5617-a46c-ac7418e1b55c,2026-09-06T09:02:29.920757+00:00
367ac4cd-35b5-5334-b4f6-604c7a538b6a,afe44002-9c69-5696-9325-6488ce5f12a6,ISSUE,-708.753,67436.358,ISS-RM-STEEL-BILLET-2026-06-18,Issued to production.,2026-06-18T14:00:00+00:00,a3326004-c6ac-5617-a46c-ac7418e1b55c,2026-09-06T09:02:29.920757+00:00
e6f450a9-683e-5096-921b-2ebe59d2a7ba,afe44002-9c69-5696-9325-6488ce5f12a6,RECEIPT,9170.22,68145.111,GRN-RM-STEEL-BILLET-2026-06-18,Goods received from Nordkraft Steel AB.,2026-06-18T10:00:00+00:00,a3326004-c6ac-5617-a46c-ac7418e1b55c,2026-09-06T09:02:29.920757+00:00
6a92e713-dc2f-554d-ae7f-9037261d7024,afe44002-9c69-5696-9325-6488ce5f12a6,ISSUE,-846.616,58974.891,ISS-RM-STEEL-BILLET-2026-06-17,Issued to production.,2026-06-17T14:00:00+00:00,a3326004-c6ac-5617-a46c-ac7418e1b55c,2026-09-06T09:02:29.920757+00:00
2b9e6ae9-25a4-559f-9a65-1de1af1fbc51,afe44002-9c69-5696-9325-6488ce5f12a6,ISSUE,-773.864,59821.507,ISS-RM-STEEL-BILLET-2026-06-16,Issued to production.,2026-06-16T14:00:00+00:00,a3326004-c6ac-5617-a46c-ac7418e1b55c,2026-09-06T09:02:29.920757+00:00
cf683370-2efc-5289-a436-577e7ecf9991,afe44002-9c69-5696-9325-6488ce5f12a6,ISSUE,-699.053,60595.371,ISS-RM-STEEL-BILLET-2026-06-15,Issued to production.,2026-06-15T14:00:00+00:00,a3326004-c6ac-5617-a46c-ac7418e1b55c,2026-09-06T09:02:29.920757+00:00
24165326-aa38-5621-acb4-32bc51ee9e0d,afe44002-9c69-5696-9325-6488ce5f12a6,ISSUE,-686.718,61294.424,ISS-RM-STEEL-BILLET-2026-06-13,Issued to production.,2026-06-13T14:00:00+00:00,a3326004-c6ac-5617-a46c-ac7418e1b55c,2026-09-06T09:02:29.920757+00:00
9b6b424b-343b-56b2-a99c-e6a42a013014,afe44002-9c69-5696-9325-6488ce5f12a6,ISSUE,-813.107,61981.142,ISS-RM-STEEL-BILLET-2026-06-12,Issued to production.,2026-06-12T14:00:00+00:00,a3326004-c6ac-5617-a46c-ac7418e1b55c,2026-09-06T09:02:29.920757+00:00
a8f1df5f-d2a6-5c74-99cd-812ccafd0b77,afe44002-9c69-5696-9325-6488ce5f12a6,ISSUE,-902.35,62794.249,ISS-RM-STEEL-BILLET-2026-06-11,Issued to production.,2026-06-11T14:00:00+00:00,a3326004-c6ac-5617-a46c-ac7418e1b55c,2026-09-06T09:02:29.920757+00:00
85863728-e47b-51ff-8af8-c982e6f2b057,afe44002-9c69-5696-9325-6488ce5f12a6,ISSUE,-864.88,63696.599,ISS-RM-STEEL-BILLET-2026-06-10,Issued to production.,2026-06-10T14:00:00+00:00,a3326004-c6ac-5617-a46c-ac7418e1b55c,2026-09-06T09:02:29.920757+00:00
b1622d5c-9277-56a9-8202-0980e87e2a82,afe44002-9c69-5696-9325-6488ce5f12a6,ISSUE,-724.799,64561.479,ISS-RM-STEEL-BILLET-2026-06-09,Issued to production.,2026-06-09T14:00:00+00:00,a3326004-c6ac-5617-a46c-ac7418e1b55c,2026-09-06T09:02:29.920757+00:00
9a6eec60-7801-5e0c-9e7b-a0dc6c39a95b,2169381c-ff2a-59b4-8908-ddc43a2269dd,ISSUE,-305.49,9200.0,ISS-RM-ALU-ALLOY-2026-09-05,Issued to production.,2026-09-05T14:00:00+00:00,a3326004-c6ac-5617-a46c-ac7418e1b55c,2026-09-06T09:02:29.920757+00:00
ca5a0b4b-1bc5-537a-a6c5-a76b32c8ae8a,2169381c-ff2a-59b4-8908-ddc43a2269dd,ISSUE,-295.398,9505.49,ISS-RM-ALU-ALLOY-2026-09-04,Issued to production.,2026-09-04T14:00:00+00:00,a3326004-c6ac-5617-a46c-ac7418e1b55c,2026-09-06T09:02:29.920757+00:00
81348da7-a52b-5d0d-a244-e37183d82331,2169381c-ff2a-59b4-8908-ddc43a2269dd,ISSUE,-283.621,9800.888,ISS-RM-ALU-ALLOY-2026-09-03,Issued to production.,2026-09-03T14:00:00+00:00,a3326004-c6ac-5617-a46c-ac7418e1b55c,2026-09-06T09:02:29.920757+00:00
43feea53-44f5-5082-857b-ee3c1f9d000d,2169381c-ff2a-59b4-8908-ddc43a2269dd,ISSUE,-291.021,10084.509,ISS-RM-ALU-ALLOY-2026-09-02,Issued to production.,2026-09-02T14:00:00+00:00,a3326004-c6ac-5617-a46c-ac7418e1b55c,2026-09-06T09:02:29.920757+00:00
70eab268-b9eb-54dd-bd3c-58f18627aab1,2169381c-ff2a-59b4-8908-ddc43a2269dd,RECEIPT,4752.248,10375.53,GRN-RM-ALU-ALLOY-2026-09-02,Goods received from Lumière Métaux SA.,2026-09-02T10:00:00+00:00,a3326004-c6ac-5617-a46c-ac7418e1b55c,2026-09-06T09:02:29.920757+00:00
8dafc7b7-c7c5-5299-ac6c-dffaf0e7088e,2169381c-ff2a-59b4-8908-ddc43a2269dd,ISSUE,-319.616,5623.282,ISS-RM-ALU-ALLOY-2026-09-01,Issued to production.,2026-09-01T14:00:00+00:00,a3326004-c6ac-5617-a46c-ac7418e1b55c,2026-09-06T09:02:29.920757+00:00
b3119369-4636-5847-a134-013f6529e620,2169381c-ff2a-59b4-8908-ddc43a2269dd,ISSUE,-358.595,5942.898,ISS-RM-ALU-ALLOY-2026-08-31,Issued to production.,2026-08-31T14:00:00+00:00,a3326004-c6ac-5617-a46c-ac7418e1b55c,2026-09-06T09:02:29.920757+00:00
1f6bf482-6cec-544c-9d76-c61a0667a4f0,2169381c-ff2a-59b4-8908-ddc43a2269dd,ISSUE,-328.467,6301.493,ISS-RM-ALU-ALLOY-2026-08-29,Issued to production.,2026-08-29T14:00:00+00:00,a3326004-c6ac-5617-a46c-ac7418e1b55c,2026-09-06T09:02:29.920757+00:00
4a424e0a-3bdd-546c-8dd0-b3a885939509,2169381c-ff2a-59b4-8908-ddc43a2269dd,ISSUE,-307.019,6629.96,ISS-RM-ALU-ALLOY-2026-08-28,Issued to production.,2026-08-28T14:00:00+00:00,a3326004-c6ac-5617-a46c-ac7418e1b55c,2026-09-06T09:02:29.920757+00:00
3eb789aa-d420-52d0-be96-b8c90e4c4674,2169381c-ff2a-59b4-8908-ddc43a2269dd,ISSUE,-308.407,6936.979,ISS-RM-ALU-ALLOY-2026-08-27,Issued to production.,2026-08-27T14:00:00+00:00,a3326004-c6ac-5617-a46c-ac7418e1b55c,2026-09-06T09:02:29.920757+00:00
b589ca54-d457-5aa5-86eb-e04d337da69a,2169381c-ff2a-59b4-8908-ddc43a2269dd,ISSUE,-312.811,7245.386,ISS-RM-ALU-ALLOY-2026-08-26,Issued to production.,2026-08-26T14:00:00+00:00,a3326004-c6ac-5617-a46c-ac7418e1b55c,2026-09-06T09:02:29.920757+00:00
b7007649-cf5b-5623-8941-bc2114724972,2169381c-ff2a-59b4-8908-ddc43a2269dd,ISSUE,-309.219,7558.197,ISS-RM-ALU-ALLOY-2026-08-25,Issued to production.,2026-08-25T14:00:00+00:00,a3326004-c6ac-5617-a46c-ac7418e1b55c,2026-09-06T09:02:29.920757+00:00
9ab6427c-a274-535e-bdbe-5df980f1a6c8,2169381c-ff2a-59b4-8908-ddc43a2269dd,ISSUE,-345.013,7867.416,ISS-RM-ALU-ALLOY-2026-08-24,Issued to production.,2026-08-24T14:00:00+00:00,a3326004-c6ac-5617-a46c-ac7418e1b55c,2026-09-06T09:02:29.920757+00:00
aa8119bc-1953-517a-9d68-1560246c7015,2169381c-ff2a-59b4-8908-ddc43a2269dd,ISSUE,-319.917,8212.429,ISS-RM-ALU-ALLOY-2026-08-22,Issued to production.,2026-08-22T14:00:00+00:00,a3326004-c6ac-5617-a46c-ac7418e1b55c,2026-09-06T09:02:29.920757+00:00
25159797-b269-5c8f-a47d-50a45efbc1de,2169381c-ff2a-59b4-8908-ddc43a2269dd,ISSUE,-350.276,8532.346,ISS-RM-ALU-ALLOY-2026-08-21,Issued to production.,2026-08-21T14:00:00+00:00,a3326004-c6ac-5617-a46c-ac7418e1b55c,2026-09-06T09:02:29.920757+00:00
25126a1c-9be3-51d9-996a-23755ca8ec87,2169381c-ff2a-59b4-8908-ddc43a2269dd,ISSUE,-347.872,8882.622,ISS-RM-ALU-ALLOY-2026-08-20,Issued to production.,2026-08-20T14:00:00+00:00,a3326004-c6ac-5617-a46c-ac7418e1b55c,2026-09-06T09:02:29.920757+00:00
2f936f19-866c-51b9-8de2-925dc630e45f,2169381c-ff2a-59b4-8908-ddc43a2269dd,ISSUE,-287.292,9230.494,ISS-RM-ALU-ALLOY-2026-08-19,Issued to production.,2026-08-19T14:00:00+00:00,a3326004-c6ac-5617-a46c-ac7418e1b55c,2026-09-06T09:02:29.920757+00:00
40f0af12-57f1-5304-b345-b961bbf2e5dd,2169381c-ff2a-59b4-8908-ddc43a2269dd,ISSUE,-325.395,9517.786,ISS-RM-ALU-ALLOY-2026-08-18,Issued to production.,2026-08-18T14:00:00+00:00,a3326004-c6ac-5617-a46c-ac7418e1b55c,2026-09-06T09:02:29.920757+00:00
8dbcb10d-39fb-58fb-a120-18960f51afd9,2169381c-ff2a-59b4-8908-ddc43a2269dd,ISSUE,-347.95,9843.181,ISS-RM-ALU-ALLOY-2026-08-17,Issued to production.,2026-08-17T14:00:00+00:00,a3326004-c6ac-5617-a46c-ac7418e1b55c,2026-09-06T09:02:29.920757+00:00
1d942836-0ad9-5b4d-8a0c-ccec0e3fb374,2169381c-ff2a-59b4-8908-ddc43a2269dd,ISSUE,-318.592,10191.131,ISS-RM-ALU-ALLOY-2026-08-15,Issued to production.,2026-08-15T14:00:00+00:00,a3326004-c6ac-5617-a46c-ac7418e1b55c,2026-09-06T09:02:29.920757+00:00
f99c81f7-1eae-51fd-8947-308cb652e20f,2169381c-ff2a-59b4-8908-ddc43a2269dd,ISSUE,-266.965,10509.723,ISS-RM-ALU-ALLOY-2026-08-14,Issued to production.,2026-08-14T14:00:00+00:00,a3326004-c6ac-5617-a46c-ac7418e1b55c,2026-09-06T09:02:29.920757+00:00
8e997d12-b18e-5f32-a7cc-cea0e677e373,2169381c-ff2a-59b4-8908-ddc43a2269dd,ISSUE,-363.693,10776.688,ISS-RM-ALU-ALLOY-2026-08-13,Issued to production.,2026-08-13T14:00:00+00:00,a3326004-c6ac-5617-a46c-ac7418e1b55c,2026-09-06T09:02:29.920757+00:00
b3fcdb2f-dc7c-5ebd-aa6e-2aff2bc24d19,2169381c-ff2a-59b4-8908-ddc43a2269dd,ISSUE,-282.319,11140.381,ISS-RM-ALU-ALLOY-2026-08-12,Issued to production.,2026-08-12T14:00:00+00:00,a3326004-c6ac-5617-a46c-ac7418e1b55c,2026-09-06T09:02:29.920757+00:00
1e565d8c-65a5-57de-a387-6dc7542f3a48,2169381c-ff2a-59b4-8908-ddc43a2269dd,RECEIPT,4240.47,11422.7,GRN-RM-ALU-ALLOY-2026-08-12,Goods received from Lumière Métaux SA.,2026-08-12T10:00:00+00:00,a3326004-c6ac-5617-a46c-ac7418e1b55c,2026-09-06T09:02:29.920757+00:00
c147ed53-5e58-5d97-b0f8-7cf89623ce7b,2169381c-ff2a-59b4-8908-ddc43a2269dd,ISSUE,-305.659,7182.23,ISS-RM-ALU-ALLOY-2026-08-11,Issued to production.,2026-08-11T14:00:00+00:00,a3326004-c6ac-5617-a46c-ac7418e1b55c,2026-09-06T09:02:29.920757+00:00
43b25aa8-971c-57f2-b7f8-402041025010,2169381c-ff2a-59b4-8908-ddc43a2269dd,ISSUE,-285.851,7487.889,ISS-RM-ALU-ALLOY-2026-08-10,Issued to production.,2026-08-10T14:00:00+00:00,a3326004-c6ac-5617-a46c-ac7418e1b55c,2026-09-06T09:02:29.920757+00:00
1e5e662d-a257-5301-8bb2-781059fc5ba4,2169381c-ff2a-59b4-8908-ddc43a2269dd,ISSUE,-265.422,7773.74,ISS-RM-ALU-ALLOY-2026-08-08,Issued to production.,2026-08-08T14:00:00+00:00,a3326004-c6ac-5617-a46c-ac7418e1b55c,2026-09-06T09:02:29.920757+00:00
708fe944-67a6-568f-b779-38c2d1ceda90,2169381c-ff2a-59b4-8908-ddc43a2269dd,ISSUE,-339.983,8039.162,ISS-RM-ALU-ALLOY-2026-08-07,Issued to production.,2026-08-07T14:00:00+00:00,a3326004-c6ac-5617-a46c-ac7418e1b55c,2026-09-06T09:02:29.920757+00:00
cfdf2752-e639-5ccc-a8ad-307388968915,2169381c-ff2a-59b4-8908-ddc43a2269dd,ISSUE,-298.671,8379.145,ISS-RM-ALU-ALLOY-2026-08-06,Issued to production.,2026-08-06T14:00:00+00:00,a3326004-c6ac-5617-a46c-ac7418e1b55c,2026-09-06T09:02:29.920757+00:00
429d30b4-799e-5136-aa93-5d36feb3944b,2169381c-ff2a-59b4-8908-ddc43a2269dd,ISSUE,-307.14,8677.816,ISS-RM-ALU-ALLOY-2026-08-05,Issued to production.,2026-08-05T14:00:00+00:00,a3326004-c6ac-5617-a46c-ac7418e1b55c,2026-09-06T09:02:29.920757+00:00
a1046a5e-1819-5dfc-8a90-17d077cfe144,2169381c-ff2a-59b4-8908-ddc43a2269dd,ISSUE,-321.927,8984.956,ISS-RM-ALU-ALLOY-2026-08-04,Issued to production.,2026-08-04T14:00:00+00:00,a3326004-c6ac-5617-a46c-ac7418e1b55c,2026-09-06T09:02:29.920757+00:00
c3c2d4fc-1c42-519b-86a6-84107f5939fe,2169381c-ff2a-59b4-8908-ddc43a2269dd,ISSUE,-291.923,9306.883,ISS-RM-ALU-ALLOY-2026-08-03,Issued to production.,2026-08-03T14:00:00+00:00,a3326004-c6ac-5617-a46c-ac7418e1b55c,2026-09-06T09:02:29.920757+00:00
ae0f3b07-024d-513e-a0bd-908fb8143be6,2169381c-ff2a-59b4-8908-ddc43a2269dd,ISSUE,-288.809,9598.806,ISS-RM-ALU-ALLOY-2026-08-01,Issued to production.,2026-08-01T14:00:00+00:00,a3326004-c6ac-5617-a46c-ac7418e1b55c,2026-09-06T09:02:29.920757+00:00
6f27889f-045d-5d21-aace-21884cdface0,2169381c-ff2a-59b4-8908-ddc43a2269dd,ISSUE,-332.957,9887.615,ISS-RM-ALU-ALLOY-2026-07-31,Issued to production.,2026-07-31T14:00:00+00:00,a3326004-c6ac-5617-a46c-ac7418e1b55c,2026-09-06T09:02:29.920757+00:00
fce5b4db-8525-5656-b320-100a4bc979f3,2169381c-ff2a-59b4-8908-ddc43a2269dd,ISSUE,-273.154,10220.572,ISS-RM-ALU-ALLOY-2026-07-30,Issued to production.,2026-07-30T14:00:00+00:00,a3326004-c6ac-5617-a46c-ac7418e1b55c,2026-09-06T09:02:29.920757+00:00
e2d50a3b-ed6e-505c-8473-1c5ccc49119d,2169381c-ff2a-59b4-8908-ddc43a2269dd,ISSUE,-274.747,10493.726,ISS-RM-ALU-ALLOY-2026-07-29,Issued to production.,2026-07-29T14:00:00+00:00,a3326004-c6ac-5617-a46c-ac7418e1b55c,2026-09-06T09:02:29.920757+00:00
d217dd37-5956-573a-a70d-2f9eb0f31f25,2169381c-ff2a-59b4-8908-ddc43a2269dd,ISSUE,-332.622,10768.473,ISS-RM-ALU-ALLOY-2026-07-28,Issued to production.,2026-07-28T14:00:00+00:00,a3326004-c6ac-5617-a46c-ac7418e1b55c,2026-09-06T09:02:29.920757+00:00
5045419e-9f76-5140-93f6-a662997f28e3,2169381c-ff2a-59b4-8908-ddc43a2269dd,ISSUE,-322.282,11101.095,ISS-RM-ALU-ALLOY-2026-07-27,Issued to production.,2026-07-27T14:00:00+00:00,a3326004-c6ac-5617-a46c-ac7418e1b55c,2026-09-06T09:02:29.920757+00:00
9d8d9c9f-9d8c-5745-91da-b300df57256d,2169381c-ff2a-59b4-8908-ddc43a2269dd,ISSUE,-282.228,11423.377,ISS-RM-ALU-ALLOY-2026-07-25,Issued to production.,2026-07-25T14:00:00+00:00,a3326004-c6ac-5617-a46c-ac7418e1b55c,2026-09-06T09:02:29.920757+00:00
605380ad-d828-54f9-948b-489063bd1478,2169381c-ff2a-59b4-8908-ddc43a2269dd,ISSUE,-284.471,11705.605,ISS-RM-ALU-ALLOY-2026-07-24,Issued to production.,2026-07-24T14:00:00+00:00,a3326004-c6ac-5617-a46c-ac7418e1b55c,2026-09-06T09:02:29.920757+00:00
fb2027ce-7d46-5314-a0a8-db01068b520c,2169381c-ff2a-59b4-8908-ddc43a2269dd,ISSUE,-293.277,11990.076,ISS-RM-ALU-ALLOY-2026-07-23,Issued to production.,2026-07-23T14:00:00+00:00,a3326004-c6ac-5617-a46c-ac7418e1b55c,2026-09-06T09:02:29.920757+00:00
cc27a516-25f8-51c3-a590-592dfa83665b,2169381c-ff2a-59b4-8908-ddc43a2269dd,ISSUE,-283.341,12283.353,ISS-RM-ALU-ALLOY-2026-07-22,Issued to production.,2026-07-22T14:00:00+00:00,a3326004-c6ac-5617-a46c-ac7418e1b55c,2026-09-06T09:02:29.920757+00:00
a3bcf520-51ba-5c85-8716-d7298f5642ca,2169381c-ff2a-59b4-8908-ddc43a2269dd,RECEIPT,4248.852,12566.694,GRN-RM-ALU-ALLOY-2026-07-22,Goods received from Lumière Métaux SA.,2026-07-22T10:00:00+00:00,a3326004-c6ac-5617-a46c-ac7418e1b55c,2026-09-06T09:02:29.920757+00:00
780d5194-d0d7-5ec4-b887-1406498b60cc,2169381c-ff2a-59b4-8908-ddc43a2269dd,ISSUE,-331.917,8317.842,ISS-RM-ALU-ALLOY-2026-07-21,Issued to production.,2026-07-21T14:00:00+00:00,a3326004-c6ac-5617-a46c-ac7418e1b55c,2026-09-06T09:02:29.920757+00:00
d293f639-64c3-5aae-a2f4-99986679ef23,2169381c-ff2a-59b4-8908-ddc43a2269dd,ISSUE,-315.431,8649.759,ISS-RM-ALU-ALLOY-2026-07-20,Issued to production.,2026-07-20T14:00:00+00:00,a3326004-c6ac-5617-a46c-ac7418e1b55c,2026-09-06T09:02:29.920757+00:00
c6fd57a1-76f7-5f59-bfe2-ba5da4cdb6c6,2169381c-ff2a-59b4-8908-ddc43a2269dd,ISSUE,-344.28,8965.19,ISS-RM-ALU-ALLOY-2026-07-18,Issued to production.,2026-07-18T14:00:00+00:00,a3326004-c6ac-5617-a46c-ac7418e1b55c,2026-09-06T09:02:29.920757+00:00
85f87d83-8275-5ce2-a3c1-c499b4809d0b,2169381c-ff2a-59b4-8908-ddc43a2269dd,ISSUE,-362.435,9309.47,ISS-RM-ALU-ALLOY-2026-07-17,Issued to production.,2026-07-17T14:00:00+00:00,a3326004-c6ac-5617-a46c-ac7418e1b55c,2026-09-06T09:02:29.920757+00:00
992db8da-9c8f-5e41-a2ae-f5715f463911,2169381c-ff2a-59b4-8908-ddc43a2269dd,ISSUE,-348.256,9671.905,ISS-RM-ALU-ALLOY-2026-07-16,Issued to production.,2026-07-16T14:00:00+00:00,a3326004-c6ac-5617-a46c-ac7418e1b55c,2026-09-06T09:02:29.920757+00:00
26594ac3-c19c-5a26-bc02-f6b49e5197d6,2169381c-ff2a-59b4-8908-ddc43a2269dd,ISSUE,-269.91,10020.161,ISS-RM-ALU-ALLOY-2026-07-15,Issued to production.,2026-07-15T14:00:00+00:00,a3326004-c6ac-5617-a46c-ac7418e1b55c,2026-09-06T09:02:29.920757+00:00
9ec5c75e-32ed-5de7-82ee-96646bc67b19,2169381c-ff2a-59b4-8908-ddc43a2269dd,ISSUE,-357.809,10290.071,ISS-RM-ALU-ALLOY-2026-07-14,Issued to production.,2026-07-14T14:00:00+00:00,a3326004-c6ac-5617-a46c-ac7418e1b55c,2026-09-06T09:02:29.920757+00:00
88d6d312-67b3-597e-b51a-4aad3e823c3b,2169381c-ff2a-59b4-8908-ddc43a2269dd,ISSUE,-287.034,10647.88,ISS-RM-ALU-ALLOY-2026-07-13,Issued to production.,2026-07-13T14:00:00+00:00,a3326004-c6ac-5617-a46c-ac7418e1b55c,2026-09-06T09:02:29.920757+00:00
95828bc3-d908-5dac-82d5-17db8b9eb516,2169381c-ff2a-59b4-8908-ddc43a2269dd,ISSUE,-344.464,10934.914,ISS-RM-ALU-ALLOY-2026-07-11,Issued to production.,2026-07-11T14:00:00+00:00,a3326004-c6ac-5617-a46c-ac7418e1b55c,2026-09-06T09:02:29.920757+00:00
d840cf18-6917-527a-8a32-14e9f277ba82,2169381c-ff2a-59b4-8908-ddc43a2269dd,ISSUE,-326.612,11279.378,ISS-RM-ALU-ALLOY-2026-07-10,Issued to production.,2026-07-10T14:00:00+00:00,a3326004-c6ac-5617-a46c-ac7418e1b55c,2026-09-06T09:02:29.920757+00:00
fd9728cb-1973-5d19-8dd2-541f425cac9c,2169381c-ff2a-59b4-8908-ddc43a2269dd,ISSUE,-319.889,11605.99,ISS-RM-ALU-ALLOY-2026-07-09,Issued to production.,2026-07-09T14:00:00+00:00,a3326004-c6ac-5617-a46c-ac7418e1b55c,2026-09-06T09:02:29.920757+00:00
2fea087b-1472-5070-ba05-6c622f5519e3,2169381c-ff2a-59b4-8908-ddc43a2269dd,ISSUE,-361.778,11925.879,ISS-RM-ALU-ALLOY-2026-07-08,Issued to production.,2026-07-08T14:00:00+00:00,a3326004-c6ac-5617-a46c-ac7418e1b55c,2026-09-06T09:02:29.920757+00:00
1c64f983-042f-5564-a4fc-cb66ee6915dd,2169381c-ff2a-59b4-8908-ddc43a2269dd,ISSUE,-353.961,12287.657,ISS-RM-ALU-ALLOY-2026-07-07,Issued to production.,2026-07-07T14:00:00+00:00,a3326004-c6ac-5617-a46c-ac7418e1b55c,2026-09-06T09:02:29.920757+00:00
b48841d7-7773-5992-8827-30edb5547fb8,2169381c-ff2a-59b4-8908-ddc43a2269dd,ISSUE,-272.624,12641.618,ISS-RM-ALU-ALLOY-2026-07-06,Issued to production.,2026-07-06T14:00:00+00:00,a3326004-c6ac-5617-a46c-ac7418e1b55c,2026-09-06T09:02:29.920757+00:00
2ba764e4-5b00-5978-8375-9e2c6c9ad512,2169381c-ff2a-59b4-8908-ddc43a2269dd,ISSUE,-312.215,12914.242,ISS-RM-ALU-ALLOY-2026-07-04,Issued to production.,2026-07-04T14:00:00+00:00,a3326004-c6ac-5617-a46c-ac7418e1b55c,2026-09-06T09:02:29.920757+00:00
9fa81e3c-dca2-515a-b45b-26a36f1a9097,2169381c-ff2a-59b4-8908-ddc43a2269dd,ISSUE,-350.644,13226.457,ISS-RM-ALU-ALLOY-2026-07-03,Issued to production.,2026-07-03T14:00:00+00:00,a3326004-c6ac-5617-a46c-ac7418e1b55c,2026-09-06T09:02:29.920757+00:00
c5ad5c20-a283-5eeb-86ef-ce8253d17bd3,2169381c-ff2a-59b4-8908-ddc43a2269dd,ISSUE,-310.84,13577.101,ISS-RM-ALU-ALLOY-2026-07-02,Issued to production.,2026-07-02T14:00:00+00:00,a3326004-c6ac-5617-a46c-ac7418e1b55c,2026-09-06T09:02:29.920757+00:00
5005993d-2761-57cc-9260-e56048722762,2169381c-ff2a-59b4-8908-ddc43a2269dd,ISSUE,-352.752,13887.941,ISS-RM-ALU-ALLOY-2026-07-01,Issued to production.,2026-07-01T14:00:00+00:00,a3326004-c6ac-5617-a46c-ac7418e1b55c,2026-09-06T09:02:29.920757+00:00
17a1b421-b47b-5607-acd2-13a0c2a10cbf,2169381c-ff2a-59b4-8908-ddc43a2269dd,RECEIPT,4674.024,14240.693,GRN-RM-ALU-ALLOY-2026-07-01,Goods received from Lumière Métaux SA.,2026-07-01T10:00:00+00:00,a3326004-c6ac-5617-a46c-ac7418e1b55c,2026-09-06T09:02:29.920757+00:00
ca31a5f2-6ad1-539b-a665-9742583e2856,2169381c-ff2a-59b4-8908-ddc43a2269dd,ISSUE,-308.44,9566.669,ISS-RM-ALU-ALLOY-2026-06-30,Issued to production.,2026-06-30T14:00:00+00:00,a3326004-c6ac-5617-a46c-ac7418e1b55c,2026-09-06T09:02:29.920757+00:00
d0339227-0db2-552e-87a7-62733ededf9c,2169381c-ff2a-59b4-8908-ddc43a2269dd,ISSUE,-337.125,9875.109,ISS-RM-ALU-ALLOY-2026-06-29,Issued to production.,2026-06-29T14:00:00+00:00,a3326004-c6ac-5617-a46c-ac7418e1b55c,2026-09-06T09:02:29.920757+00:00
9ce61f28-847f-5c5c-9d6d-4a9524de0729,2169381c-ff2a-59b4-8908-ddc43a2269dd,ISSUE,-303.166,10212.234,ISS-RM-ALU-ALLOY-2026-06-27,Issued to production.,2026-06-27T14:00:00+00:00,a3326004-c6ac-5617-a46c-ac7418e1b55c,2026-09-06T09:02:29.920757+00:00
6e2b8de7-cc82-5d96-8def-68247285eb54,2169381c-ff2a-59b4-8908-ddc43a2269dd,ISSUE,-344.486,10515.4,ISS-RM-ALU-ALLOY-2026-06-26,Issued to production.,2026-06-26T14:00:00+00:00,a3326004-c6ac-5617-a46c-ac7418e1b55c,2026-09-06T09:02:29.920757+00:00
1d58f2cb-f857-55dd-8c30-82213ce8cf7f,2169381c-ff2a-59b4-8908-ddc43a2269dd,ISSUE,-301.574,10859.886,ISS-RM-ALU-ALLOY-2026-06-25,Issued to production.,2026-06-25T14:00:00+00:00,a3326004-c6ac-5617-a46c-ac7418e1b55c,2026-09-06T09:02:29.920757+00:00
514cb6cf-7cfd-5929-926f-4393ea3bbc7e,2169381c-ff2a-59b4-8908-ddc43a2269dd,ISSUE,-298.138,11161.46,ISS-RM-ALU-ALLOY-2026-06-24,Issued to production.,2026-06-24T14:00:00+00:00,a3326004-c6ac-5617-a46c-ac7418e1b55c,2026-09-06T09:02:29.920757+00:00
0fe45597-279f-5241-99f6-94de925b9175,2169381c-ff2a-59b4-8908-ddc43a2269dd,ISSUE,-276.507,11459.598,ISS-RM-ALU-ALLOY-2026-06-23,Issued to production.,2026-06-23T14:00:00+00:00,a3326004-c6ac-5617-a46c-ac7418e1b55c,2026-09-06T09:02:29.920757+00:00
da142ed6-2540-5e0b-a7de-24787d98c832,2169381c-ff2a-59b4-8908-ddc43a2269dd,ISSUE,-267.692,11736.105,ISS-RM-ALU-ALLOY-2026-06-22,Issued to production.,2026-06-22T14:00:00+00:00,a3326004-c6ac-5617-a46c-ac7418e1b55c,2026-09-06T09:02:29.920757+00:00
27024c53-479d-53b4-a8b6-1a9c0a953a77,2169381c-ff2a-59b4-8908-ddc43a2269dd,ISSUE,-363.78,12003.797,ISS-RM-ALU-ALLOY-2026-06-20,Issued to production.,2026-06-20T14:00:00+00:00,a3326004-c6ac-5617-a46c-ac7418e1b55c,2026-09-06T09:02:29.920757+00:00
36c9e595-265b-52d3-b2c1-26aeaa343d82,2169381c-ff2a-59b4-8908-ddc43a2269dd,ADJUSTMENT,36.675,12367.577,ADJ-RM-ALU-ALLOY-2026-06-20,Stock-take correction.,2026-06-20T08:00:00+00:00,d5f14249-fde0-5187-ad97-ba8997afcc3d,2026-09-06T09:02:29.920757+00:00
81b17391-9048-5a29-b5c9-73d4d4475d39,2169381c-ff2a-59b4-8908-ddc43a2269dd,ISSUE,-321.139,12330.902,ISS-RM-ALU-ALLOY-2026-06-19,Issued to production.,2026-06-19T14:00:00+00:00,a3326004-c6ac-5617-a46c-ac7418e1b55c,2026-09-06T09:02:29.920757+00:00
a013f796-89c9-5a58-8834-7687940fc30a,2169381c-ff2a-59b4-8908-ddc43a2269dd,ISSUE,-306.275,12652.041,ISS-RM-ALU-ALLOY-2026-06-18,Issued to production.,2026-06-18T14:00:00+00:00,a3326004-c6ac-5617-a46c-ac7418e1b55c,2026-09-06T09:02:29.920757+00:00
c7325efb-c73a-533c-a38e-88b3dc382541,2169381c-ff2a-59b4-8908-ddc43a2269dd,ISSUE,-362.821,12958.316,ISS-RM-ALU-ALLOY-2026-06-17,Issued to production.,2026-06-17T14:00:00+00:00,a3326004-c6ac-5617-a46c-ac7418e1b55c,2026-09-06T09:02:29.920757+00:00
37ad3238-d36a-5961-810f-c35986caa95b,2169381c-ff2a-59b4-8908-ddc43a2269dd,ISSUE,-299.53,13321.137,ISS-RM-ALU-ALLOY-2026-06-16,Issued to production.,2026-06-16T14:00:00+00:00,a3326004-c6ac-5617-a46c-ac7418e1b55c,2026-09-06T09:02:29.920757+00:00
1f3b6d65-6e6e-5833-93d0-f80561028c4b,2169381c-ff2a-59b4-8908-ddc43a2269dd,ISSUE,-264.576,13620.667,ISS-RM-ALU-ALLOY-2026-06-15,Issued to production.,2026-06-15T14:00:00+00:00,a3326004-c6ac-5617-a46c-ac7418e1b55c,2026-09-06T09:02:29.920757+00:00
489d999e-3d3d-5b6e-9ef0-43cd84c65632,2169381c-ff2a-59b4-8908-ddc43a2269dd,ISSUE,-305.218,13885.243,ISS-RM-ALU-ALLOY-2026-06-13,Issued to production.,2026-06-13T14:00:00+00:00,a3326004-c6ac-5617-a46c-ac7418e1b55c,2026-09-06T09:02:29.920757+00:00
a052fe54-a955-562a-a48a-fd7346296ca6,2169381c-ff2a-59b4-8908-ddc43a2269dd,ISSUE,-318.538,14190.461,ISS-RM-ALU-ALLOY-2026-06-12,Issued to production.,2026-06-12T14:00:00+00:00,a3326004-c6ac-5617-a46c-ac7418e1b55c,2026-09-06T09:02:29.920757+00:00
70627050-858e-576c-8e5a-07bd6500c4ae,2169381c-ff2a-59b4-8908-ddc43a2269dd,ISSUE,-358.349,14508.999,ISS-RM-ALU-ALLOY-2026-06-11,Issued to production.,2026-06-11T14:00:00+00:00,a3326004-c6ac-5617-a46c-ac7418e1b55c,2026-09-06T09:02:29.920757+00:00
66a54eb5-e04a-522f-86e2-6e919b4e1b0f,2169381c-ff2a-59b4-8908-ddc43a2269dd,ISSUE,-267.007,14867.348,ISS-RM-ALU-ALLOY-2026-06-10,Issued to production.,2026-06-10T14:00:00+00:00,a3326004-c6ac-5617-a46c-ac7418e1b55c,2026-09-06T09:02:29.920757+00:00
f8c02eb2-29e1-55cf-ab75-fa48f2451cfe,2169381c-ff2a-59b4-8908-ddc43a2269dd,RECEIPT,4119.611,15134.355,GRN-RM-ALU-ALLOY-2026-06-10,Goods received from Lumière Métaux SA.,2026-06-10T10:00:00+00:00,a3326004-c6ac-5617-a46c-ac7418e1b55c,2026-09-06T09:02:29.920757+00:00
73543f94-12f1-5ed6-a73d-f2c790fd6b5d,2169381c-ff2a-59b4-8908-ddc43a2269dd,ISSUE,-304.71,11014.744,ISS-RM-ALU-ALLOY-2026-06-09,Issued to production.,2026-06-09T14:00:00+00:00,a3326004-c6ac-5617-a46c-ac7418e1b55c,2026-09-06T09:02:29.920757+00:00
9f92e7ed-9927-5fa8-b3cb-5f7200c6a2b5,85425f6f-ffed-56ea-a8f8-263478f41706,ISSUE,-707.939,27800.0,ISS-RM-CAST-IRON-2026-09-05,Issued to production.,2026-09-05T14:00:00+00:00,a3326004-c6ac-5617-a46c-ac7418e1b55c,2026-09-06T09:02:29.920757+00:00
4bdd49e4-3de5-5a99-8a78-d8befc3226e9,85425f6f-ffed-56ea-a8f8-263478f41706,ISSUE,-637.468,28507.939,ISS-RM-CAST-IRON-2026-09-04,Issued to production.,2026-09-04T14:00:00+00:00,a3326004-c6ac-5617-a46c-ac7418e1b55c,2026-09-06T09:02:29.920757+00:00
1908e1ae-7f6d-52b4-9702-d168dd143d6a,85425f6f-ffed-56ea-a8f8-263478f41706,ISSUE,-730.244,29145.407,ISS-RM-CAST-IRON-2026-09-03,Issued to production.,2026-09-03T14:00:00+00:00,a3326004-c6ac-5617-a46c-ac7418e1b55c,2026-09-06T09:02:29.920757+00:00
5d78c60c-bdf2-59f5-b3dc-861312f66917,85425f6f-ffed-56ea-a8f8-263478f41706,RECEIPT,7959.155,29875.651,GRN-RM-CAST-IRON-2026-09-03,Goods received from Bharat Foundries Ltd.,2026-09-03T10:00:00+00:00,a3326004-c6ac-5617-a46c-ac7418e1b55c,2026-09-06T09:02:29.920757+00:00
6ae319b1-6271-5d32-a90e-688133df600e,85425f6f-ffed-56ea-a8f8-263478f41706,ISSUE,-594.135,21916.496,ISS-RM-CAST-IRON-2026-09-02,Issued to production.,2026-09-02T14:00:00+00:00,a3326004-c6ac-5617-a46c-ac7418e1b55c,2026-09-06T09:02:29.920757+00:00
ef57c8a5-aa2c-508b-98b4-dfbf676e468e,85425f6f-ffed-56ea-a8f8-263478f41706,ISSUE,-567.985,22510.631,ISS-RM-CAST-IRON-2026-09-01,Issued to production.,2026-09-01T14:00:00+00:00,a3326004-c6ac-5617-a46c-ac7418e1b55c,2026-09-06T09:02:29.920757+00:00
633b7fea-eda1-5dee-bed4-ba8ec5ab7d28,85425f6f-ffed-56ea-a8f8-263478f41706,ISSUE,-614.975,23078.616,ISS-RM-CAST-IRON-2026-08-31,Issued to production.,2026-08-31T14:00:00+00:00,a3326004-c6ac-5617-a46c-ac7418e1b55c,2026-09-06T09:02:29.920757+00:00
1d35c89f-a1e9-501d-b81f-08cd3c03c530,85425f6f-ffed-56ea-a8f8-263478f41706,ISSUE,-537.743,23693.591,ISS-RM-CAST-IRON-2026-08-29,Issued to production.,2026-08-29T14:00:00+00:00,a3326004-c6ac-5617-a46c-ac7418e1b55c,2026-09-06T09:02:29.920757+00:00
b1fe1f8d-af01-5bd3-a974-355ad962d803,85425f6f-ffed-56ea-a8f8-263478f41706,ISSUE,-605.405,24231.334,ISS-RM-CAST-IRON-2026-08-28,Issued to production.,2026-08-28T14:00:00+00:00,a3326004-c6ac-5617-a46c-ac7418e1b55c,2026-09-06T09:02:29.920757+00:00
885d6ab8-1ae5-52ed-b6c0-18efc152273e,85425f6f-ffed-56ea-a8f8-263478f41706,ISSUE,-650.247,24836.739,ISS-RM-CAST-IRON-2026-08-27,Issued to production.,2026-08-27T14:00:00+00:00,a3326004-c6ac-5617-a46c-ac7418e1b55c,2026-09-06T09:02:29.920757+00:00
46471e6f-123a-5077-9ab4-5703b4462e86,85425f6f-ffed-56ea-a8f8-263478f41706,ISSUE,-659.545,25486.986,ISS-RM-CAST-IRON-2026-08-26,Issued to production.,2026-08-26T14:00:00+00:00,a3326004-c6ac-5617-a46c-ac7418e1b55c,2026-09-06T09:02:29.920757+00:00
2a41c4df-e15c-591a-94b2-5bf4cbd15815,85425f6f-ffed-56ea-a8f8-263478f41706,ADJUSTMENT,-31.518,26146.531,ADJ-RM-CAST-IRON-2026-08-26,Stock-take correction.,2026-08-26T08:00:00+00:00,d5f14249-fde0-5187-ad97-ba8997afcc3d,2026-09-06T09:02:29.920757+00:00
fddcb77f-c10d-5f5a-9098-5a1af7042666,85425f6f-ffed-56ea-a8f8-263478f41706,ISSUE,-686.701,26178.049,ISS-RM-CAST-IRON-2026-08-25,Issued to production.,2026-08-25T14:00:00+00:00,a3326004-c6ac-5617-a46c-ac7418e1b55c,2026-09-06T09:02:29.920757+00:00
5600f3d7-3528-52c8-b2a3-82d70333576a,85425f6f-ffed-56ea-a8f8-263478f41706,ISSUE,-586.171,26864.75,ISS-RM-CAST-IRON-2026-08-24,Issued to production.,2026-08-24T14:00:00+00:00,a3326004-c6ac-5617-a46c-ac7418e1b55c,2026-09-06T09:02:29.920757+00:00
a4e6161a-e345-51a5-b3f0-d481695218f6,85425f6f-ffed-56ea-a8f8-263478f41706,ISSUE,-647.272,27450.921,ISS-RM-CAST-IRON-2026-08-22,Issued to production.,2026-08-22T14:00:00+00:00,a3326004-c6ac-5617-a46c-ac7418e1b55c,2026-09-06T09:02:29.920757+00:00
0bd78d96-1ff7-59dd-b5d5-10d16f3f66ad,85425f6f-ffed-56ea-a8f8-263478f41706,ISSUE,-745.8,28098.193,ISS-RM-CAST-IRON-2026-08-21,Issued to production.,2026-08-21T14:00:00+00:00,a3326004-c6ac-5617-a46c-ac7418e1b55c,2026-09-06T09:02:29.920757+00:00
c5934736-67a2-5742-a063-36b9dae40e28,85425f6f-ffed-56ea-a8f8-263478f41706,ISSUE,-630.716,28843.993,ISS-RM-CAST-IRON-2026-08-20,Issued to production.,2026-08-20T14:00:00+00:00,a3326004-c6ac-5617-a46c-ac7418e1b55c,2026-09-06T09:02:29.920757+00:00
8f7148d8-c94d-53b2-be2d-ab90991f6582,85425f6f-ffed-56ea-a8f8-263478f41706,ISSUE,-668.068,29474.709,ISS-RM-CAST-IRON-2026-08-19,Issued to production.,2026-08-19T14:00:00+00:00,a3326004-c6ac-5617-a46c-ac7418e1b55c,2026-09-06T09:02:29.920757+00:00
a881364e-984e-5897-8e5b-19491fb86ccf,85425f6f-ffed-56ea-a8f8-263478f41706,ISSUE,-707.218,30142.777,ISS-RM-CAST-IRON-2026-08-18,Issued to production.,2026-08-18T14:00:00+00:00,a3326004-c6ac-5617-a46c-ac7418e1b55c,2026-09-06T09:02:29.920757+00:00
6234e338-c0aa-5a1c-b88d-e0c8f5f3bc1d,85425f6f-ffed-56ea-a8f8-263478f41706,ISSUE,-585.611,30849.995,ISS-RM-CAST-IRON-2026-08-17,Issued to production.,2026-08-17T14:00:00+00:00,a3326004-c6ac-5617-a46c-ac7418e1b55c,2026-09-06T09:02:29.920757+00:00
47a64143-d3b9-5249-9166-cabeaaaa243d,85425f6f-ffed-56ea-a8f8-263478f41706,ISSUE,-704.723,31435.606,ISS-RM-CAST-IRON-2026-08-15,Issued to production.,2026-08-15T14:00:00+00:00,a3326004-c6ac-5617-a46c-ac7418e1b55c,2026-09-06T09:02:29.920757+00:00
a653c1d1-866f-5abd-b0c4-630b5f82fc9f,85425f6f-ffed-56ea-a8f8-263478f41706,ISSUE,-551.351,32140.329,ISS-RM-CAST-IRON-2026-08-14,Issued to production.,2026-08-14T14:00:00+00:00,a3326004-c6ac-5617-a46c-ac7418e1b55c,2026-09-06T09:02:29.920757+00:00
3fc186b1-d614-54ae-ab09-b9f9edf1eabe,85425f6f-ffed-56ea-a8f8-263478f41706,ISSUE,-683.111,32691.68,ISS-RM-CAST-IRON-2026-08-13,Issued to production.,2026-08-13T14:00:00+00:00,a3326004-c6ac-5617-a46c-ac7418e1b55c,2026-09-06T09:02:29.920757+00:00
682ca6de-e59b-5ced-b3de-33c596d52f54,85425f6f-ffed-56ea-a8f8-263478f41706,RECEIPT,9955.309,33374.791,GRN-RM-CAST-IRON-2026-08-13,Goods received from Bharat Foundries Ltd.,2026-08-13T10:00:00+00:00,a3326004-c6ac-5617-a46c-ac7418e1b55c,2026-09-06T09:02:29.920757+00:00
37888ae1-cc96-5a42-8627-ece8feae0b18,85425f6f-ffed-56ea-a8f8-263478f41706,ISSUE,-694.901,23419.482,ISS-RM-CAST-IRON-2026-08-12,Issued to production.,2026-08-12T14:00:00+00:00,a3326004-c6ac-5617-a46c-ac7418e1b55c,2026-09-06T09:02:29.920757+00:00
153bcb00-ead7-56d3-a6ff-1685ca66185a,85425f6f-ffed-56ea-a8f8-263478f41706,ISSUE,-708.4,24114.383,ISS-RM-CAST-IRON-2026-08-11,Issued to production.,2026-08-11T14:00:00+00:00,a3326004-c6ac-5617-a46c-ac7418e1b55c,2026-09-06T09:02:29.920757+00:00
cd7cec73-7c3d-5ebe-be58-fe1172e1d71b,85425f6f-ffed-56ea-a8f8-263478f41706,ISSUE,-547.37,24822.783,ISS-RM-CAST-IRON-2026-08-10,Issued to production.,2026-08-10T14:00:00+00:00,a3326004-c6ac-5617-a46c-ac7418e1b55c,2026-09-06T09:02:29.920757+00:00
611af1c5-8adc-5668-a081-a221e7f1ac2c,85425f6f-ffed-56ea-a8f8-263478f41706,ISSUE,-718.936,25370.153,ISS-RM-CAST-IRON-2026-08-08,Issued to production.,2026-08-08T14:00:00+00:00,a3326004-c6ac-5617-a46c-ac7418e1b55c,2026-09-06T09:02:29.920757+00:00
df0647d1-337a-512e-a28a-4a2339c12378,85425f6f-ffed-56ea-a8f8-263478f41706,ISSUE,-598.518,26089.089,ISS-RM-CAST-IRON-2026-08-07,Issued to production.,2026-08-07T14:00:00+00:00,a3326004-c6ac-5617-a46c-ac7418e1b55c,2026-09-06T09:02:29.920757+00:00
5ef4c868-867d-581f-aed1-66262d29792c,85425f6f-ffed-56ea-a8f8-263478f41706,ISSUE,-667.896,26687.607,ISS-RM-CAST-IRON-2026-08-06,Issued to production.,2026-08-06T14:00:00+00:00,a3326004-c6ac-5617-a46c-ac7418e1b55c,2026-09-06T09:02:29.920757+00:00
09fc28b3-6c4f-5c84-b668-5c056123bacb,85425f6f-ffed-56ea-a8f8-263478f41706,ISSUE,-718.929,27355.503,ISS-RM-CAST-IRON-2026-08-05,Issued to production.,2026-08-05T14:00:00+00:00,a3326004-c6ac-5617-a46c-ac7418e1b55c,2026-09-06T09:02:29.920757+00:00
8cd3ca24-6e82-5557-aac0-bbeae46ad69d,85425f6f-ffed-56ea-a8f8-263478f41706,ISSUE,-549.312,28074.432,ISS-RM-CAST-IRON-2026-08-04,Issued to production.,2026-08-04T14:00:00+00:00,a3326004-c6ac-5617-a46c-ac7418e1b55c,2026-09-06T09:02:29.920757+00:00
52eb0d99-a3ed-57c9-a74a-ba5c26e2703e,85425f6f-ffed-56ea-a8f8-263478f41706,ISSUE,-602.838,28623.744,ISS-RM-CAST-IRON-2026-08-03,Issued to production.,2026-08-03T14:00:00+00:00,a3326004-c6ac-5617-a46c-ac7418e1b55c,2026-09-06T09:02:29.920757+00:00
8e9a22e2-0ecf-5cce-8a7b-07f567a61ca3,85425f6f-ffed-56ea-a8f8-263478f41706,ISSUE,-720.373,29226.582,ISS-RM-CAST-IRON-2026-08-01,Issued to production.,2026-08-01T14:00:00+00:00,a3326004-c6ac-5617-a46c-ac7418e1b55c,2026-09-06T09:02:29.920757+00:00
517c26a9-6733-5d00-9160-169618e21f49,85425f6f-ffed-56ea-a8f8-263478f41706,ISSUE,-737.862,29946.955,ISS-RM-CAST-IRON-2026-07-31,Issued to production.,2026-07-31T14:00:00+00:00,a3326004-c6ac-5617-a46c-ac7418e1b55c,2026-09-06T09:02:29.920757+00:00
30689332-55cd-5259-a91f-6a14060b6f7f,85425f6f-ffed-56ea-a8f8-263478f41706,ADJUSTMENT,-53.14,30684.817,ADJ-RM-CAST-IRON-2026-07-31,Stock-take correction.,2026-07-31T08:00:00+00:00,d5f14249-fde0-5187-ad97-ba8997afcc3d,2026-09-06T09:02:29.920757+00:00
5505d2c2-8758-5d39-985a-825ce0f7d90c,85425f6f-ffed-56ea-a8f8-263478f41706,ISSUE,-626.546,30737.957,ISS-RM-CAST-IRON-2026-07-30,Issued to production.,2026-07-30T14:00:00+00:00,a3326004-c6ac-5617-a46c-ac7418e1b55c,2026-09-06T09:02:29.920757+00:00
987bec8b-042a-5794-a020-c82b93a54476,85425f6f-ffed-56ea-a8f8-263478f41706,ISSUE,-619.16,31364.503,ISS-RM-CAST-IRON-2026-07-29,Issued to production.,2026-07-29T14:00:00+00:00,a3326004-c6ac-5617-a46c-ac7418e1b55c,2026-09-06T09:02:29.920757+00:00
82ba913f-257d-55c8-aa8e-d8270185488d,85425f6f-ffed-56ea-a8f8-263478f41706,ISSUE,-588.124,31983.663,ISS-RM-CAST-IRON-2026-07-28,Issued to production.,2026-07-28T14:00:00+00:00,a3326004-c6ac-5617-a46c-ac7418e1b55c,2026-09-06T09:02:29.920757+00:00
1210f726-e05f-5374-84b6-81ec2565a2a4,85425f6f-ffed-56ea-a8f8-263478f41706,ISSUE,-698.569,32571.787,ISS-RM-CAST-IRON-2026-07-27,Issued to production.,2026-07-27T14:00:00+00:00,a3326004-c6ac-5617-a46c-ac7418e1b55c,2026-09-06T09:02:29.920757+00:00
8e81517b-9144-59ac-bffb-37ac3b394856,85425f6f-ffed-56ea-a8f8-263478f41706,ISSUE,-613.498,33270.356,ISS-RM-CAST-IRON-2026-07-25,Issued to production.,2026-07-25T14:00:00+00:00,a3326004-c6ac-5617-a46c-ac7418e1b55c,2026-09-06T09:02:29.920757+00:00
165aaa7d-98da-56d7-acae-16d680242636,85425f6f-ffed-56ea-a8f8-263478f41706,ISSUE,-663.897,33883.854,ISS-RM-CAST-IRON-2026-07-24,Issued to production.,2026-07-24T14:00:00+00:00,a3326004-c6ac-5617-a46c-ac7418e1b55c,2026-09-06T09:02:29.920757+00:00
d4882c08-9dd1-5142-b394-4d7ef67b3535,85425f6f-ffed-56ea-a8f8-263478f41706,ISSUE,-698.21,34547.751,ISS-RM-CAST-IRON-2026-07-23,Issued to production.,2026-07-23T14:00:00+00:00,a3326004-c6ac-5617-a46c-ac7418e1b55c,2026-09-06T09:02:29.920757+00:00
8cb00482-ecfa-52fe-bb02-f019d1f19f42,85425f6f-ffed-56ea-a8f8-263478f41706,RECEIPT,8444.7,35245.961,GRN-RM-CAST-IRON-2026-07-23,Goods received from Bharat Foundries Ltd.,2026-07-23T10:00:00+00:00,a3326004-c6ac-5617-a46c-ac7418e1b55c,2026-09-06T09:02:29.920757+00:00
c6a13940-5b52-5057-b643-a6c75e60b751,85425f6f-ffed-56ea-a8f8-263478f41706,ISSUE,-721.825,26801.261,ISS-RM-CAST-IRON-2026-07-22,Issued to production.,2026-07-22T14:00:00+00:00,a3326004-c6ac-5617-a46c-ac7418e1b55c,2026-09-06T09:02:29.920757+00:00
b2ea8a63-72cc-57f7-a05a-ad8d6a0e5b76,85425f6f-ffed-56ea-a8f8-263478f41706,ISSUE,-526.499,27523.086,ISS-RM-CAST-IRON-2026-07-21,Issued to production.,2026-07-21T14:00:00+00:00,a3326004-c6ac-5617-a46c-ac7418e1b55c,2026-09-06T09:02:29.920757+00:00
33380312-abb9-5539-a232-1d33fcd77837,85425f6f-ffed-56ea-a8f8-263478f41706,ISSUE,-657.969,28049.585,ISS-RM-CAST-IRON-2026-07-20,Issued to production.,2026-07-20T14:00:00+00:00,a3326004-c6ac-5617-a46c-ac7418e1b55c,2026-09-06T09:02:29.920757+00:00
876a8382-5c04-5f69-aa43-3f1da0cb158a,85425f6f-ffed-56ea-a8f8-263478f41706,ISSUE,-650.328,28707.554,ISS-RM-CAST-IRON-2026-07-18,Issued to production.,2026-07-18T14:00:00+00:00,a3326004-c6ac-5617-a46c-ac7418e1b55c,2026-09-06T09:02:29.920757+00:00
6e25ce0f-c121-521b-b93d-5cffe000238a,85425f6f-ffed-56ea-a8f8-263478f41706,ISSUE,-652.243,29357.882,ISS-RM-CAST-IRON-2026-07-17,Issued to production.,2026-07-17T14:00:00+00:00,a3326004-c6ac-5617-a46c-ac7418e1b55c,2026-09-06T09:02:29.920757+00:00
c869b497-e621-5749-8463-542e0c558e71,85425f6f-ffed-56ea-a8f8-263478f41706,ISSUE,-697.658,30010.125,ISS-RM-CAST-IRON-2026-07-16,Issued to production.,2026-07-16T14:00:00+00:00,a3326004-c6ac-5617-a46c-ac7418e1b55c,2026-09-06T09:02:29.920757+00:00
b620f17f-3e7e-534d-acae-b5d3ac2de7c5,85425f6f-ffed-56ea-a8f8-263478f41706,ISSUE,-630.438,30707.783,ISS-RM-CAST-IRON-2026-07-15,Issued to production.,2026-07-15T14:00:00+00:00,a3326004-c6ac-5617-a46c-ac7418e1b55c,2026-09-06T09:02:29.920757+00:00
84c2295e-8c2d-5fb6-a51b-f36f8bd90dfd,85425f6f-ffed-56ea-a8f8-263478f41706,ISSUE,-746.532,31338.221,ISS-RM-CAST-IRON-2026-07-14,Issued to production.,2026-07-14T14:00:00+00:00,a3326004-c6ac-5617-a46c-ac7418e1b55c,2026-09-06T09:02:29.920757+00:00
74e145bb-c49b-54f3-bdda-d05bc3bcaa24,85425f6f-ffed-56ea-a8f8-263478f41706,ISSUE,-652.609,32084.753,ISS-RM-CAST-IRON-2026-07-13,Issued to production.,2026-07-13T14:00:00+00:00,a3326004-c6ac-5617-a46c-ac7418e1b55c,2026-09-06T09:02:29.920757+00:00
152fb282-716c-55da-a8c9-a5d8578fdbbb,85425f6f-ffed-56ea-a8f8-263478f41706,ISSUE,-659.995,32737.362,ISS-RM-CAST-IRON-2026-07-11,Issued to production.,2026-07-11T14:00:00+00:00,a3326004-c6ac-5617-a46c-ac7418e1b55c,2026-09-06T09:02:29.920757+00:00
a88afcf6-02de-5aa6-ae51-9db3f7bc6d4a,85425f6f-ffed-56ea-a8f8-263478f41706,ISSUE,-642.988,33397.357,ISS-RM-CAST-IRON-2026-07-10,Issued to production.,2026-07-10T14:00:00+00:00,a3326004-c6ac-5617-a46c-ac7418e1b55c,2026-09-06T09:02:29.920757+00:00
d68af9e6-fe90-565a-a3e7-10eef64a46fa,85425f6f-ffed-56ea-a8f8-263478f41706,ISSUE,-552.969,34040.345,ISS-RM-CAST-IRON-2026-07-09,Issued to production.,2026-07-09T14:00:00+00:00,a3326004-c6ac-5617-a46c-ac7418e1b55c,2026-09-06T09:02:29.920757+00:00
02d870c9-a093-5e51-b8f9-da2422d7a633,85425f6f-ffed-56ea-a8f8-263478f41706,ISSUE,-534.872,34593.314,ISS-RM-CAST-IRON-2026-07-08,Issued to production.,2026-07-08T14:00:00+00:00,a3326004-c6ac-5617-a46c-ac7418e1b55c,2026-09-06T09:02:29.920757+00:00
efc5ebc9-842e-5cb0-9fe0-e8b57f5aec18,85425f6f-ffed-56ea-a8f8-263478f41706,ISSUE,-752.968,35128.186,ISS-RM-CAST-IRON-2026-07-07,Issued to production.,2026-07-07T14:00:00+00:00,a3326004-c6ac-5617-a46c-ac7418e1b55c,2026-09-06T09:02:29.920757+00:00
3d53931f-c0d4-5111-b1a3-ce957b3de770,85425f6f-ffed-56ea-a8f8-263478f41706,ISSUE,-719.758,35881.154,ISS-RM-CAST-IRON-2026-07-06,Issued to production.,2026-07-06T14:00:00+00:00,a3326004-c6ac-5617-a46c-ac7418e1b55c,2026-09-06T09:02:29.920757+00:00
1262c350-a636-5aca-85a0-c499bc37f9b8,85425f6f-ffed-56ea-a8f8-263478f41706,ISSUE,-693.694,36600.912,ISS-RM-CAST-IRON-2026-07-04,Issued to production.,2026-07-04T14:00:00+00:00,a3326004-c6ac-5617-a46c-ac7418e1b55c,2026-09-06T09:02:29.920757+00:00
d5165e9e-d838-5b02-8eeb-8a14d40502bd,85425f6f-ffed-56ea-a8f8-263478f41706,ISSUE,-741.589,37294.606,ISS-RM-CAST-IRON-2026-07-03,Issued to production.,2026-07-03T14:00:00+00:00,a3326004-c6ac-5617-a46c-ac7418e1b55c,2026-09-06T09:02:29.920757+00:00
9e91b7ca-4e4e-566a-a78c-4eed3f4899d3,85425f6f-ffed-56ea-a8f8-263478f41706,ADJUSTMENT,36.932,38036.195,ADJ-RM-CAST-IRON-2026-07-03,Stock-take correction.,2026-07-03T08:00:00+00:00,d5f14249-fde0-5187-ad97-ba8997afcc3d,2026-09-06T09:02:29.920757+00:00
84cd0974-42a2-5526-9eef-29a2680ccc02,85425f6f-ffed-56ea-a8f8-263478f41706,ISSUE,-553.947,37999.263,ISS-RM-CAST-IRON-2026-07-02,Issued to production.,2026-07-02T14:00:00+00:00,a3326004-c6ac-5617-a46c-ac7418e1b55c,2026-09-06T09:02:29.920757+00:00
3211221f-3b50-59b5-aea9-9592fe63a382,85425f6f-ffed-56ea-a8f8-263478f41706,RECEIPT,9404.23,38553.21,GRN-RM-CAST-IRON-2026-07-02,Goods received from Bharat Foundries Ltd.,2026-07-02T10:00:00+00:00,a3326004-c6ac-5617-a46c-ac7418e1b55c,2026-09-06T09:02:29.920757+00:00
19e7dad3-afa5-5603-b85d-3137f99fecdf,85425f6f-ffed-56ea-a8f8-263478f41706,ISSUE,-729.757,29148.98,ISS-RM-CAST-IRON-2026-07-01,Issued to production.,2026-07-01T14:00:00+00:00,a3326004-c6ac-5617-a46c-ac7418e1b55c,2026-09-06T09:02:29.920757+00:00
410fc0bd-9b2d-5f94-a91b-11083f96dc83,85425f6f-ffed-56ea-a8f8-263478f41706,ISSUE,-640.391,29878.737,ISS-RM-CAST-IRON-2026-06-30,Issued to production.,2026-06-30T14:00:00+00:00,a3326004-c6ac-5617-a46c-ac7418e1b55c,2026-09-06T09:02:29.920757+00:00
106423ad-3a17-5628-837c-113f1e252dc2,85425f6f-ffed-56ea-a8f8-263478f41706,ISSUE,-693.844,30519.128,ISS-RM-CAST-IRON-2026-06-29,Issued to production.,2026-06-29T14:00:00+00:00,a3326004-c6ac-5617-a46c-ac7418e1b55c,2026-09-06T09:02:29.920757+00:00
a73db984-b7a1-5e60-b928-8b67194ed08b,85425f6f-ffed-56ea-a8f8-263478f41706,ISSUE,-648.539,31212.972,ISS-RM-CAST-IRON-2026-06-27,Issued to production.,2026-06-27T14:00:00+00:00,a3326004-c6ac-5617-a46c-ac7418e1b55c,2026-09-06T09:02:29.920757+00:00
9b01b369-d488-5753-af97-d79b45f2e070,85425f6f-ffed-56ea-a8f8-263478f41706,ISSUE,-667.748,31861.511,ISS-RM-CAST-IRON-2026-06-26,Issued to production.,2026-06-26T14:00:00+00:00,a3326004-c6ac-5617-a46c-ac7418e1b55c,2026-09-06T09:02:29.920757+00:00
757498ee-51c3-5c13-932e-4278c7b4a250,85425f6f-ffed-56ea-a8f8-263478f41706,ISSUE,-661.862,32529.259,ISS-RM-CAST-IRON-2026-06-25,Issued to production.,2026-06-25T14:00:00+00:00,a3326004-c6ac-5617-a46c-ac7418e1b55c,2026-09-06T09:02:29.920757+00:00
8cd07bc0-43ca-5d01-b92d-efbad0109139,85425f6f-ffed-56ea-a8f8-263478f41706,ISSUE,-726.617,33191.121,ISS-RM-CAST-IRON-2026-06-24,Issued to production.,2026-06-24T14:00:00+00:00,a3326004-c6ac-5617-a46c-ac7418e1b55c,2026-09-06T09:02:29.920757+00:00
866f442d-f193-595e-b579-6809eacaf307,85425f6f-ffed-56ea-a8f8-263478f41706,ISSUE,-739.342,33917.738,ISS-RM-CAST-IRON-2026-06-23,Issued to production.,2026-06-23T14:00:00+00:00,a3326004-c6ac-5617-a46c-ac7418e1b55c,2026-09-06T09:02:29.920757+00:00
74ea12e5-e553-5c83-b442-d8fcd2d28865,85425f6f-ffed-56ea-a8f8-263478f41706,ISSUE,-578.877,34657.08,ISS-RM-CAST-IRON-2026-06-22,Issued to production.,2026-06-22T14:00:00+00:00,a3326004-c6ac-5617-a46c-ac7418e1b55c,2026-09-06T09:02:29.920757+00:00
1a57daf8-a2ac-5178-8d78-d78482eeb091,85425f6f-ffed-56ea-a8f8-263478f41706,ISSUE,-590.513,35235.957,ISS-RM-CAST-IRON-2026-06-20,Issued to production.,2026-06-20T14:00:00+00:00,a3326004-c6ac-5617-a46c-ac7418e1b55c,2026-09-06T09:02:29.920757+00:00
44ade6ac-a400-54f1-a156-bf03f4393295,85425f6f-ffed-56ea-a8f8-263478f41706,ISSUE,-585.143,35826.47,ISS-RM-CAST-IRON-2026-06-19,Issued to production.,2026-06-19T14:00:00+00:00,a3326004-c6ac-5617-a46c-ac7418e1b55c,2026-09-06T09:02:29.920757+00:00
49767d68-034d-587e-ac66-07efb1bb765b,85425f6f-ffed-56ea-a8f8-263478f41706,ISSUE,-597.847,36411.613,ISS-RM-CAST-IRON-2026-06-18,Issued to production.,2026-06-18T14:00:00+00:00,a3326004-c6ac-5617-a46c-ac7418e1b55c,2026-09-06T09:02:29.920757+00:00
af55301a-2de0-5f4c-9648-799837a56090,85425f6f-ffed-56ea-a8f8-263478f41706,ISSUE,-674.621,37009.46,ISS-RM-CAST-IRON-2026-06-17,Issued to production.,2026-06-17T14:00:00+00:00,a3326004-c6ac-5617-a46c-ac7418e1b55c,2026-09-06T09:02:29.920757+00:00
3c27ce22-4eaa-5e37-a1ae-251388ba9b4f,85425f6f-ffed-56ea-a8f8-263478f41706,ISSUE,-531.495,37684.081,ISS-RM-CAST-IRON-2026-06-16,Issued to production.,2026-06-16T14:00:00+00:00,a3326004-c6ac-5617-a46c-ac7418e1b55c,2026-09-06T09:02:29.920757+00:00
89a14bcb-7403-5c17-8de7-f31f6ff0225c,85425f6f-ffed-56ea-a8f8-263478f41706,ISSUE,-733.913,38215.576,ISS-RM-CAST-IRON-2026-06-15,Issued to production.,2026-06-15T14:00:00+00:00,a3326004-c6ac-5617-a46c-ac7418e1b55c,2026-09-06T09:02:29.920757+00:00
80c4eac9-7553-5196-9bac-62edfbe886c4,85425f6f-ffed-56ea-a8f8-263478f41706,ISSUE,-703.931,38949.489,ISS-RM-CAST-IRON-2026-06-13,Issued to production.,2026-06-13T14:00:00+00:00,a3326004-c6ac-5617-a46c-ac7418e1b55c,2026-09-06T09:02:29.920757+00:00
79aeac56-3a0a-5c7d-ab50-d9483584f1aa,85425f6f-ffed-56ea-a8f8-263478f41706,ISSUE,-635.162,39653.42,ISS-RM-CAST-IRON-2026-06-12,Issued to production.,2026-06-12T14:00:00+00:00,a3326004-c6ac-5617-a46c-ac7418e1b55c,2026-09-06T09:02:29.920757+00:00
d0895a60-1355-5596-a91c-786e2d6cc881,85425f6f-ffed-56ea-a8f8-263478f41706,ISSUE,-715.242,40288.582,ISS-RM-CAST-IRON-2026-06-11,Issued to production.,2026-06-11T14:00:00+00:00,a3326004-c6ac-5617-a46c-ac7418e1b55c,2026-09-06T09:02:29.920757+00:00
b4b50d03-a138-50e5-84f0-ed381b1a13e1,85425f6f-ffed-56ea-a8f8-263478f41706,RECEIPT,9823.26,41003.824,GRN-RM-CAST-IRON-2026-06-11,Goods received from Bharat Foundries Ltd.,2026-06-11T10:00:00+00:00,a3326004-c6ac-5617-a46c-ac7418e1b55c,2026-09-06T09:02:29.920757+00:00
548ad8cb-ae58-545b-ae4e-b53daab1f77e,85425f6f-ffed-56ea-a8f8-263478f41706,ISSUE,-615.252,31180.564,ISS-RM-CAST-IRON-2026-06-10,Issued to production.,2026-06-10T14:00:00+00:00,a3326004-c6ac-5617-a46c-ac7418e1b55c,2026-09-06T09:02:29.920757+00:00
ed788c33-415d-56b8-a7cb-2f25fbd95e7d,85425f6f-ffed-56ea-a8f8-263478f41706,ISSUE,-723.005,31795.816,ISS-RM-CAST-IRON-2026-06-09,Issued to production.,2026-06-09T14:00:00+00:00,a3326004-c6ac-5617-a46c-ac7418e1b55c,2026-09-06T09:02:29.920757+00:00
33eb7b51-dc92-528a-909c-2446ae719102,e156dee8-6f93-517e-902e-7d6907071714,ISSUE,-109.392,850.0,ISS-CP-BEARING-ASSY-2026-09-05,Issued to production.,2026-09-05T14:00:00+00:00,a3326004-c6ac-5617-a46c-ac7418e1b55c,2026-09-06T09:02:29.920757+00:00
7a6c1915-4e78-5741-a506-747e02c64bc5,e156dee8-6f93-517e-902e-7d6907071714,ISSUE,-86.651,959.392,ISS-CP-BEARING-ASSY-2026-09-04,Issued to production.,2026-09-04T14:00:00+00:00,a3326004-c6ac-5617-a46c-ac7418e1b55c,2026-09-06T09:02:29.920757+00:00
eacc3177-d5a5-530d-a7a7-91d45761b6b9,e156dee8-6f93-517e-902e-7d6907071714,ISSUE,-94.344,1046.043,ISS-CP-BEARING-ASSY-2026-09-03,Issued to production.,2026-09-03T14:00:00+00:00,a3326004-c6ac-5617-a46c-ac7418e1b55c,2026-09-06T09:02:29.920757+00:00
1fd7015e-6092-55f6-b7b8-5609ea47ff12,e156dee8-6f93-517e-902e-7d6907071714,ISSUE,-104.088,1140.387,ISS-CP-BEARING-ASSY-2026-09-02,Issued to production.,2026-09-02T14:00:00+00:00,a3326004-c6ac-5617-a46c-ac7418e1b55c,2026-09-06T09:02:29.920757+00:00
40542069-a50e-5188-b233-bc1834704c4d,e156dee8-6f93-517e-902e-7d6907071714,ISSUE,-83.909,1244.475,ISS-CP-BEARING-ASSY-2026-09-01,Issued to production.,2026-09-01T14:00:00+00:00,a3326004-c6ac-5617-a46c-ac7418e1b55c,2026-09-06T09:02:29.920757+00:00
c74c99ed-dbc2-558c-979a-ec88f8c45c72,e156dee8-6f93-517e-902e-7d6907071714,ISSUE,-111.865,1328.384,ISS-CP-BEARING-ASSY-2026-08-31,Issued to production.,2026-08-31T14:00:00+00:00,a3326004-c6ac-5617-a46c-ac7418e1b55c,2026-09-06T09:02:29.920757+00:00
0fd41249-224f-52ac-97c9-7040cad7cff7,e156dee8-6f93-517e-902e-7d6907071714,ISSUE,-78.855,1440.249,ISS-CP-BEARING-ASSY-2026-08-29,Issued to production.,2026-08-29T14:00:00+00:00,a3326004-c6ac-5617-a46c-ac7418e1b55c,2026-09-06T09:02:29.920757+00:00
98026199-9882-5c06-91fb-4843c39bd40f,e156dee8-6f93-517e-902e-7d6907071714,ISSUE,-98.539,1519.104,ISS-CP-BEARING-ASSY-2026-08-28,Issued to production.,2026-08-28T14:00:00+00:00,a3326004-c6ac-5617-a46c-ac7418e1b55c,2026-09-06T09:02:29.920757+00:00
0fc6d6b5-2a48-5cd8-a55d-6128b76e8623,e156dee8-6f93-517e-902e-7d6907071714,ISSUE,-107.702,1617.643,ISS-CP-BEARING-ASSY-2026-08-27,Issued to production.,2026-08-27T14:00:00+00:00,a3326004-c6ac-5617-a46c-ac7418e1b55c,2026-09-06T09:02:29.920757+00:00
3a419970-76ee-5845-8369-24353828c4f1,e156dee8-6f93-517e-902e-7d6907071714,ISSUE,-107.766,1725.345,ISS-CP-BEARING-ASSY-2026-08-26,Issued to production.,2026-08-26T14:00:00+00:00,a3326004-c6ac-5617-a46c-ac7418e1b55c,2026-09-06T09:02:29.920757+00:00
64deb805-46c3-5cde-9668-bad73628b4a7,e156dee8-6f93-517e-902e-7d6907071714,ISSUE,-79.332,1833.111,ISS-CP-BEARING-ASSY-2026-08-25,Issued to production.,2026-08-25T14:00:00+00:00,a3326004-c6ac-5617-a46c-ac7418e1b55c,2026-09-06T09:02:29.920757+00:00
6c0757ba-c133-55db-8596-a9f2ae1c52fc,e156dee8-6f93-517e-902e-7d6907071714,ISSUE,-104.921,1912.443,ISS-CP-BEARING-ASSY-2026-08-24,Issued to production.,2026-08-24T14:00:00+00:00,a3326004-c6ac-5617-a46c-ac7418e1b55c,2026-09-06T09:02:29.920757+00:00
a10055be-150e-5673-b5d6-dea15bf5c473,e156dee8-6f93-517e-902e-7d6907071714,RECEIPT,1231.702,2017.364,GRN-CP-BEARING-ASSY-2026-08-24,Goods received from Kanto Precision KK.,2026-08-24T10:00:00+00:00,a3326004-c6ac-5617-a46c-ac7418e1b55c,2026-09-06T09:02:29.920757+00:00
42d6f710-a2cb-5fbb-a59b-d063f1ce86c8,e156dee8-6f93-517e-902e-7d6907071714,ISSUE,-97.926,785.662,ISS-CP-BEARING-ASSY-2026-08-22,Issued to production.,2026-08-22T14:00:00+00:00,a3326004-c6ac-5617-a46c-ac7418e1b55c,2026-09-06T09:02:29.920757+00:00
be0bec20-ee52-5b0d-bf2d-f81982cf2cfb,e156dee8-6f93-517e-902e-7d6907071714,ISSUE,-82.839,883.588,ISS-CP-BEARING-ASSY-2026-08-21,Issued to production.,2026-08-21T14:00:00+00:00,a3326004-c6ac-5617-a46c-ac7418e1b55c,2026-09-06T09:02:29.920757+00:00
c08dcd99-0b23-53ad-ab02-54dc6745de07,e156dee8-6f93-517e-902e-7d6907071714,ISSUE,-111.833,966.427,ISS-CP-BEARING-ASSY-2026-08-20,Issued to production.,2026-08-20T14:00:00+00:00,a3326004-c6ac-5617-a46c-ac7418e1b55c,2026-09-06T09:02:29.920757+00:00
7b48bff0-f325-573a-af73-b756dd3abe40,e156dee8-6f93-517e-902e-7d6907071714,ISSUE,-106.951,1078.26,ISS-CP-BEARING-ASSY-2026-08-19,Issued to production.,2026-08-19T14:00:00+00:00,a3326004-c6ac-5617-a46c-ac7418e1b55c,2026-09-06T09:02:29.920757+00:00
1594ad1f-addc-5a4e-bbdf-8433757e6a1f,e156dee8-6f93-517e-902e-7d6907071714,ISSUE,-86.707,1185.211,ISS-CP-BEARING-ASSY-2026-08-18,Issued to production.,2026-08-18T14:00:00+00:00,a3326004-c6ac-5617-a46c-ac7418e1b55c,2026-09-06T09:02:29.920757+00:00
1a5e11e6-4445-5d91-b88a-cb08d3b349db,e156dee8-6f93-517e-902e-7d6907071714,ISSUE,-99.89,1271.918,ISS-CP-BEARING-ASSY-2026-08-17,Issued to production.,2026-08-17T14:00:00+00:00,a3326004-c6ac-5617-a46c-ac7418e1b55c,2026-09-06T09:02:29.920757+00:00
891c1b46-9809-51d5-aec8-fabe83e8571d,e156dee8-6f93-517e-902e-7d6907071714,ISSUE,-103.994,1371.808,ISS-CP-BEARING-ASSY-2026-08-15,Issued to production.,2026-08-15T14:00:00+00:00,a3326004-c6ac-5617-a46c-ac7418e1b55c,2026-09-06T09:02:29.920757+00:00
89acaff5-954f-5d25-b054-ddacd5cd5a32,e156dee8-6f93-517e-902e-7d6907071714,ISSUE,-93.556,1475.802,ISS-CP-BEARING-ASSY-2026-08-14,Issued to production.,2026-08-14T14:00:00+00:00,a3326004-c6ac-5617-a46c-ac7418e1b55c,2026-09-06T09:02:29.920757+00:00
3c0e9d28-952b-5375-a602-3a5981549a9d,e156dee8-6f93-517e-902e-7d6907071714,ISSUE,-94.708,1569.358,ISS-CP-BEARING-ASSY-2026-08-13,Issued to production.,2026-08-13T14:00:00+00:00,a3326004-c6ac-5617-a46c-ac7418e1b55c,2026-09-06T09:02:29.920757+00:00
20682a57-662b-594f-90bd-ae4de4205983,e156dee8-6f93-517e-902e-7d6907071714,ISSUE,-82.345,1664.066,ISS-CP-BEARING-ASSY-2026-08-12,Issued to production.,2026-08-12T14:00:00+00:00,a3326004-c6ac-5617-a46c-ac7418e1b55c,2026-09-06T09:02:29.920757+00:00
83d19083-06e6-5be1-a843-08a2de340e5c,e156dee8-6f93-517e-902e-7d6907071714,ISSUE,-109.071,1746.411,ISS-CP-BEARING-ASSY-2026-08-11,Issued to production.,2026-08-11T14:00:00+00:00,a3326004-c6ac-5617-a46c-ac7418e1b55c,2026-09-06T09:02:29.920757+00:00
565394d9-40ba-50a0-ad6a-2d3f7cf489ce,e156dee8-6f93-517e-902e-7d6907071714,ISSUE,-86.732,1855.482,ISS-CP-BEARING-ASSY-2026-08-10,Issued to production.,2026-08-10T14:00:00+00:00,a3326004-c6ac-5617-a46c-ac7418e1b55c,2026-09-06T09:02:29.920757+00:00
2258c2ef-7e81-5300-8ae8-7af313af0746,e156dee8-6f93-517e-902e-7d6907071714,ISSUE,-93.869,1942.214,ISS-CP-BEARING-ASSY-2026-08-08,Issued to production.,2026-08-08T14:00:00+00:00,a3326004-c6ac-5617-a46c-ac7418e1b55c,2026-09-06T09:02:29.920757+00:00
3405574a-22f5-528f-8aa9-069c7ce363a6,e156dee8-6f93-517e-902e-7d6907071714,ISSUE,-87.348,2036.083,ISS-CP-BEARING-ASSY-2026-08-07,Issued to production.,2026-08-07T14:00:00+00:00,a3326004-c6ac-5617-a46c-ac7418e1b55c,2026-09-06T09:02:29.920757+00:00
aec1932a-a212-522e-ae17-3e199158b920,e156dee8-6f93-517e-902e-7d6907071714,ISSUE,-95.952,2123.431,ISS-CP-BEARING-ASSY-2026-08-06,Issued to production.,2026-08-06T14:00:00+00:00,a3326004-c6ac-5617-a46c-ac7418e1b55c,2026-09-06T09:02:29.920757+00:00
644e189f-19e5-53b8-8def-323472e7d796,e156dee8-6f93-517e-902e-7d6907071714,ISSUE,-99.531,2219.383,ISS-CP-BEARING-ASSY-2026-08-05,Issued to production.,2026-08-05T14:00:00+00:00,a3326004-c6ac-5617-a46c-ac7418e1b55c,2026-09-06T09:02:29.920757+00:00
3a394320-9d3f-58f1-9567-cebc4ef4446f,e156dee8-6f93-517e-902e-7d6907071714,ISSUE,-101.523,2318.914,ISS-CP-BEARING-ASSY-2026-08-04,Issued to production.,2026-08-04T14:00:00+00:00,a3326004-c6ac-5617-a46c-ac7418e1b55c,2026-09-06T09:02:29.920757+00:00
26665f4d-b581-5049-bdbf-0831ce95db6e,e156dee8-6f93-517e-902e-7d6907071714,ISSUE,-80.281,2420.437,ISS-CP-BEARING-ASSY-2026-08-03,Issued to production.,2026-08-03T14:00:00+00:00,a3326004-c6ac-5617-a46c-ac7418e1b55c,2026-09-06T09:02:29.920757+00:00
fdae902b-5456-5bb6-b9fb-eff1d2f45b25,e156dee8-6f93-517e-902e-7d6907071714,RECEIPT,1314.809,2500.718,GRN-CP-BEARING-ASSY-2026-08-03,Goods received from Kanto Precision KK.,2026-08-03T10:00:00+00:00,a3326004-c6ac-5617-a46c-ac7418e1b55c,2026-09-06T09:02:29.920757+00:00
75e6cea1-79eb-5a07-9a51-f7b0e76905f6,e156dee8-6f93-517e-902e-7d6907071714,ISSUE,-78.4,1185.909,ISS-CP-BEARING-ASSY-2026-08-01,Issued to production.,2026-08-01T14:00:00+00:00,a3326004-c6ac-5617-a46c-ac7418e1b55c,2026-09-06T09:02:29.920757+00:00
44b7aefb-f0af-5487-8342-1937bc1a005d,e156dee8-6f93-517e-902e-7d6907071714,ISSUE,-81.261,1264.309,ISS-CP-BEARING-ASSY-2026-07-31,Issued to production.,2026-07-31T14:00:00+00:00,a3326004-c6ac-5617-a46c-ac7418e1b55c,2026-09-06T09:02:29.920757+00:00
facf123e-71cf-5fc1-8687-ad90ee1e6200,e156dee8-6f93-517e-902e-7d6907071714,ISSUE,-102.348,1345.57,ISS-CP-BEARING-ASSY-2026-07-30,Issued to production.,2026-07-30T14:00:00+00:00,a3326004-c6ac-5617-a46c-ac7418e1b55c,2026-09-06T09:02:29.920757+00:00
ecbce01a-ee8c-58ab-a045-fd5f0967b21c,e156dee8-6f93-517e-902e-7d6907071714,ISSUE,-79.133,1447.918,ISS-CP-BEARING-ASSY-2026-07-29,Issued to production.,2026-07-29T14:00:00+00:00,a3326004-c6ac-5617-a46c-ac7418e1b55c,2026-09-06T09:02:29.920757+00:00
c6e87a12-67f0-560d-a631-2845c6f618b4,e156dee8-6f93-517e-902e-7d6907071714,ISSUE,-111.535,1527.051,ISS-CP-BEARING-ASSY-2026-07-28,Issued to production.,2026-07-28T14:00:00+00:00,a3326004-c6ac-5617-a46c-ac7418e1b55c,2026-09-06T09:02:29.920757+00:00
07572c71-fe60-591a-9150-d15c201e8b26,e156dee8-6f93-517e-902e-7d6907071714,ISSUE,-102.256,1638.586,ISS-CP-BEARING-ASSY-2026-07-27,Issued to production.,2026-07-27T14:00:00+00:00,a3326004-c6ac-5617-a46c-ac7418e1b55c,2026-09-06T09:02:29.920757+00:00
5380785d-1d27-52db-ab0f-d9055c11ec60,e156dee8-6f93-517e-902e-7d6907071714,ISSUE,-87.488,1740.842,ISS-CP-BEARING-ASSY-2026-07-25,Issued to production.,2026-07-25T14:00:00+00:00,a3326004-c6ac-5617-a46c-ac7418e1b55c,2026-09-06T09:02:29.920757+00:00
4a52af29-d351-52f6-8619-cfcdedc1f0d6,e156dee8-6f93-517e-902e-7d6907071714,ISSUE,-81.352,1828.33,ISS-CP-BEARING-ASSY-2026-07-24,Issued to production.,2026-07-24T14:00:00+00:00,a3326004-c6ac-5617-a46c-ac7418e1b55c,2026-09-06T09:02:29.920757+00:00
ce8c47d6-8235-58a2-88e7-3da70bf59f14,e156dee8-6f93-517e-902e-7d6907071714,ISSUE,-105.24,1909.682,ISS-CP-BEARING-ASSY-2026-07-23,Issued to production.,2026-07-23T14:00:00+00:00,a3326004-c6ac-5617-a46c-ac7418e1b55c,2026-09-06T09:02:29.920757+00:00
8fa9c6d2-473a-5fb0-97b0-005b31a7cb25,e156dee8-6f93-517e-902e-7d6907071714,ISSUE,-101.065,2014.922,ISS-CP-BEARING-ASSY-2026-07-22,Issued to production.,2026-07-22T14:00:00+00:00,a3326004-c6ac-5617-a46c-ac7418e1b55c,2026-09-06T09:02:29.920757+00:00
dce73df0-33eb-547b-a698-55c9ccf9cf11,e156dee8-6f93-517e-902e-7d6907071714,ISSUE,-85.164,2115.987,ISS-CP-BEARING-ASSY-2026-07-21,Issued to production.,2026-07-21T14:00:00+00:00,a3326004-c6ac-5617-a46c-ac7418e1b55c,2026-09-06T09:02:29.920757+00:00
bca6dddc-7842-5fdb-9341-9b6b09f875d8,e156dee8-6f93-517e-902e-7d6907071714,ISSUE,-102.787,2201.151,ISS-CP-BEARING-ASSY-2026-07-20,Issued to production.,2026-07-20T14:00:00+00:00,a3326004-c6ac-5617-a46c-ac7418e1b55c,2026-09-06T09:02:29.920757+00:00
a566837a-077e-507e-b8ce-04357842b4e3,e156dee8-6f93-517e-902e-7d6907071714,ISSUE,-86.361,2303.938,ISS-CP-BEARING-ASSY-2026-07-18,Issued to production.,2026-07-18T14:00:00+00:00,a3326004-c6ac-5617-a46c-ac7418e1b55c,2026-09-06T09:02:29.920757+00:00
b825dfe7-f82e-56a4-8228-28b0d4870e97,e156dee8-6f93-517e-902e-7d6907071714,ISSUE,-107.54,2390.299,ISS-CP-BEARING-ASSY-2026-07-17,Issued to production.,2026-07-17T14:00:00+00:00,a3326004-c6ac-5617-a46c-ac7418e1b55c,2026-09-06T09:02:29.920757+00:00
b0a96f95-337b-5adf-80e7-405b7240ab47,e156dee8-6f93-517e-902e-7d6907071714,ISSUE,-91.258,2497.839,ISS-CP-BEARING-ASSY-2026-07-16,Issued to production.,2026-07-16T14:00:00+00:00,a3326004-c6ac-5617-a46c-ac7418e1b55c,2026-09-06T09:02:29.920757+00:00
43e642ea-310f-543e-b942-7478ed50b01c,e156dee8-6f93-517e-902e-7d6907071714,ISSUE,-103.108,2589.097,ISS-CP-BEARING-ASSY-2026-07-15,Issued to production.,2026-07-15T14:00:00+00:00,a3326004-c6ac-5617-a46c-ac7418e1b55c,2026-09-06T09:02:29.920757+00:00
10271ae0-0db1-559b-969e-4b19124f6b81,e156dee8-6f93-517e-902e-7d6907071714,ISSUE,-89.211,2692.205,ISS-CP-BEARING-ASSY-2026-07-14,Issued to production.,2026-07-14T14:00:00+00:00,a3326004-c6ac-5617-a46c-ac7418e1b55c,2026-09-06T09:02:29.920757+00:00
13ef1e75-7c7d-5f51-ac9f-39a799eade35,e156dee8-6f93-517e-902e-7d6907071714,ISSUE,-97.221,2781.416,ISS-CP-BEARING-ASSY-2026-07-13,Issued to production.,2026-07-13T14:00:00+00:00,a3326004-c6ac-5617-a46c-ac7418e1b55c,2026-09-06T09:02:29.920757+00:00
0d775df0-4bcd-5908-971b-75905c0ce132,e156dee8-6f93-517e-902e-7d6907071714,RECEIPT,1388.148,2878.637,GRN-CP-BEARING-ASSY-2026-07-13,Goods received from Kanto Precision KK.,2026-07-13T10:00:00+00:00,a3326004-c6ac-5617-a46c-ac7418e1b55c,2026-09-06T09:02:29.920757+00:00
6c339f2a-e8ca-5f5c-94eb-47f99b88c26f,e156dee8-6f93-517e-902e-7d6907071714,ISSUE,-106.793,1490.489,ISS-CP-BEARING-ASSY-2026-07-11,Issued to production.,2026-07-11T14:00:00+00:00,a3326004-c6ac-5617-a46c-ac7418e1b55c,2026-09-06T09:02:29.920757+00:00
e036de11-aa47-506a-9e98-d45a32cea9a8,e156dee8-6f93-517e-902e-7d6907071714,ISSUE,-92.534,1597.282,ISS-CP-BEARING-ASSY-2026-07-10,Issued to production.,2026-07-10T14:00:00+00:00,a3326004-c6ac-5617-a46c-ac7418e1b55c,2026-09-06T09:02:29.920757+00:00
5f62b25f-1ba0-5041-becd-7b3ca81a6f7c,e156dee8-6f93-517e-902e-7d6907071714,ISSUE,-98.133,1689.816,ISS-CP-BEARING-ASSY-2026-07-09,Issued to production.,2026-07-09T14:00:00+00:00,a3326004-c6ac-5617-a46c-ac7418e1b55c,2026-09-06T09:02:29.920757+00:00
2927c472-a889-56e2-849b-2279c7884a3d,e156dee8-6f93-517e-902e-7d6907071714,ISSUE,-106.437,1787.949,ISS-CP-BEARING-ASSY-2026-07-08,Issued to production.,2026-07-08T14:00:00+00:00,a3326004-c6ac-5617-a46c-ac7418e1b55c,2026-09-06T09:02:29.920757+00:00
14eaa48a-fbcd-515e-a75d-120c1a44a68a,e156dee8-6f93-517e-902e-7d6907071714,ISSUE,-105.919,1894.386,ISS-CP-BEARING-ASSY-2026-07-07,Issued to production.,2026-07-07T14:00:00+00:00,a3326004-c6ac-5617-a46c-ac7418e1b55c,2026-09-06T09:02:29.920757+00:00
7ffa2709-2478-5dc0-8d0f-53ba8ab1f6d7,e156dee8-6f93-517e-902e-7d6907071714,ISSUE,-102.389,2000.305,ISS-CP-BEARING-ASSY-2026-07-06,Issued to production.,2026-07-06T14:00:00+00:00,a3326004-c6ac-5617-a46c-ac7418e1b55c,2026-09-06T09:02:29.920757+00:00
4bf3bf11-9cda-5c73-84cb-07415fd27f1d,e156dee8-6f93-517e-902e-7d6907071714,ISSUE,-102.104,2102.694,ISS-CP-BEARING-ASSY-2026-07-04,Issued to production.,2026-07-04T14:00:00+00:00,a3326004-c6ac-5617-a46c-ac7418e1b55c,2026-09-06T09:02:29.920757+00:00
f9907c82-c2d6-5846-a4d7-0429e10c8014,e156dee8-6f93-517e-902e-7d6907071714,ISSUE,-107.412,2204.798,ISS-CP-BEARING-ASSY-2026-07-03,Issued to production.,2026-07-03T14:00:00+00:00,a3326004-c6ac-5617-a46c-ac7418e1b55c,2026-09-06T09:02:29.920757+00:00
fa6b7e1b-557e-5989-82e8-6ee6d15a4e10,e156dee8-6f93-517e-902e-7d6907071714,ISSUE,-83.169,2312.21,ISS-CP-BEARING-ASSY-2026-07-02,Issued to production.,2026-07-02T14:00:00+00:00,a3326004-c6ac-5617-a46c-ac7418e1b55c,2026-09-06T09:02:29.920757+00:00
4c04df7e-d5a8-51a6-a867-73f7cc6b9988,e156dee8-6f93-517e-902e-7d6907071714,ISSUE,-103.421,2395.379,ISS-CP-BEARING-ASSY-2026-07-01,Issued to production.,2026-07-01T14:00:00+00:00,a3326004-c6ac-5617-a46c-ac7418e1b55c,2026-09-06T09:02:29.920757+00:00
34b479dc-c29f-50bf-b9f7-9c8b9385faf4,e156dee8-6f93-517e-902e-7d6907071714,ISSUE,-82.32,2498.8,ISS-CP-BEARING-ASSY-2026-06-30,Issued to production.,2026-06-30T14:00:00+00:00,a3326004-c6ac-5617-a46c-ac7418e1b55c,2026-09-06T09:02:29.920757+00:00
d06b1326-40a6-567a-b128-bf3bf2453430,e156dee8-6f93-517e-902e-7d6907071714,ISSUE,-96.853,2581.12,ISS-CP-BEARING-ASSY-2026-06-29,Issued to production.,2026-06-29T14:00:00+00:00,a3326004-c6ac-5617-a46c-ac7418e1b55c,2026-09-06T09:02:29.920757+00:00
ddbc176e-dd18-5cf9-866b-8d1fb8e78d19,e156dee8-6f93-517e-902e-7d6907071714,ISSUE,-80.705,2677.973,ISS-CP-BEARING-ASSY-2026-06-27,Issued to production.,2026-06-27T14:00:00+00:00,a3326004-c6ac-5617-a46c-ac7418e1b55c,2026-09-06T09:02:29.920757+00:00
a36f6800-e07f-5470-965c-480ae98f7189,e156dee8-6f93-517e-902e-7d6907071714,ISSUE,-108.351,2758.678,ISS-CP-BEARING-ASSY-2026-06-26,Issued to production.,2026-06-26T14:00:00+00:00,a3326004-c6ac-5617-a46c-ac7418e1b55c,2026-09-06T09:02:29.920757+00:00
4ca56e90-b693-5091-ac32-6b54e29acdcb,e156dee8-6f93-517e-902e-7d6907071714,ISSUE,-83.554,2867.029,ISS-CP-BEARING-ASSY-2026-06-25,Issued to production.,2026-06-25T14:00:00+00:00,a3326004-c6ac-5617-a46c-ac7418e1b55c,2026-09-06T09:02:29.920757+00:00
09ea6f30-6a1c-5bed-bdd4-fa25ecb03a44,e156dee8-6f93-517e-902e-7d6907071714,ISSUE,-99.883,2950.583,ISS-CP-BEARING-ASSY-2026-06-24,Issued to production.,2026-06-24T14:00:00+00:00,a3326004-c6ac-5617-a46c-ac7418e1b55c,2026-09-06T09:02:29.920757+00:00
314f6e78-5d87-5131-9551-8581be8192a5,e156dee8-6f93-517e-902e-7d6907071714,ISSUE,-78.502,3050.466,ISS-CP-BEARING-ASSY-2026-06-23,Issued to production.,2026-06-23T14:00:00+00:00,a3326004-c6ac-5617-a46c-ac7418e1b55c,2026-09-06T09:02:29.920757+00:00
e1c49e00-c7d0-5399-8cce-8db7ef51571e,e156dee8-6f93-517e-902e-7d6907071714,ISSUE,-97.556,3128.968,ISS-CP-BEARING-ASSY-2026-06-22,Issued to production.,2026-06-22T14:00:00+00:00,a3326004-c6ac-5617-a46c-ac7418e1b55c,2026-09-06T09:02:29.920757+00:00
e1322a0c-02d0-50cc-b422-f154986149d2,e156dee8-6f93-517e-902e-7d6907071714,RECEIPT,1429.118,3226.524,GRN-CP-BEARING-ASSY-2026-06-22,Goods received from Kanto Precision KK.,2026-06-22T10:00:00+00:00,a3326004-c6ac-5617-a46c-ac7418e1b55c,2026-09-06T09:02:29.920757+00:00
4ba85cd7-ac5b-5cf9-916a-278dc3b3927e,e156dee8-6f93-517e-902e-7d6907071714,ISSUE,-88.931,1797.406,ISS-CP-BEARING-ASSY-2026-06-20,Issued to production.,2026-06-20T14:00:00+00:00,a3326004-c6ac-5617-a46c-ac7418e1b55c,2026-09-06T09:02:29.920757+00:00
db54b721-8e2e-563a-8c92-f876e0dfd21f,e156dee8-6f93-517e-902e-7d6907071714,ISSUE,-103.636,1886.337,ISS-CP-BEARING-ASSY-2026-06-19,Issued to production.,2026-06-19T14:00:00+00:00,a3326004-c6ac-5617-a46c-ac7418e1b55c,2026-09-06T09:02:29.920757+00:00
51725bb8-f24b-5cb4-b5b2-dfd91ec5000f,e156dee8-6f93-517e-902e-7d6907071714,ISSUE,-99.193,1989.973,ISS-CP-BEARING-ASSY-2026-06-18,Issued to production.,2026-06-18T14:00:00+00:00,a3326004-c6ac-5617-a46c-ac7418e1b55c,2026-09-06T09:02:29.920757+00:00
fcddccb5-e7ec-5897-b5df-473fb3b7d088,e156dee8-6f93-517e-902e-7d6907071714,ISSUE,-103.723,2089.166,ISS-CP-BEARING-ASSY-2026-06-17,Issued to production.,2026-06-17T14:00:00+00:00,a3326004-c6ac-5617-a46c-ac7418e1b55c,2026-09-06T09:02:29.920757+00:00
878cdc30-9ee8-5326-ace2-0dc0a45c07b5,e156dee8-6f93-517e-902e-7d6907071714,ISSUE,-79.28,2192.889,ISS-CP-BEARING-ASSY-2026-06-16,Issued to production.,2026-06-16T14:00:00+00:00,a3326004-c6ac-5617-a46c-ac7418e1b55c,2026-09-06T09:02:29.920757+00:00
430984fb-dfe3-52af-9319-b29a462afba5,e156dee8-6f93-517e-902e-7d6907071714,ISSUE,-101.244,2272.169,ISS-CP-BEARING-ASSY-2026-06-15,Issued to production.,2026-06-15T14:00:00+00:00,a3326004-c6ac-5617-a46c-ac7418e1b55c,2026-09-06T09:02:29.920757+00:00
7501175c-0ed1-562f-a3a1-b5c5847c19a5,e156dee8-6f93-517e-902e-7d6907071714,ISSUE,-80.802,2373.413,ISS-CP-BEARING-ASSY-2026-06-13,Issued to production.,2026-06-13T14:00:00+00:00,a3326004-c6ac-5617-a46c-ac7418e1b55c,2026-09-06T09:02:29.920757+00:00
17ec6b45-96df-5fc2-b6ed-7d005d8f96e9,e156dee8-6f93-517e-902e-7d6907071714,ISSUE,-95.377,2454.215,ISS-CP-BEARING-ASSY-2026-06-12,Issued to production.,2026-06-12T14:00:00+00:00,a3326004-c6ac-5617-a46c-ac7418e1b55c,2026-09-06T09:02:29.920757+00:00
d49a26d6-9604-5ad9-b7f4-310f8d987580,e156dee8-6f93-517e-902e-7d6907071714,ISSUE,-78.21,2549.592,ISS-CP-BEARING-ASSY-2026-06-11,Issued to production.,2026-06-11T14:00:00+00:00,a3326004-c6ac-5617-a46c-ac7418e1b55c,2026-09-06T09:02:29.920757+00:00
615e9c6b-9ac2-59e1-a5cb-4772e59835c8,e156dee8-6f93-517e-902e-7d6907071714,ISSUE,-92.1,2627.802,ISS-CP-BEARING-ASSY-2026-06-10,Issued to production.,2026-06-10T14:00:00+00:00,a3326004-c6ac-5617-a46c-ac7418e1b55c,2026-09-06T09:02:29.920757+00:00
7ee91108-a843-588d-89bd-c959d216904b,e156dee8-6f93-517e-902e-7d6907071714,ISSUE,-105.166,2719.902,ISS-CP-BEARING-ASSY-2026-06-09,Issued to production.,2026-06-09T14:00:00+00:00,a3326004-c6ac-5617-a46c-ac7418e1b55c,2026-09-06T09:02:29.920757+00:00
5beb73b0-b629-5646-9750-70fba91e48a5,da29d0eb-49f6-5751-aa62-026a2fa5b685,ISSUE,-2601.479,196000.0,ISS-CP-FASTENER-2026-09-05,Issued to production.,2026-09-05T14:00:00+00:00,a3326004-c6ac-5617-a46c-ac7418e1b55c,2026-09-06T09:02:29.920757+00:00
33288d34-6f93-553c-89bb-0510787dc8d3,da29d0eb-49f6-5751-aa62-026a2fa5b685,ISSUE,-2503.211,198601.479,ISS-CP-FASTENER-2026-09-04,Issued to production.,2026-09-04T14:00:00+00:00,a3326004-c6ac-5617-a46c-ac7418e1b55c,2026-09-06T09:02:29.920757+00:00
f69b7047-3ab0-5dab-906d-d3b77c887089,da29d0eb-49f6-5751-aa62-026a2fa5b685,ISSUE,-2269.469,201104.69,ISS-CP-FASTENER-2026-09-03,Issued to production.,2026-09-03T14:00:00+00:00,a3326004-c6ac-5617-a46c-ac7418e1b55c,2026-09-06T09:02:29.920757+00:00
d14e962a-bf09-5b98-abeb-5c32b3c4efed,da29d0eb-49f6-5751-aa62-026a2fa5b685,ISSUE,-2262.008,203374.159,ISS-CP-FASTENER-2026-09-02,Issued to production.,2026-09-02T14:00:00+00:00,a3326004-c6ac-5617-a46c-ac7418e1b55c,2026-09-06T09:02:29.920757+00:00
0451d251-b2eb-58b6-bb79-f57aaedc3124,da29d0eb-49f6-5751-aa62-026a2fa5b685,ISSUE,-2416.579,205636.167,ISS-CP-FASTENER-2026-09-01,Issued to production.,2026-09-01T14:00:00+00:00,a3326004-c6ac-5617-a46c-ac7418e1b55c,2026-09-06T09:02:29.920757+00:00
8aa8a0e9-b478-56eb-997d-b500dfaad446,da29d0eb-49f6-5751-aa62-026a2fa5b685,ISSUE,-2066.146,208052.746,ISS-CP-FASTENER-2026-08-31,Issued to production.,2026-08-31T14:00:00+00:00,a3326004-c6ac-5617-a46c-ac7418e1b55c,2026-09-06T09:02:29.920757+00:00
571cf203-20de-5ff4-bc2c-bf71c05e93af,da29d0eb-49f6-5751-aa62-026a2fa5b685,ISSUE,-2216.746,210118.892,ISS-CP-FASTENER-2026-08-29,Issued to production.,2026-08-29T14:00:00+00:00,a3326004-c6ac-5617-a46c-ac7418e1b55c,2026-09-06T09:02:29.920757+00:00
b68e3a59-c405-546f-b9a4-f4de3841d7ed,da29d0eb-49f6-5751-aa62-026a2fa5b685,ISSUE,-2339.609,212335.638,ISS-CP-FASTENER-2026-08-28,Issued to production.,2026-08-28T14:00:00+00:00,a3326004-c6ac-5617-a46c-ac7418e1b55c,2026-09-06T09:02:29.920757+00:00
2343aa15-275b-5d5c-b60c-defae45b6a02,da29d0eb-49f6-5751-aa62-026a2fa5b685,ISSUE,-1980.348,214675.247,ISS-CP-FASTENER-2026-08-27,Issued to production.,2026-08-27T14:00:00+00:00,a3326004-c6ac-5617-a46c-ac7418e1b55c,2026-09-06T09:02:29.920757+00:00
7e1bd9cf-510b-5591-9fc8-32b10c86aa34,da29d0eb-49f6-5751-aa62-026a2fa5b685,ISSUE,-2517.263,216655.595,ISS-CP-FASTENER-2026-08-26,Issued to production.,2026-08-26T14:00:00+00:00,a3326004-c6ac-5617-a46c-ac7418e1b55c,2026-09-06T09:02:29.920757+00:00
8ebd0345-c762-5cd1-a391-11bc3c3ad56f,da29d0eb-49f6-5751-aa62-026a2fa5b685,ISSUE,-2394.242,219172.858,ISS-CP-FASTENER-2026-08-25,Issued to production.,2026-08-25T14:00:00+00:00,a3326004-c6ac-5617-a46c-ac7418e1b55c,2026-09-06T09:02:29.920757+00:00
ca7d5a81-ef68-5466-97f1-4852dff842cc,da29d0eb-49f6-5751-aa62-026a2fa5b685,ISSUE,-2017.254,221567.1,ISS-CP-FASTENER-2026-08-24,Issued to production.,2026-08-24T14:00:00+00:00,a3326004-c6ac-5617-a46c-ac7418e1b55c,2026-09-06T09:02:29.920757+00:00
677f4201-7163-5268-987c-0c1dac893b8b,da29d0eb-49f6-5751-aa62-026a2fa5b685,RECEIPT,33667.3,223584.354,GRN-CP-FASTENER-2026-08-24,Goods received from Ostrava Fixings s.r.o..,2026-08-24T10:00:00+00:00,a3326004-c6ac-5617-a46c-ac7418e1b55c,2026-09-06T09:02:29.920757+00:00
642e4589-6a58-5d4c-adad-4c9448215a26,da29d0eb-49f6-5751-aa62-026a2fa5b685,ISSUE,-1995.495,189917.054,ISS-CP-FASTENER-2026-08-22,Issued to production.,2026-08-22T14:00:00+00:00,a3326004-c6ac-5617-a46c-ac7418e1b55c,2026-09-06T09:02:29.920757+00:00
7068365a-0ed6-5945-a378-c674d3f8dd13,da29d0eb-49f6-5751-aa62-026a2fa5b685,ISSUE,-2735.241,191912.549,ISS-CP-FASTENER-2026-08-21,Issued to production.,2026-08-21T14:00:00+00:00,a3326004-c6ac-5617-a46c-ac7418e1b55c,2026-09-06T09:02:29.920757+00:00
bda33b99-79a5-5624-a0ea-4776e40fc973,da29d0eb-49f6-5751-aa62-026a2fa5b685,ISSUE,-2044.354,194647.79,ISS-CP-FASTENER-2026-08-20,Issued to production.,2026-08-20T14:00:00+00:00,a3326004-c6ac-5617-a46c-ac7418e1b55c,2026-09-06T09:02:29.920757+00:00
ed563ff6-921e-517e-8fb4-af99ad1a6440,da29d0eb-49f6-5751-aa62-026a2fa5b685,ISSUE,-2384.749,196692.144,ISS-CP-FASTENER-2026-08-19,Issued to production.,2026-08-19T14:00:00+00:00,a3326004-c6ac-5617-a46c-ac7418e1b55c,2026-09-06T09:02:29.920757+00:00
cfce2c95-42e6-50f9-813b-da3308885239,da29d0eb-49f6-5751-aa62-026a2fa5b685,ISSUE,-2579.33,199076.893,ISS-CP-FASTENER-2026-08-18,Issued to production.,2026-08-18T14:00:00+00:00,a3326004-c6ac-5617-a46c-ac7418e1b55c,2026-09-06T09:02:29.920757+00:00
1665ff2b-cbce-5853-bef7-15698e39dab2,da29d0eb-49f6-5751-aa62-026a2fa5b685,ISSUE,-2056.99,201656.223,ISS-CP-FASTENER-2026-08-17,Issued to production.,2026-08-17T14:00:00+00:00,a3326004-c6ac-5617-a46c-ac7418e1b55c,2026-09-06T09:02:29.920757+00:00
21b7b7d3-d712-5eb5-8485-b160e0be31e7,da29d0eb-49f6-5751-aa62-026a2fa5b685,ISSUE,-2284.09,203713.213,ISS-CP-FASTENER-2026-08-15,Issued to production.,2026-08-15T14:00:00+00:00,a3326004-c6ac-5617-a46c-ac7418e1b55c,2026-09-06T09:02:29.920757+00:00
e1e2e4d5-03bf-57f1-9d42-4490d88b220a,da29d0eb-49f6-5751-aa62-026a2fa5b685,ISSUE,-1997.503,205997.303,ISS-CP-FASTENER-2026-08-14,Issued to production.,2026-08-14T14:00:00+00:00,a3326004-c6ac-5617-a46c-ac7418e1b55c,2026-09-06T09:02:29.920757+00:00
4584dcd4-db44-5462-b9d8-3e56892c7340,da29d0eb-49f6-5751-aa62-026a2fa5b685,ISSUE,-2724.415,207994.806,ISS-CP-FASTENER-2026-08-13,Issued to production.,2026-08-13T14:00:00+00:00,a3326004-c6ac-5617-a46c-ac7418e1b55c,2026-09-06T09:02:29.920757+00:00
5db4c98a-9ec0-54a0-8105-c250abebae7b,da29d0eb-49f6-5751-aa62-026a2fa5b685,ADJUSTMENT,281.856,210719.221,ADJ-CP-FASTENER-2026-08-13,Stock-take correction.,2026-08-13T08:00:00+00:00,d5f14249-fde0-5187-ad97-ba8997afcc3d,2026-09-06T09:02:29.920757+00:00
a3e9ae4d-ef0f-5d6f-93e4-fc0557efcf4e,da29d0eb-49f6-5751-aa62-026a2fa5b685,ISSUE,-2109.283,210437.365,ISS-CP-FASTENER-2026-08-12,Issued to production.,2026-08-12T14:00:00+00:00,a3326004-c6ac-5617-a46c-ac7418e1b55c,2026-09-06T09:02:29.920757+00:00
e7dd3c02-78d5-5416-962c-a12644b4bbf9,da29d0eb-49f6-5751-aa62-026a2fa5b685,ISSUE,-2465.093,212546.648,ISS-CP-FASTENER-2026-08-11,Issued to production.,2026-08-11T14:00:00+00:00,a3326004-c6ac-5617-a46c-ac7418e1b55c,2026-09-06T09:02:29.920757+00:00
b239bbd8-0a92-5074-a138-aed8d692d5a4,da29d0eb-49f6-5751-aa62-026a2fa5b685,ISSUE,-2399.199,215011.741,ISS-CP-FASTENER-2026-08-10,Issued to production.,2026-08-10T14:00:00+00:00,a3326004-c6ac-5617-a46c-ac7418e1b55c,2026-09-06T09:02:29.920757+00:00
35aba280-e2f0-5c33-b950-9627bdf58186,da29d0eb-49f6-5751-aa62-026a2fa5b685,ISSUE,-2677.671,217410.94,ISS-CP-FASTENER-2026-08-08,Issued to production.,2026-08-08T14:00:00+00:00,a3326004-c6ac-5617-a46c-ac7418e1b55c,2026-09-06T09:02:29.920757+00:00
28d54a0f-660f-53c2-9502-803cd55a5f2e,da29d0eb-49f6-5751-aa62-026a2fa5b685,ISSUE,-2346.873,220088.611,ISS-CP-FASTENER-2026-08-07,Issued to production.,2026-08-07T14:00:00+00:00,a3326004-c6ac-5617-a46c-ac7418e1b55c,2026-09-06T09:02:29.920757+00:00
e17257a1-784e-517e-901d-04290ff734e2,da29d0eb-49f6-5751-aa62-026a2fa5b685,ISSUE,-1983.05,222435.484,ISS-CP-FASTENER-2026-08-06,Issued to production.,2026-08-06T14:00:00+00:00,a3326004-c6ac-5617-a46c-ac7418e1b55c,2026-09-06T09:02:29.920757+00:00
228c3618-c976-5af5-a085-28c6aba4eebc,da29d0eb-49f6-5751-aa62-026a2fa5b685,ISSUE,-2427.825,224418.534,ISS-CP-FASTENER-2026-08-05,Issued to production.,2026-08-05T14:00:00+00:00,a3326004-c6ac-5617-a46c-ac7418e1b55c,2026-09-06T09:02:29.920757+00:00
377da609-ea05-5442-bb70-491840408fa1,da29d0eb-49f6-5751-aa62-026a2fa5b685,ISSUE,-2442.245,226846.359,ISS-CP-FASTENER-2026-08-04,Issued to production.,2026-08-04T14:00:00+00:00,a3326004-c6ac-5617-a46c-ac7418e1b55c,2026-09-06T09:02:29.920757+00:00
fcff2c4c-0a57-5ea2-8932-00d084e2372a,da29d0eb-49f6-5751-aa62-026a2fa5b685,ISSUE,-2260.797,229288.604,ISS-CP-FASTENER-2026-08-03,Issued to production.,2026-08-03T14:00:00+00:00,a3326004-c6ac-5617-a46c-ac7418e1b55c,2026-09-06T09:02:29.920757+00:00
17691d08-5111-545e-be97-afe80078696c,da29d0eb-49f6-5751-aa62-026a2fa5b685,RECEIPT,33580.501,231549.401,GRN-CP-FASTENER-2026-08-03,Goods received from Ostrava Fixings s.r.o..,2026-08-03T10:00:00+00:00,a3326004-c6ac-5617-a46c-ac7418e1b55c,2026-09-06T09:02:29.920757+00:00
271f6d9f-6a60-5cdd-8dad-09a7bf577bad,da29d0eb-49f6-5751-aa62-026a2fa5b685,ISSUE,-2171.072,197968.9,ISS-CP-FASTENER-2026-08-01,Issued to production.,2026-08-01T14:00:00+00:00,a3326004-c6ac-5617-a46c-ac7418e1b55c,2026-09-06T09:02:29.920757+00:00
5ec74a26-313f-5075-9cd7-bfdb5714385c,da29d0eb-49f6-5751-aa62-026a2fa5b685,ISSUE,-2607.074,200139.972,ISS-CP-FASTENER-2026-07-31,Issued to production.,2026-07-31T14:00:00+00:00,a3326004-c6ac-5617-a46c-ac7418e1b55c,2026-09-06T09:02:29.920757+00:00
13a42e20-e1b5-55f5-bc73-d90625f7ea55,da29d0eb-49f6-5751-aa62-026a2fa5b685,ISSUE,-2415.683,202747.046,ISS-CP-FASTENER-2026-07-30,Issued to production.,2026-07-30T14:00:00+00:00,a3326004-c6ac-5617-a46c-ac7418e1b55c,2026-09-06T09:02:29.920757+00:00
c15bf8be-51ac-504b-b4d2-a8ae9dc7dbe1,da29d0eb-49f6-5751-aa62-026a2fa5b685,ISSUE,-2502.066,205162.729,ISS-CP-FASTENER-2026-07-29,Issued to production.,2026-07-29T14:00:00+00:00,a3326004-c6ac-5617-a46c-ac7418e1b55c,2026-09-06T09:02:29.920757+00:00
cd5f04aa-b3f8-5cd4-962a-78785d2d5f08,da29d0eb-49f6-5751-aa62-026a2fa5b685,ISSUE,-2048.407,207664.795,ISS-CP-FASTENER-2026-07-28,Issued to production.,2026-07-28T14:00:00+00:00,a3326004-c6ac-5617-a46c-ac7418e1b55c,2026-09-06T09:02:29.920757+00:00
8b240260-aea4-5b39-877b-1857bc8ff1a3,da29d0eb-49f6-5751-aa62-026a2fa5b685,ISSUE,-2375.319,209713.202,ISS-CP-FASTENER-2026-07-27,Issued to production.,2026-07-27T14:00:00+00:00,a3326004-c6ac-5617-a46c-ac7418e1b55c,2026-09-06T09:02:29.920757+00:00
0e2922fa-1369-58ce-a012-ac128bed15e8,da29d0eb-49f6-5751-aa62-026a2fa5b685,ISSUE,-2816.662,212088.521,ISS-CP-FASTENER-2026-07-25,Issued to production.,2026-07-25T14:00:00+00:00,a3326004-c6ac-5617-a46c-ac7418e1b55c,2026-09-06T09:02:29.920757+00:00
303915fb-4b90-55bc-8f10-4dad5442e1fa,da29d0eb-49f6-5751-aa62-026a2fa5b685,ISSUE,-2388.633,214905.183,ISS-CP-FASTENER-2026-07-24,Issued to production.,2026-07-24T14:00:00+00:00,a3326004-c6ac-5617-a46c-ac7418e1b55c,2026-09-06T09:02:29.920757+00:00
294a64c4-53fb-5bc5-92c3-bfcd3bc9fd21,da29d0eb-49f6-5751-aa62-026a2fa5b685,ISSUE,-2200.971,217293.816,ISS-CP-FASTENER-2026-07-23,Issued to production.,2026-07-23T14:00:00+00:00,a3326004-c6ac-5617-a46c-ac7418e1b55c,2026-09-06T09:02:29.920757+00:00
fd765969-ae11-5fb8-9bb6-542b9d8f0c88,da29d0eb-49f6-5751-aa62-026a2fa5b685,ISSUE,-2518.633,219494.787,ISS-CP-FASTENER-2026-07-22,Issued to production.,2026-07-22T14:00:00+00:00,a3326004-c6ac-5617-a46c-ac7418e1b55c,2026-09-06T09:02:29.920757+00:00
5ac072f6-51fa-5173-82fa-95c3120e00b6,da29d0eb-49f6-5751-aa62-026a2fa5b685,ISSUE,-2349.055,222013.42,ISS-CP-FASTENER-2026-07-21,Issued to production.,2026-07-21T14:00:00+00:00,a3326004-c6ac-5617-a46c-ac7418e1b55c,2026-09-06T09:02:29.920757+00:00
fb24b2f5-998f-5e4c-ad5c-7c9820a54262,da29d0eb-49f6-5751-aa62-026a2fa5b685,ISSUE,-2023.165,224362.475,ISS-CP-FASTENER-2026-07-20,Issued to production.,2026-07-20T14:00:00+00:00,a3326004-c6ac-5617-a46c-ac7418e1b55c,2026-09-06T09:02:29.920757+00:00
afd63a46-f501-5b53-80ff-f1c533e20928,da29d0eb-49f6-5751-aa62-026a2fa5b685,ISSUE,-2747.287,226385.64,ISS-CP-FASTENER-2026-07-18,Issued to production.,2026-07-18T14:00:00+00:00,a3326004-c6ac-5617-a46c-ac7418e1b55c,2026-09-06T09:02:29.920757+00:00
b6435b67-6fc8-524b-ac53-299694a89910,da29d0eb-49f6-5751-aa62-026a2fa5b685,ISSUE,-2249.634,229132.927,ISS-CP-FASTENER-2026-07-17,Issued to production.,2026-07-17T14:00:00+00:00,a3326004-c6ac-5617-a46c-ac7418e1b55c,2026-09-06T09:02:29.920757+00:00
bfc9c59a-de5a-578a-87d7-b170c8f21cad,da29d0eb-49f6-5751-aa62-026a2fa5b685,ISSUE,-1973.85,231382.561,ISS-CP-FASTENER-2026-07-16,Issued to production.,2026-07-16T14:00:00+00:00,a3326004-c6ac-5617-a46c-ac7418e1b55c,2026-09-06T09:02:29.920757+00:00
034e66de-aaad-5b87-8d9c-1eea9bb481e9,da29d0eb-49f6-5751-aa62-026a2fa5b685,ISSUE,-2430.047,233356.411,ISS-CP-FASTENER-2026-07-15,Issued to production.,2026-07-15T14:00:00+00:00,a3326004-c6ac-5617-a46c-ac7418e1b55c,2026-09-06T09:02:29.920757+00:00
e46677db-2bc5-5697-8585-0a78d73b4717,da29d0eb-49f6-5751-aa62-026a2fa5b685,ISSUE,-2499.284,235786.458,ISS-CP-FASTENER-2026-07-14,Issued to production.,2026-07-14T14:00:00+00:00,a3326004-c6ac-5617-a46c-ac7418e1b55c,2026-09-06T09:02:29.920757+00:00
da72f9d6-890e-5daf-8271-81dd3bb97aa4,da29d0eb-49f6-5751-aa62-026a2fa5b685,ISSUE,-2770.045,238285.742,ISS-CP-FASTENER-2026-07-13,Issued to production.,2026-07-13T14:00:00+00:00,a3326004-c6ac-5617-a46c-ac7418e1b55c,2026-09-06T09:02:29.920757+00:00
6f89d306-1111-5684-bcf6-b6163a3d490b,da29d0eb-49f6-5751-aa62-026a2fa5b685,RECEIPT,36640.164,241055.787,GRN-CP-FASTENER-2026-07-13,Goods received from Ostrava Fixings s.r.o..,2026-07-13T10:00:00+00:00,a3326004-c6ac-5617-a46c-ac7418e1b55c,2026-09-06T09:02:29.920757+00:00
b20191e0-d1b9-5e05-a6b6-d2e5a894c139,da29d0eb-49f6-5751-aa62-026a2fa5b685,ISSUE,-2740.207,204415.623,ISS-CP-FASTENER-2026-07-11,Issued to production.,2026-07-11T14:00:00+00:00,a3326004-c6ac-5617-a46c-ac7418e1b55c,2026-09-06T09:02:29.920757+00:00
e428c6e2-69eb-56a2-a1db-f6b71e35e2ec,da29d0eb-49f6-5751-aa62-026a2fa5b685,ISSUE,-2211.993,207155.83,ISS-CP-FASTENER-2026-07-10,Issued to production.,2026-07-10T14:00:00+00:00,a3326004-c6ac-5617-a46c-ac7418e1b55c,2026-09-06T09:02:29.920757+00:00
9fa309fe-c072-5738-9e09-19905e6324ee,da29d0eb-49f6-5751-aa62-026a2fa5b685,ISSUE,-2036.183,209367.823,ISS-CP-FASTENER-2026-07-09,Issued to production.,2026-07-09T14:00:00+00:00,a3326004-c6ac-5617-a46c-ac7418e1b55c,2026-09-06T09:02:29.920757+00:00
b346229e-5a74-5229-83e5-9587f52ac106,da29d0eb-49f6-5751-aa62-026a2fa5b685,ISSUE,-1975.617,211404.006,ISS-CP-FASTENER-2026-07-08,Issued to production.,2026-07-08T14:00:00+00:00,a3326004-c6ac-5617-a46c-ac7418e1b55c,2026-09-06T09:02:29.920757+00:00
bc9b764b-fb84-5c69-9046-54473e8936dd,da29d0eb-49f6-5751-aa62-026a2fa5b685,ISSUE,-2650.69,213379.623,ISS-CP-FASTENER-2026-07-07,Issued to production.,2026-07-07T14:00:00+00:00,a3326004-c6ac-5617-a46c-ac7418e1b55c,2026-09-06T09:02:29.920757+00:00
9c441291-cea4-5e1d-a29d-9a5dc96521d7,da29d0eb-49f6-5751-aa62-026a2fa5b685,ISSUE,-1979.919,216030.313,ISS-CP-FASTENER-2026-07-06,Issued to production.,2026-07-06T14:00:00+00:00,a3326004-c6ac-5617-a46c-ac7418e1b55c,2026-09-06T09:02:29.920757+00:00
92ba363e-e5e1-5a88-80a3-9ebde9f0f5a3,da29d0eb-49f6-5751-aa62-026a2fa5b685,ISSUE,-2684.506,218010.232,ISS-CP-FASTENER-2026-07-04,Issued to production.,2026-07-04T14:00:00+00:00,a3326004-c6ac-5617-a46c-ac7418e1b55c,2026-09-06T09:02:29.920757+00:00
1e340dd1-623e-5a55-9f14-551213a5eb9f,da29d0eb-49f6-5751-aa62-026a2fa5b685,ISSUE,-2487.592,220694.738,ISS-CP-FASTENER-2026-07-03,Issued to production.,2026-07-03T14:00:00+00:00,a3326004-c6ac-5617-a46c-ac7418e1b55c,2026-09-06T09:02:29.920757+00:00
b8044e0b-838e-5c7e-a5a1-0f3daac11397,da29d0eb-49f6-5751-aa62-026a2fa5b685,ISSUE,-2333.335,223182.33,ISS-CP-FASTENER-2026-07-02,Issued to production.,2026-07-02T14:00:00+00:00,a3326004-c6ac-5617-a46c-ac7418e1b55c,2026-09-06T09:02:29.920757+00:00
71e75e37-21f6-5b14-b940-1104fc566192,da29d0eb-49f6-5751-aa62-026a2fa5b685,ADJUSTMENT,-382.188,225515.665,ADJ-CP-FASTENER-2026-07-02,Stock-take correction.,2026-07-02T08:00:00+00:00,d5f14249-fde0-5187-ad97-ba8997afcc3d,2026-09-06T09:02:29.920757+00:00
e78e6e6c-6cca-5dd1-8c53-c42b46ab7829,da29d0eb-49f6-5751-aa62-026a2fa5b685,ISSUE,-2708.119,225897.853,ISS-CP-FASTENER-2026-07-01,Issued to production.,2026-07-01T14:00:00+00:00,a3326004-c6ac-5617-a46c-ac7418e1b55c,2026-09-06T09:02:29.920757+00:00
11b9e80d-11b4-5af5-b419-3167ca645421,da29d0eb-49f6-5751-aa62-026a2fa5b685,ISSUE,-2166.973,228605.972,ISS-CP-FASTENER-2026-06-30,Issued to production.,2026-06-30T14:00:00+00:00,a3326004-c6ac-5617-a46c-ac7418e1b55c,2026-09-06T09:02:29.920757+00:00
019e56ce-db08-531f-8bb4-7b9bab110dbb,da29d0eb-49f6-5751-aa62-026a2fa5b685,ISSUE,-2603.314,230772.945,ISS-CP-FASTENER-2026-06-29,Issued to production.,2026-06-29T14:00:00+00:00,a3326004-c6ac-5617-a46c-ac7418e1b55c,2026-09-06T09:02:29.920757+00:00
8d59a7a6-5547-5e47-a9fa-d4cf606a6c3c,da29d0eb-49f6-5751-aa62-026a2fa5b685,ISSUE,-2193.545,233376.259,ISS-CP-FASTENER-2026-06-27,Issued to production.,2026-06-27T14:00:00+00:00,a3326004-c6ac-5617-a46c-ac7418e1b55c,2026-09-06T09:02:29.920757+00:00
05ceb854-700e-5167-82ae-7c4a9a0c45fd,da29d0eb-49f6-5751-aa62-026a2fa5b685,ISSUE,-2179.122,235569.804,ISS-CP-FASTENER-2026-06-26,Issued to production.,2026-06-26T14:00:00+00:00,a3326004-c6ac-5617-a46c-ac7418e1b55c,2026-09-06T09:02:29.920757+00:00
df6fde68-eee5-5695-bf66-90bf52696927,da29d0eb-49f6-5751-aa62-026a2fa5b685,ISSUE,-2570.094,237748.926,ISS-CP-FASTENER-2026-06-25,Issued to production.,2026-06-25T14:00:00+00:00,a3326004-c6ac-5617-a46c-ac7418e1b55c,2026-09-06T09:02:29.920757+00:00
aea8b484-b837-5c26-a570-fe24a7b502e3,da29d0eb-49f6-5751-aa62-026a2fa5b685,ISSUE,-2736.765,240319.02,ISS-CP-FASTENER-2026-06-24,Issued to production.,2026-06-24T14:00:00+00:00,a3326004-c6ac-5617-a46c-ac7418e1b55c,2026-09-06T09:02:29.920757+00:00
30302e90-6e75-5fa6-bcb3-b44990dbd2c9,da29d0eb-49f6-5751-aa62-026a2fa5b685,ISSUE,-2643.233,243055.785,ISS-CP-FASTENER-2026-06-23,Issued to production.,2026-06-23T14:00:00+00:00,a3326004-c6ac-5617-a46c-ac7418e1b55c,2026-09-06T09:02:29.920757+00:00
bd7ff638-f739-50b2-874e-02506508061e,da29d0eb-49f6-5751-aa62-026a2fa5b685,ISSUE,-2026.784,245699.018,ISS-CP-FASTENER-2026-06-22,Issued to production.,2026-06-22T14:00:00+00:00,a3326004-c6ac-5617-a46c-ac7418e1b55c,2026-09-06T09:02:29.920757+00:00
c56dbe08-c4f5-51af-b08b-47a2567698c7,da29d0eb-49f6-5751-aa62-026a2fa5b685,RECEIPT,36736.43,247725.802,GRN-CP-FASTENER-2026-06-22,Goods received from Ostrava Fixings s.r.o..,2026-06-22T10:00:00+00:00,a3326004-c6ac-5617-a46c-ac7418e1b55c,2026-09-06T09:02:29.920757+00:00
bbb42e56-6a00-5477-8802-33bd37131c29,da29d0eb-49f6-5751-aa62-026a2fa5b685,ISSUE,-2626.339,210989.372,ISS-CP-FASTENER-2026-06-20,Issued to production.,2026-06-20T14:00:00+00:00,a3326004-c6ac-5617-a46c-ac7418e1b55c,2026-09-06T09:02:29.920757+00:00
be94df61-5150-57bc-a24b-1962d54dba92,da29d0eb-49f6-5751-aa62-026a2fa5b685,ISSUE,-2815.036,213615.711,ISS-CP-FASTENER-2026-06-19,Issued to production.,2026-06-19T14:00:00+00:00,a3326004-c6ac-5617-a46c-ac7418e1b55c,2026-09-06T09:02:29.920757+00:00
8dc2748e-153d-54ea-9ffd-db0b4cc4f374,da29d0eb-49f6-5751-aa62-026a2fa5b685,ISSUE,-2028.327,216430.747,ISS-CP-FASTENER-2026-06-18,Issued to production.,2026-06-18T14:00:00+00:00,a3326004-c6ac-5617-a46c-ac7418e1b55c,2026-09-06T09:02:29.920757+00:00
5655921f-9ea6-5a34-9f79-dad23120afd1,da29d0eb-49f6-5751-aa62-026a2fa5b685,ISSUE,-2475.746,218459.074,ISS-CP-FASTENER-2026-06-17,Issued to production.,2026-06-17T14:00:00+00:00,a3326004-c6ac-5617-a46c-ac7418e1b55c,2026-09-06T09:02:29.920757+00:00
eea2a5d4-9da5-5309-96bb-c0352e133906,da29d0eb-49f6-5751-aa62-026a2fa5b685,ISSUE,-2063.188,220934.82,ISS-CP-FASTENER-2026-06-16,Issued to production.,2026-06-16T14:00:00+00:00,a3326004-c6ac-5617-a46c-ac7418e1b55c,2026-09-06T09:02:29.920757+00:00
4352e221-0570-55e0-99cc-220cec516459,da29d0eb-49f6-5751-aa62-026a2fa5b685,ISSUE,-2473.792,222998.008,ISS-CP-FASTENER-2026-06-15,Issued to production.,2026-06-15T14:00:00+00:00,a3326004-c6ac-5617-a46c-ac7418e1b55c,2026-09-06T09:02:29.920757+00:00
031091da-dcd5-5971-af76-fc770dc498bb,da29d0eb-49f6-5751-aa62-026a2fa5b685,ISSUE,-2271.02,225471.8,ISS-CP-FASTENER-2026-06-13,Issued to production.,2026-06-13T14:00:00+00:00,a3326004-c6ac-5617-a46c-ac7418e1b55c,2026-09-06T09:02:29.920757+00:00
b5646d3f-57fb-5ff3-9d0f-bc759d261d97,da29d0eb-49f6-5751-aa62-026a2fa5b685,ISSUE,-2337.313,227742.82,ISS-CP-FASTENER-2026-06-12,Issued to production.,2026-06-12T14:00:00+00:00,a3326004-c6ac-5617-a46c-ac7418e1b55c,2026-09-06T09:02:29.920757+00:00
7c4e79b7-a610-5b0a-be9b-a02e5b8a0110,da29d0eb-49f6-5751-aa62-026a2fa5b685,ISSUE,-2360.157,230080.133,ISS-CP-FASTENER-2026-06-11,Issued to production.,2026-06-11T14:00:00+00:00,a3326004-c6ac-5617-a46c-ac7418e1b55c,2026-09-06T09:02:29.920757+00:00
01d60bcb-e26d-5c1f-aedc-8b5f3bc15a2a,da29d0eb-49f6-5751-aa62-026a2fa5b685,ISSUE,-2730.983,232440.29,ISS-CP-FASTENER-2026-06-10,Issued to production.,2026-06-10T14:00:00+00:00,a3326004-c6ac-5617-a46c-ac7418e1b55c,2026-09-06T09:02:29.920757+00:00
12f13ca5-3112-5386-9e73-ef07b5a4d083,da29d0eb-49f6-5751-aa62-026a2fa5b685,ISSUE,-2012.826,235171.273,ISS-CP-FASTENER-2026-06-09,Issued to production.,2026-06-09T14:00:00+00:00,a3326004-c6ac-5617-a46c-ac7418e1b55c,2026-09-06T09:02:29.920757+00:00
f9ff84a4-b637-5dbd-83b0-476e163cbec2,b5d65a82-db38-5c4d-89b7-4407049c8cb8,ISSUE,-46.036,310.0,ISS-CS-LUBRICANT-2026-09-05,Issued to production.,2026-09-05T14:00:00+00:00,a3326004-c6ac-5617-a46c-ac7418e1b55c,2026-09-06T09:02:29.920757+00:00
0f62bb32-0c19-5b00-991a-e3b7d6a6add8,b5d65a82-db38-5c4d-89b7-4407049c8cb8,ISSUE,-47.766,356.036,ISS-CS-LUBRICANT-2026-09-04,Issued to production.,2026-09-04T14:00:00+00:00,a3326004-c6ac-5617-a46c-ac7418e1b55c,2026-09-06T09:02:29.920757+00:00
d2be7cf9-c8e4-5b1d-8e74-f28c718703dd,b5d65a82-db38-5c4d-89b7-4407049c8cb8,ISSUE,-54.536,403.802,ISS-CS-LUBRICANT-2026-09-03,Issued to production.,2026-09-03T14:00:00+00:00,a3326004-c6ac-5617-a46c-ac7418e1b55c,2026-09-06T09:02:29.920757+00:00
cb10eb21-85b2-58ce-9674-6a8cf2925462,b5d65a82-db38-5c4d-89b7-4407049c8cb8,ISSUE,-47.432,458.338,ISS-CS-LUBRICANT-2026-09-02,Issued to production.,2026-09-02T14:00:00+00:00,a3326004-c6ac-5617-a46c-ac7418e1b55c,2026-09-06T09:02:29.920757+00:00
b6d1a73e-9a02-537a-ae9e-b845b0610298,b5d65a82-db38-5c4d-89b7-4407049c8cb8,ISSUE,-46.71,505.77,ISS-CS-LUBRICANT-2026-09-01,Issued to production.,2026-09-01T14:00:00+00:00,a3326004-c6ac-5617-a46c-ac7418e1b55c,2026-09-06T09:02:29.920757+00:00
74ce6ea9-92a4-5ad2-b62c-a9cc6a3a6887,b5d65a82-db38-5c4d-89b7-4407049c8cb8,ISSUE,-54.183,552.48,ISS-CS-LUBRICANT-2026-08-31,Issued to production.,2026-08-31T14:00:00+00:00,a3326004-c6ac-5617-a46c-ac7418e1b55c,2026-09-06T09:02:29.920757+00:00
0adab436-aa4f-57bb-b06a-7332a6313bdf,b5d65a82-db38-5c4d-89b7-4407049c8cb8,ISSUE,-49.255,606.663,ISS-CS-LUBRICANT-2026-08-29,Issued to production.,2026-08-29T14:00:00+00:00,a3326004-c6ac-5617-a46c-ac7418e1b55c,2026-09-06T09:02:29.920757+00:00
117bf3f4-6e40-5fec-bd9f-e61bfeeb9c49,b5d65a82-db38-5c4d-89b7-4407049c8cb8,ISSUE,-45.793,655.918,ISS-CS-LUBRICANT-2026-08-28,Issued to production.,2026-08-28T14:00:00+00:00,a3326004-c6ac-5617-a46c-ac7418e1b55c,2026-09-06T09:02:29.920757+00:00
6245f561-66ba-5fa1-ae48-3103c93dd684,b5d65a82-db38-5c4d-89b7-4407049c8cb8,ISSUE,-40.266,701.711,ISS-CS-LUBRICANT-2026-08-27,Issued to production.,2026-08-27T14:00:00+00:00,a3326004-c6ac-5617-a46c-ac7418e1b55c,2026-09-06T09:02:29.920757+00:00
44cfd020-8fc5-5880-9d0a-7db29aa790b2,b5d65a82-db38-5c4d-89b7-4407049c8cb8,ISSUE,-49.961,741.977,ISS-CS-LUBRICANT-2026-08-26,Issued to production.,2026-08-26T14:00:00+00:00,a3326004-c6ac-5617-a46c-ac7418e1b55c,2026-09-06T09:02:29.920757+00:00
360f3b32-6fef-5909-acb0-2adbeb8fe2bc,b5d65a82-db38-5c4d-89b7-4407049c8cb8,ISSUE,-45.208,791.938,ISS-CS-LUBRICANT-2026-08-25,Issued to production.,2026-08-25T14:00:00+00:00,a3326004-c6ac-5617-a46c-ac7418e1b55c,2026-09-06T09:02:29.920757+00:00
84db8dc6-4dfb-593c-b956-8a8f747b11ff,b5d65a82-db38-5c4d-89b7-4407049c8cb8,RECEIPT,589.3,837.146,GRN-CS-LUBRICANT-2026-08-25,Goods received from Helios Industrial Fluids.,2026-08-25T10:00:00+00:00,a3326004-c6ac-5617-a46c-ac7418e1b55c,2026-09-06T09:02:29.920757+00:00
7f2bca5a-7b79-5935-af08-d2b057f4302d,b5d65a82-db38-5c4d-89b7-4407049c8cb8,ISSUE,-48.848,247.846,ISS-CS-LUBRICANT-2026-08-24,Issued to production.,2026-08-24T14:00:00+00:00,a3326004-c6ac-5617-a46c-ac7418e1b55c,2026-09-06T09:02:29.920757+00:00
e24548c4-c57c-5a90-bbbe-cd01037594c5,b5d65a82-db38-5c4d-89b7-4407049c8cb8,ISSUE,-46.138,296.694,ISS-CS-LUBRICANT-2026-08-22,Issued to production.,2026-08-22T14:00:00+00:00,a3326004-c6ac-5617-a46c-ac7418e1b55c,2026-09-06T09:02:29.920757+00:00
1fc182b9-bc9a-5065-aef0-1b38d4cc17a1,b5d65a82-db38-5c4d-89b7-4407049c8cb8,ISSUE,-50.101,342.832,ISS-CS-LUBRICANT-2026-08-21,Issued to production.,2026-08-21T14:00:00+00:00,a3326004-c6ac-5617-a46c-ac7418e1b55c,2026-09-06T09:02:29.920757+00:00
cafd9ce7-ca9c-50f2-8867-350afc382d31,b5d65a82-db38-5c4d-89b7-4407049c8cb8,ISSUE,-40.718,392.933,ISS-CS-LUBRICANT-2026-08-20,Issued to production.,2026-08-20T14:00:00+00:00,a3326004-c6ac-5617-a46c-ac7418e1b55c,2026-09-06T09:02:29.920757+00:00
d0226517-489b-5556-b1ea-c070abff846f,b5d65a82-db38-5c4d-89b7-4407049c8cb8,ISSUE,-47.007,433.651,ISS-CS-LUBRICANT-2026-08-19,Issued to production.,2026-08-19T14:00:00+00:00,a3326004-c6ac-5617-a46c-ac7418e1b55c,2026-09-06T09:02:29.920757+00:00
dbd37d80-1658-595b-b1e4-af615a5e82c0,b5d65a82-db38-5c4d-89b7-4407049c8cb8,ISSUE,-48.348,480.658,ISS-CS-LUBRICANT-2026-08-18,Issued to production.,2026-08-18T14:00:00+00:00,a3326004-c6ac-5617-a46c-ac7418e1b55c,2026-09-06T09:02:29.920757+00:00
2bb80ad4-8082-5c77-8af7-5d2c6332573f,b5d65a82-db38-5c4d-89b7-4407049c8cb8,ISSUE,-47.649,529.006,ISS-CS-LUBRICANT-2026-08-17,Issued to production.,2026-08-17T14:00:00+00:00,a3326004-c6ac-5617-a46c-ac7418e1b55c,2026-09-06T09:02:29.920757+00:00
6ef7f831-bff0-58ec-8495-2ce835f1720f,b5d65a82-db38-5c4d-89b7-4407049c8cb8,ISSUE,-43.81,576.655,ISS-CS-LUBRICANT-2026-08-15,Issued to production.,2026-08-15T14:00:00+00:00,a3326004-c6ac-5617-a46c-ac7418e1b55c,2026-09-06T09:02:29.920757+00:00
b99c2b09-fbd6-5580-9bae-e778ad822ac7,b5d65a82-db38-5c4d-89b7-4407049c8cb8,ISSUE,-53.58,620.465,ISS-CS-LUBRICANT-2026-08-14,Issued to production.,2026-08-14T14:00:00+00:00,a3326004-c6ac-5617-a46c-ac7418e1b55c,2026-09-06T09:02:29.920757+00:00
e93dd379-37cb-5f41-9439-e56d8b558f3a,b5d65a82-db38-5c4d-89b7-4407049c8cb8,ISSUE,-42.314,674.045,ISS-CS-LUBRICANT-2026-08-13,Issued to production.,2026-08-13T14:00:00+00:00,a3326004-c6ac-5617-a46c-ac7418e1b55c,2026-09-06T09:02:29.920757+00:00
ff63be00-d30f-5fad-9c4a-992c93d3c673,b5d65a82-db38-5c4d-89b7-4407049c8cb8,ISSUE,-51.035,716.359,ISS-CS-LUBRICANT-2026-08-12,Issued to production.,2026-08-12T14:00:00+00:00,a3326004-c6ac-5617-a46c-ac7418e1b55c,2026-09-06T09:02:29.920757+00:00
c39d3299-4800-5301-a665-818c3bb6e65d,b5d65a82-db38-5c4d-89b7-4407049c8cb8,ISSUE,-44.035,767.394,ISS-CS-LUBRICANT-2026-08-11,Issued to production.,2026-08-11T14:00:00+00:00,a3326004-c6ac-5617-a46c-ac7418e1b55c,2026-09-06T09:02:29.920757+00:00
217dbb07-5e40-5e0f-a806-eb52f6141c89,b5d65a82-db38-5c4d-89b7-4407049c8cb8,ISSUE,-47.79,811.429,ISS-CS-LUBRICANT-2026-08-10,Issued to production.,2026-08-10T14:00:00+00:00,a3326004-c6ac-5617-a46c-ac7418e1b55c,2026-09-06T09:02:29.920757+00:00
dba1457f-b314-569d-8b5c-5b60134a3b89,b5d65a82-db38-5c4d-89b7-4407049c8cb8,ISSUE,-40.473,859.219,ISS-CS-LUBRICANT-2026-08-08,Issued to production.,2026-08-08T14:00:00+00:00,a3326004-c6ac-5617-a46c-ac7418e1b55c,2026-09-06T09:02:29.920757+00:00
8ed92113-8e3f-53f4-b3eb-3dac20d158dc,b5d65a82-db38-5c4d-89b7-4407049c8cb8,ISSUE,-41.336,899.692,ISS-CS-LUBRICANT-2026-08-07,Issued to production.,2026-08-07T14:00:00+00:00,a3326004-c6ac-5617-a46c-ac7418e1b55c,2026-09-06T09:02:29.920757+00:00
a85e3775-fc5f-52ed-9c1d-0576c16e4cc1,b5d65a82-db38-5c4d-89b7-4407049c8cb8,ISSUE,-53.208,941.028,ISS-CS-LUBRICANT-2026-08-06,Issued to production.,2026-08-06T14:00:00+00:00,a3326004-c6ac-5617-a46c-ac7418e1b55c,2026-09-06T09:02:29.920757+00:00
fe74461f-c11f-50ae-bbda-71054bdcd5e3,b5d65a82-db38-5c4d-89b7-4407049c8cb8,ISSUE,-42.595,994.236,ISS-CS-LUBRICANT-2026-08-05,Issued to production.,2026-08-05T14:00:00+00:00,a3326004-c6ac-5617-a46c-ac7418e1b55c,2026-09-06T09:02:29.920757+00:00
49cbfb74-0a77-5d99-88ce-19293d73dc13,b5d65a82-db38-5c4d-89b7-4407049c8cb8,ISSUE,-44.918,1036.831,ISS-CS-LUBRICANT-2026-08-04,Issued to production.,2026-08-04T14:00:00+00:00,a3326004-c6ac-5617-a46c-ac7418e1b55c,2026-09-06T09:02:29.920757+00:00
7bce9de3-fe87-5946-b26b-d0120962975f,b5d65a82-db38-5c4d-89b7-4407049c8cb8,RECEIPT,579.138,1081.749,GRN-CS-LUBRICANT-2026-08-04,Goods received from Helios Industrial Fluids.,2026-08-04T10:00:00+00:00,a3326004-c6ac-5617-a46c-ac7418e1b55c,2026-09-06T09:02:29.920757+00:00
3059e2fb-204d-50a5-9841-5d3322c1c708,b5d65a82-db38-5c4d-89b7-4407049c8cb8,ISSUE,-45.842,502.611,ISS-CS-LUBRICANT-2026-08-03,Issued to production.,2026-08-03T14:00:00+00:00,a3326004-c6ac-5617-a46c-ac7418e1b55c,2026-09-06T09:02:29.920757+00:00
bbfcaf3b-dff9-5c63-bf38-72f955496759,b5d65a82-db38-5c4d-89b7-4407049c8cb8,ISSUE,-50.079,548.453,ISS-CS-LUBRICANT-2026-08-01,Issued to production.,2026-08-01T14:00:00+00:00,a3326004-c6ac-5617-a46c-ac7418e1b55c,2026-09-06T09:02:29.920757+00:00
4084c92d-b38c-56b4-908b-9e826c078eb1,b5d65a82-db38-5c4d-89b7-4407049c8cb8,ISSUE,-48.375,598.532,ISS-CS-LUBRICANT-2026-07-31,Issued to production.,2026-07-31T14:00:00+00:00,a3326004-c6ac-5617-a46c-ac7418e1b55c,2026-09-06T09:02:29.920757+00:00
ac340439-3f03-5daa-a511-4a61ffe02d4a,b5d65a82-db38-5c4d-89b7-4407049c8cb8,ISSUE,-45.02,646.907,ISS-CS-LUBRICANT-2026-07-30,Issued to production.,2026-07-30T14:00:00+00:00,a3326004-c6ac-5617-a46c-ac7418e1b55c,2026-09-06T09:02:29.920757+00:00
950ca646-5657-5525-b30f-bcf1ad844473,b5d65a82-db38-5c4d-89b7-4407049c8cb8,ISSUE,-48.161,691.927,ISS-CS-LUBRICANT-2026-07-29,Issued to production.,2026-07-29T14:00:00+00:00,a3326004-c6ac-5617-a46c-ac7418e1b55c,2026-09-06T09:02:29.920757+00:00
db6fd881-f8de-5961-baff-b6a89144b66e,b5d65a82-db38-5c4d-89b7-4407049c8cb8,ISSUE,-45.993,740.088,ISS-CS-LUBRICANT-2026-07-28,Issued to production.,2026-07-28T14:00:00+00:00,a3326004-c6ac-5617-a46c-ac7418e1b55c,2026-09-06T09:02:29.920757+00:00
f3b754c0-b009-5ce7-87f7-583ae5b1ae2a,b5d65a82-db38-5c4d-89b7-4407049c8cb8,ISSUE,-50.728,786.081,ISS-CS-LUBRICANT-2026-07-27,Issued to production.,2026-07-27T14:00:00+00:00,a3326004-c6ac-5617-a46c-ac7418e1b55c,2026-09-06T09:02:29.920757+00:00
070ea051-8f83-579b-9ca2-79b04db9f986,b5d65a82-db38-5c4d-89b7-4407049c8cb8,ISSUE,-45.45,836.809,ISS-CS-LUBRICANT-2026-07-25,Issued to production.,2026-07-25T14:00:00+00:00,a3326004-c6ac-5617-a46c-ac7418e1b55c,2026-09-06T09:02:29.920757+00:00
572d82c8-0a32-56a7-a80f-40cdbb9e1041,b5d65a82-db38-5c4d-89b7-4407049c8cb8,ISSUE,-48.428,882.259,ISS-CS-LUBRICANT-2026-07-24,Issued to production.,2026-07-24T14:00:00+00:00,a3326004-c6ac-5617-a46c-ac7418e1b55c,2026-09-06T09:02:29.920757+00:00
16689fd3-5e93-5400-b7aa-6bd28263ff50,b5d65a82-db38-5c4d-89b7-4407049c8cb8,ISSUE,-39.516,930.687,ISS-CS-LUBRICANT-2026-07-23,Issued to production.,2026-07-23T14:00:00+00:00,a3326004-c6ac-5617-a46c-ac7418e1b55c,2026-09-06T09:02:29.920757+00:00
85d14782-1491-58ec-8526-f47882f16f2b,b5d65a82-db38-5c4d-89b7-4407049c8cb8,ISSUE,-56.102,970.203,ISS-CS-LUBRICANT-2026-07-22,Issued to production.,2026-07-22T14:00:00+00:00,a3326004-c6ac-5617-a46c-ac7418e1b55c,2026-09-06T09:02:29.920757+00:00
11bf9a8d-2c0d-5307-8591-ed3984c996c3,b5d65a82-db38-5c4d-89b7-4407049c8cb8,ISSUE,-44.281,1026.305,ISS-CS-LUBRICANT-2026-07-21,Issued to production.,2026-07-21T14:00:00+00:00,a3326004-c6ac-5617-a46c-ac7418e1b55c,2026-09-06T09:02:29.920757+00:00
2eee18cf-dfae-5ae0-97ea-f5c087f4bde7,b5d65a82-db38-5c4d-89b7-4407049c8cb8,ISSUE,-55.363,1070.586,ISS-CS-LUBRICANT-2026-07-20,Issued to production.,2026-07-20T14:00:00+00:00,a3326004-c6ac-5617-a46c-ac7418e1b55c,2026-09-06T09:02:29.920757+00:00
5cfd4b07-5b27-572a-83bc-42d4eddd36b5,b5d65a82-db38-5c4d-89b7-4407049c8cb8,ISSUE,-50.778,1125.949,ISS-CS-LUBRICANT-2026-07-18,Issued to production.,2026-07-18T14:00:00+00:00,a3326004-c6ac-5617-a46c-ac7418e1b55c,2026-09-06T09:02:29.920757+00:00
87dfe89a-1d3f-596a-a6ed-49b48e74e57a,b5d65a82-db38-5c4d-89b7-4407049c8cb8,ISSUE,-46.025,1176.727,ISS-CS-LUBRICANT-2026-07-17,Issued to production.,2026-07-17T14:00:00+00:00,a3326004-c6ac-5617-a46c-ac7418e1b55c,2026-09-06T09:02:29.920757+00:00
04aa2378-416f-5461-8e8c-ffc1fc2818ad,b5d65a82-db38-5c4d-89b7-4407049c8cb8,ISSUE,-50.528,1222.752,ISS-CS-LUBRICANT-2026-07-16,Issued to production.,2026-07-16T14:00:00+00:00,a3326004-c6ac-5617-a46c-ac7418e1b55c,2026-09-06T09:02:29.920757+00:00
2178af33-7df3-54c6-bef5-ebf2f57703dd,b5d65a82-db38-5c4d-89b7-4407049c8cb8,ISSUE,-52.336,1273.28,ISS-CS-LUBRICANT-2026-07-15,Issued to production.,2026-07-15T14:00:00+00:00,a3326004-c6ac-5617-a46c-ac7418e1b55c,2026-09-06T09:02:29.920757+00:00
f5ddc5c7-27c2-581d-8d5f-41c0a688dac7,b5d65a82-db38-5c4d-89b7-4407049c8cb8,ISSUE,-42.783,1325.616,ISS-CS-LUBRICANT-2026-07-14,Issued to production.,2026-07-14T14:00:00+00:00,a3326004-c6ac-5617-a46c-ac7418e1b55c,2026-09-06T09:02:29.920757+00:00
bb7b2dbf-7978-5a59-a1a1-2544077b3c3e,b5d65a82-db38-5c4d-89b7-4407049c8cb8,RECEIPT,675.219,1368.399,GRN-CS-LUBRICANT-2026-07-14,Goods received from Helios Industrial Fluids.,2026-07-14T10:00:00+00:00,a3326004-c6ac-5617-a46c-ac7418e1b55c,2026-09-06T09:02:29.920757+00:00
23662cd3-aa7b-59b4-a678-11ece55760bf,b5d65a82-db38-5c4d-89b7-4407049c8cb8,ISSUE,-43.901,693.18,ISS-CS-LUBRICANT-2026-07-13,Issued to production.,2026-07-13T14:00:00+00:00,a3326004-c6ac-5617-a46c-ac7418e1b55c,2026-09-06T09:02:29.920757+00:00
0fdda611-4ae6-5dec-8774-ac7c36c854df,b5d65a82-db38-5c4d-89b7-4407049c8cb8,ISSUE,-54.297,737.081,ISS-CS-LUBRICANT-2026-07-11,Issued to production.,2026-07-11T14:00:00+00:00,a3326004-c6ac-5617-a46c-ac7418e1b55c,2026-09-06T09:02:29.920757+00:00
799cef72-955a-5c4a-8ccd-f42eaf94fa18,b5d65a82-db38-5c4d-89b7-4407049c8cb8,ISSUE,-55.267,791.378,ISS-CS-LUBRICANT-2026-07-10,Issued to production.,2026-07-10T14:00:00+00:00,a3326004-c6ac-5617-a46c-ac7418e1b55c,2026-09-06T09:02:29.920757+00:00
8d5c2a29-ad86-5bb7-895e-5e4e1e0bcf7f,b5d65a82-db38-5c4d-89b7-4407049c8cb8,ISSUE,-45.819,846.645,ISS-CS-LUBRICANT-2026-07-09,Issued to production.,2026-07-09T14:00:00+00:00,a3326004-c6ac-5617-a46c-ac7418e1b55c,2026-09-06T09:02:29.920757+00:00
d5c859ba-aea1-57ea-b0c6-196232d8250b,b5d65a82-db38-5c4d-89b7-4407049c8cb8,ISSUE,-41.216,892.464,ISS-CS-LUBRICANT-2026-07-08,Issued to production.,2026-07-08T14:00:00+00:00,a3326004-c6ac-5617-a46c-ac7418e1b55c,2026-09-06T09:02:29.920757+00:00
a98b8898-e653-5fe8-8b2c-00394521a359,b5d65a82-db38-5c4d-89b7-4407049c8cb8,ISSUE,-46.758,933.68,ISS-CS-LUBRICANT-2026-07-07,Issued to production.,2026-07-07T14:00:00+00:00,a3326004-c6ac-5617-a46c-ac7418e1b55c,2026-09-06T09:02:29.920757+00:00
cadd1d82-fee4-5b8e-a70b-af098ac9da9a,b5d65a82-db38-5c4d-89b7-4407049c8cb8,ISSUE,-48.926,980.438,ISS-CS-LUBRICANT-2026-07-06,Issued to production.,2026-07-06T14:00:00+00:00,a3326004-c6ac-5617-a46c-ac7418e1b55c,2026-09-06T09:02:29.920757+00:00
d4f9f65b-dfb9-57cb-b22a-cfaad883d932,b5d65a82-db38-5c4d-89b7-4407049c8cb8,ISSUE,-54.085,1029.364,ISS-CS-LUBRICANT-2026-07-04,Issued to production.,2026-07-04T14:00:00+00:00,a3326004-c6ac-5617-a46c-ac7418e1b55c,2026-09-06T09:02:29.920757+00:00
03605766-d5db-5b93-84e6-3f83979ece0a,b5d65a82-db38-5c4d-89b7-4407049c8cb8,ISSUE,-55.118,1083.449,ISS-CS-LUBRICANT-2026-07-03,Issued to production.,2026-07-03T14:00:00+00:00,a3326004-c6ac-5617-a46c-ac7418e1b55c,2026-09-06T09:02:29.920757+00:00
50f9807e-2b35-583d-9bc0-39d911d47c7b,b5d65a82-db38-5c4d-89b7-4407049c8cb8,ISSUE,-49.984,1138.567,ISS-CS-LUBRICANT-2026-07-02,Issued to production.,2026-07-02T14:00:00+00:00,a3326004-c6ac-5617-a46c-ac7418e1b55c,2026-09-06T09:02:29.920757+00:00
b20b787c-4c3e-5b12-b5fd-cdde50edecfb,b5d65a82-db38-5c4d-89b7-4407049c8cb8,ISSUE,-52.881,1188.551,ISS-CS-LUBRICANT-2026-07-01,Issued to production.,2026-07-01T14:00:00+00:00,a3326004-c6ac-5617-a46c-ac7418e1b55c,2026-09-06T09:02:29.920757+00:00
8fbc9db9-1fda-5aee-bdea-147dd38d0818,b5d65a82-db38-5c4d-89b7-4407049c8cb8,ISSUE,-46.012,1241.432,ISS-CS-LUBRICANT-2026-06-30,Issued to production.,2026-06-30T14:00:00+00:00,a3326004-c6ac-5617-a46c-ac7418e1b55c,2026-09-06T09:02:29.920757+00:00
fe66f7ec-f9ca-5db2-8195-7e7d88d8fbdd,b5d65a82-db38-5c4d-89b7-4407049c8cb8,ISSUE,-40.622,1287.444,ISS-CS-LUBRICANT-2026-06-29,Issued to production.,2026-06-29T14:00:00+00:00,a3326004-c6ac-5617-a46c-ac7418e1b55c,2026-09-06T09:02:29.920757+00:00
bf90fd14-f43f-5134-a465-5eb4df3e8697,b5d65a82-db38-5c4d-89b7-4407049c8cb8,ISSUE,-40.597,1328.066,ISS-CS-LUBRICANT-2026-06-27,Issued to production.,2026-06-27T14:00:00+00:00,a3326004-c6ac-5617-a46c-ac7418e1b55c,2026-09-06T09:02:29.920757+00:00
28df3282-e9d8-5117-87db-9795daa89e50,b5d65a82-db38-5c4d-89b7-4407049c8cb8,ISSUE,-51.259,1368.663,ISS-CS-LUBRICANT-2026-06-26,Issued to production.,2026-06-26T14:00:00+00:00,a3326004-c6ac-5617-a46c-ac7418e1b55c,2026-09-06T09:02:29.920757+00:00
e0bf22fc-8d82-5c74-a1d3-e84eafdff6ef,b5d65a82-db38-5c4d-89b7-4407049c8cb8,ISSUE,-53.468,1419.922,ISS-CS-LUBRICANT-2026-06-25,Issued to production.,2026-06-25T14:00:00+00:00,a3326004-c6ac-5617-a46c-ac7418e1b55c,2026-09-06T09:02:29.920757+00:00
7e9a58d8-7b2f-572d-af73-8809decc1571,b5d65a82-db38-5c4d-89b7-4407049c8cb8,ISSUE,-43.605,1473.39,ISS-CS-LUBRICANT-2026-06-24,Issued to production.,2026-06-24T14:00:00+00:00,a3326004-c6ac-5617-a46c-ac7418e1b55c,2026-09-06T09:02:29.920757+00:00
75a1ec00-8846-59c4-895f-949dda32ef70,b5d65a82-db38-5c4d-89b7-4407049c8cb8,ISSUE,-41.915,1516.995,ISS-CS-LUBRICANT-2026-06-23,Issued to production.,2026-06-23T14:00:00+00:00,a3326004-c6ac-5617-a46c-ac7418e1b55c,2026-09-06T09:02:29.920757+00:00
ff6b6b26-0846-552a-96d1-076710683692,b5d65a82-db38-5c4d-89b7-4407049c8cb8,RECEIPT,729.333,1558.91,GRN-CS-LUBRICANT-2026-06-23,Goods received from Helios Industrial Fluids.,2026-06-23T10:00:00+00:00,a3326004-c6ac-5617-a46c-ac7418e1b55c,2026-09-06T09:02:29.920757+00:00
71bc9dcc-8a7b-5f4a-84c3-74ad67291ff8,b5d65a82-db38-5c4d-89b7-4407049c8cb8,ISSUE,-42.525,829.577,ISS-CS-LUBRICANT-2026-06-22,Issued to production.,2026-06-22T14:00:00+00:00,a3326004-c6ac-5617-a46c-ac7418e1b55c,2026-09-06T09:02:29.920757+00:00
c3825bed-aa24-5903-8859-a5ab6fbcfcbd,b5d65a82-db38-5c4d-89b7-4407049c8cb8,ISSUE,-53.935,872.102,ISS-CS-LUBRICANT-2026-06-20,Issued to production.,2026-06-20T14:00:00+00:00,a3326004-c6ac-5617-a46c-ac7418e1b55c,2026-09-06T09:02:29.920757+00:00
771b3061-f579-5bfd-a076-b8202ac98d62,b5d65a82-db38-5c4d-89b7-4407049c8cb8,ISSUE,-45.166,926.037,ISS-CS-LUBRICANT-2026-06-19,Issued to production.,2026-06-19T14:00:00+00:00,a3326004-c6ac-5617-a46c-ac7418e1b55c,2026-09-06T09:02:29.920757+00:00
95c12f9b-16d7-5bed-9e81-6ff131db03b7,b5d65a82-db38-5c4d-89b7-4407049c8cb8,ISSUE,-45.338,971.203,ISS-CS-LUBRICANT-2026-06-18,Issued to production.,2026-06-18T14:00:00+00:00,a3326004-c6ac-5617-a46c-ac7418e1b55c,2026-09-06T09:02:29.920757+00:00
0c9fb114-ec0d-5ccc-b807-6e11da2294ce,b5d65a82-db38-5c4d-89b7-4407049c8cb8,ISSUE,-41.807,1016.541,ISS-CS-LUBRICANT-2026-06-17,Issued to production.,2026-06-17T14:00:00+00:00,a3326004-c6ac-5617-a46c-ac7418e1b55c,2026-09-06T09:02:29.920757+00:00
d6412191-0264-5f1d-af4e-1bfc3aa2de96,b5d65a82-db38-5c4d-89b7-4407049c8cb8,ISSUE,-44.666,1058.348,ISS-CS-LUBRICANT-2026-06-16,Issued to production.,2026-06-16T14:00:00+00:00,a3326004-c6ac-5617-a46c-ac7418e1b55c,2026-09-06T09:02:29.920757+00:00
c91c4e27-17f9-58e2-9ddf-6cbcb9e71343,b5d65a82-db38-5c4d-89b7-4407049c8cb8,ISSUE,-47.799,1103.014,ISS-CS-LUBRICANT-2026-06-15,Issued to production.,2026-06-15T14:00:00+00:00,a3326004-c6ac-5617-a46c-ac7418e1b55c,2026-09-06T09:02:29.920757+00:00
cee7e00f-254c-5bb6-9b12-aede95daa1d3,b5d65a82-db38-5c4d-89b7-4407049c8cb8,ISSUE,-47.622,1150.813,ISS-CS-LUBRICANT-2026-06-13,Issued to production.,2026-06-13T14:00:00+00:00,a3326004-c6ac-5617-a46c-ac7418e1b55c,2026-09-06T09:02:29.920757+00:00
755fc99b-597b-50ec-832f-ad949868a0f1,b5d65a82-db38-5c4d-89b7-4407049c8cb8,ISSUE,-48.893,1198.435,ISS-CS-LUBRICANT-2026-06-12,Issued to production.,2026-06-12T14:00:00+00:00,a3326004-c6ac-5617-a46c-ac7418e1b55c,2026-09-06T09:02:29.920757+00:00
197d3cb3-bb65-5b79-9a99-a0a0a59a59ef,b5d65a82-db38-5c4d-89b7-4407049c8cb8,ISSUE,-45.328,1247.328,ISS-CS-LUBRICANT-2026-06-11,Issued to production.,2026-06-11T14:00:00+00:00,a3326004-c6ac-5617-a46c-ac7418e1b55c,2026-09-06T09:02:29.920757+00:00
854b1d82-ed5b-5597-be77-bd3b56f4f33c,b5d65a82-db38-5c4d-89b7-4407049c8cb8,ISSUE,-41.615,1292.656,ISS-CS-LUBRICANT-2026-06-10,Issued to production.,2026-06-10T14:00:00+00:00,a3326004-c6ac-5617-a46c-ac7418e1b55c,2026-09-06T09:02:29.920757+00:00
b03c6f04-7fb6-5ba9-a883-3d0b132b6bab,b5d65a82-db38-5c4d-89b7-4407049c8cb8,ISSUE,-53.784,1334.271,ISS-CS-LUBRICANT-2026-06-09,Issued to production.,2026-06-09T14:00:00+00:00,a3326004-c6ac-5617-a46c-ac7418e1b55c,2026-09-06T09:02:29.920757+00:00
a1056448-45a3-5b7f-90e2-3639c6603b52,562c6456-2394-581a-ad13-a9b1791ac6ca,ISSUE,-73.893,1640.0,ISS-CS-CUT-INSERT-2026-09-05,Issued to production.,2026-09-05T14:00:00+00:00,a3326004-c6ac-5617-a46c-ac7418e1b55c,2026-09-06T09:02:29.920757+00:00
669bc07b-fd36-5aff-97fb-1cabd718a8fd,562c6456-2394-581a-ad13-a9b1791ac6ca,ISSUE,-64.7,1713.893,ISS-CS-CUT-INSERT-2026-09-04,Issued to production.,2026-09-04T14:00:00+00:00,a3326004-c6ac-5617-a46c-ac7418e1b55c,2026-09-06T09:02:29.920757+00:00
24dbad64-ab1b-5a0c-babe-cbdededb1dc9,562c6456-2394-581a-ad13-a9b1791ac6ca,ISSUE,-79.019,1778.593,ISS-CS-CUT-INSERT-2026-09-03,Issued to production.,2026-09-03T14:00:00+00:00,a3326004-c6ac-5617-a46c-ac7418e1b55c,2026-09-06T09:02:29.920757+00:00
686fbef0-a6e9-5c05-b625-c7e4f06db45f,562c6456-2394-581a-ad13-a9b1791ac6ca,ISSUE,-70.698,1857.612,ISS-CS-CUT-INSERT-2026-09-02,Issued to production.,2026-09-02T14:00:00+00:00,a3326004-c6ac-5617-a46c-ac7418e1b55c,2026-09-06T09:02:29.920757+00:00
365f6209-2aec-5767-82ba-3b8caeaa0ce7,562c6456-2394-581a-ad13-a9b1791ac6ca,ISSUE,-69.897,1928.31,ISS-CS-CUT-INSERT-2026-09-01,Issued to production.,2026-09-01T14:00:00+00:00,a3326004-c6ac-5617-a46c-ac7418e1b55c,2026-09-06T09:02:29.920757+00:00
e1631dcb-2f07-5a48-a5b7-1db8f31ea90f,562c6456-2394-581a-ad13-a9b1791ac6ca,ISSUE,-67.786,1998.207,ISS-CS-CUT-INSERT-2026-08-31,Issued to production.,2026-08-31T14:00:00+00:00,a3326004-c6ac-5617-a46c-ac7418e1b55c,2026-09-06T09:02:29.920757+00:00
55298317-48fe-594e-b46f-ce7a4f1a5ecc,562c6456-2394-581a-ad13-a9b1791ac6ca,ISSUE,-80.367,2065.993,ISS-CS-CUT-INSERT-2026-08-29,Issued to production.,2026-08-29T14:00:00+00:00,a3326004-c6ac-5617-a46c-ac7418e1b55c,2026-09-06T09:02:29.920757+00:00
d7eec056-31a2-5ea0-a64a-93909b308fc3,562c6456-2394-581a-ad13-a9b1791ac6ca,ISSUE,-73.684,2146.36,ISS-CS-CUT-INSERT-2026-08-28,Issued to production.,2026-08-28T14:00:00+00:00,a3326004-c6ac-5617-a46c-ac7418e1b55c,2026-09-06T09:02:29.920757+00:00
da1f6d47-c8a2-5e23-919b-f87a4c1689e3,562c6456-2394-581a-ad13-a9b1791ac6ca,ISSUE,-75.184,2220.044,ISS-CS-CUT-INSERT-2026-08-27,Issued to production.,2026-08-27T14:00:00+00:00,a3326004-c6ac-5617-a46c-ac7418e1b55c,2026-09-06T09:02:29.920757+00:00
aa6327fb-dcb6-59cd-a1c6-995488e16ad2,562c6456-2394-581a-ad13-a9b1791ac6ca,ISSUE,-83.415,2295.228,ISS-CS-CUT-INSERT-2026-08-26,Issued to production.,2026-08-26T14:00:00+00:00,a3326004-c6ac-5617-a46c-ac7418e1b55c,2026-09-06T09:02:29.920757+00:00
bbe93bcf-6b9e-513c-a4f3-088694d5f594,562c6456-2394-581a-ad13-a9b1791ac6ca,ISSUE,-82.998,2378.643,ISS-CS-CUT-INSERT-2026-08-25,Issued to production.,2026-08-25T14:00:00+00:00,a3326004-c6ac-5617-a46c-ac7418e1b55c,2026-09-06T09:02:29.920757+00:00
96fbfb0f-6015-528d-ba10-4c20f5aea281,562c6456-2394-581a-ad13-a9b1791ac6ca,ISSUE,-63.043,2461.641,ISS-CS-CUT-INSERT-2026-08-24,Issued to production.,2026-08-24T14:00:00+00:00,a3326004-c6ac-5617-a46c-ac7418e1b55c,2026-09-06T09:02:29.920757+00:00
5bce6a70-fbf0-50c3-85d8-13d9638d2e1c,562c6456-2394-581a-ad13-a9b1791ac6ca,ISSUE,-66.308,2524.684,ISS-CS-CUT-INSERT-2026-08-22,Issued to production.,2026-08-22T14:00:00+00:00,a3326004-c6ac-5617-a46c-ac7418e1b55c,2026-09-06T09:02:29.920757+00:00
a9913b6b-ce2f-5a76-a52e-884562396889,562c6456-2394-581a-ad13-a9b1791ac6ca,ISSUE,-66.628,2590.992,ISS-CS-CUT-INSERT-2026-08-21,Issued to production.,2026-08-21T14:00:00+00:00,a3326004-c6ac-5617-a46c-ac7418e1b55c,2026-09-06T09:02:29.920757+00:00
f7f126b4-3d5a-5a53-bb24-54e9b9933428,562c6456-2394-581a-ad13-a9b1791ac6ca,ISSUE,-65.045,2657.62,ISS-CS-CUT-INSERT-2026-08-20,Issued to production.,2026-08-20T14:00:00+00:00,a3326004-c6ac-5617-a46c-ac7418e1b55c,2026-09-06T09:02:29.920757+00:00
6bc9c28d-0b78-50c3-be09-fbc513bf1f3f,562c6456-2394-581a-ad13-a9b1791ac6ca,ISSUE,-71.734,2722.665,ISS-CS-CUT-INSERT-2026-08-19,Issued to production.,2026-08-19T14:00:00+00:00,a3326004-c6ac-5617-a46c-ac7418e1b55c,2026-09-06T09:02:29.920757+00:00
a5ac550e-68d0-540a-9977-8d2f40aa5e3c,562c6456-2394-581a-ad13-a9b1791ac6ca,ISSUE,-68.014,2794.399,ISS-CS-CUT-INSERT-2026-08-18,Issued to production.,2026-08-18T14:00:00+00:00,a3326004-c6ac-5617-a46c-ac7418e1b55c,2026-09-06T09:02:29.920757+00:00
2373095c-a40a-58c2-989b-f2ea26b2fef2,562c6456-2394-581a-ad13-a9b1791ac6ca,RECEIPT,1094.254,2862.413,GRN-CS-CUT-INSERT-2026-08-18,Goods received from Alpine Carbide GmbH.,2026-08-18T10:00:00+00:00,a3326004-c6ac-5617-a46c-ac7418e1b55c,2026-09-06T09:02:29.920757+00:00
b03dc68d-b96c-58be-9ecd-ad9622ccde30,562c6456-2394-581a-ad13-a9b1791ac6ca,ISSUE,-79.58,1768.159,ISS-CS-CUT-INSERT-2026-08-17,Issued to production.,2026-08-17T14:00:00+00:00,a3326004-c6ac-5617-a46c-ac7418e1b55c,2026-09-06T09:02:29.920757+00:00
6696728a-813d-5f1a-8666-ea3033980b2f,562c6456-2394-581a-ad13-a9b1791ac6ca,ISSUE,-80.979,1847.739,ISS-CS-CUT-INSERT-2026-08-15,Issued to production.,2026-08-15T14:00:00+00:00,a3326004-c6ac-5617-a46c-ac7418e1b55c,2026-09-06T09:02:29.920757+00:00
164f6535-baa7-5a90-a517-414b4a4dd766,562c6456-2394-581a-ad13-a9b1791ac6ca,ISSUE,-62.542,1928.718,ISS-CS-CUT-INSERT-2026-08-14,Issued to production.,2026-08-14T14:00:00+00:00,a3326004-c6ac-5617-a46c-ac7418e1b55c,2026-09-06T09:02:29.920757+00:00
a063154a-46c4-5f38-ba72-b146d1e8b166,562c6456-2394-581a-ad13-a9b1791ac6ca,ISSUE,-65.776,1991.26,ISS-CS-CUT-INSERT-2026-08-13,Issued to production.,2026-08-13T14:00:00+00:00,a3326004-c6ac-5617-a46c-ac7418e1b55c,2026-09-06T09:02:29.920757+00:00
c11f698c-6e2f-53bb-b9be-2e1ff7fc9b82,562c6456-2394-581a-ad13-a9b1791ac6ca,ISSUE,-65.194,2057.036,ISS-CS-CUT-INSERT-2026-08-12,Issued to production.,2026-08-12T14:00:00+00:00,a3326004-c6ac-5617-a46c-ac7418e1b55c,2026-09-06T09:02:29.920757+00:00
25447b2d-5931-5751-b420-fae4a0f8956b,562c6456-2394-581a-ad13-a9b1791ac6ca,ISSUE,-64.108,2122.23,ISS-CS-CUT-INSERT-2026-08-11,Issued to production.,2026-08-11T14:00:00+00:00,a3326004-c6ac-5617-a46c-ac7418e1b55c,2026-09-06T09:02:29.920757+00:00
62a30bcd-bb6a-50fe-893b-967ee36116c2,562c6456-2394-581a-ad13-a9b1791ac6ca,ISSUE,-68.138,2186.338,ISS-CS-CUT-INSERT-2026-08-10,Issued to production.,2026-08-10T14:00:00+00:00,a3326004-c6ac-5617-a46c-ac7418e1b55c,2026-09-06T09:02:29.920757+00:00
e36d645c-d4c2-51eb-8e0a-d39959a515d5,562c6456-2394-581a-ad13-a9b1791ac6ca,ISSUE,-62.721,2254.476,ISS-CS-CUT-INSERT-2026-08-08,Issued to production.,2026-08-08T14:00:00+00:00,a3326004-c6ac-5617-a46c-ac7418e1b55c,2026-09-06T09:02:29.920757+00:00
a592da9c-b0ba-5bf3-82c3-e0b813285c01,562c6456-2394-581a-ad13-a9b1791ac6ca,ISSUE,-69.593,2317.197,ISS-CS-CUT-INSERT-2026-08-07,Issued to production.,2026-08-07T14:00:00+00:00,a3326004-c6ac-5617-a46c-ac7418e1b55c,2026-09-06T09:02:29.920757+00:00
93d2454b-df98-5da3-bcd1-a814734b0a4d,562c6456-2394-581a-ad13-a9b1791ac6ca,ISSUE,-78.161,2386.79,ISS-CS-CUT-INSERT-2026-08-06,Issued to production.,2026-08-06T14:00:00+00:00,a3326004-c6ac-5617-a46c-ac7418e1b55c,2026-09-06T09:02:29.920757+00:00
e19d78fd-1baa-54d6-a72a-e8bed4e8cc31,562c6456-2394-581a-ad13-a9b1791ac6ca,ISSUE,-59.107,2464.951,ISS-CS-CUT-INSERT-2026-08-05,Issued to production.,2026-08-05T14:00:00+00:00,a3326004-c6ac-5617-a46c-ac7418e1b55c,2026-09-06T09:02:29.920757+00:00
48506f14-bc71-5dd9-95fe-e6c7f6f9323e,562c6456-2394-581a-ad13-a9b1791ac6ca,ISSUE,-71.636,2524.058,ISS-CS-CUT-INSERT-2026-08-04,Issued to production.,2026-08-04T14:00:00+00:00,a3326004-c6ac-5617-a46c-ac7418e1b55c,2026-09-06T09:02:29.920757+00:00
c8b962a4-4a23-5e7c-a964-87b329202a9e,562c6456-2394-581a-ad13-a9b1791ac6ca,ISSUE,-62.823,2595.694,ISS-CS-CUT-INSERT-2026-08-03,Issued to production.,2026-08-03T14:00:00+00:00,a3326004-c6ac-5617-a46c-ac7418e1b55c,2026-09-06T09:02:29.920757+00:00
3e256059-0804-5ac6-93bf-89fdf82a6504,562c6456-2394-581a-ad13-a9b1791ac6ca,ISSUE,-63.316,2658.517,ISS-CS-CUT-INSERT-2026-08-01,Issued to production.,2026-08-01T14:00:00+00:00,a3326004-c6ac-5617-a46c-ac7418e1b55c,2026-09-06T09:02:29.920757+00:00
fcc58b0a-c350-50c8-9468-f225e6389dd6,562c6456-2394-581a-ad13-a9b1791ac6ca,ISSUE,-60.557,2721.833,ISS-CS-CUT-INSERT-2026-07-31,Issued to production.,2026-07-31T14:00:00+00:00,a3326004-c6ac-5617-a46c-ac7418e1b55c,2026-09-06T09:02:29.920757+00:00
9847bb07-a310-54cb-ac6b-c9608d5515ef,562c6456-2394-581a-ad13-a9b1791ac6ca,ISSUE,-73.192,2782.39,ISS-CS-CUT-INSERT-2026-07-30,Issued to production.,2026-07-30T14:00:00+00:00,a3326004-c6ac-5617-a46c-ac7418e1b55c,2026-09-06T09:02:29.920757+00:00
fcf5a41e-8d38-5d9b-8589-6ffc5c33235d,562c6456-2394-581a-ad13-a9b1791ac6ca,ISSUE,-83.554,2855.582,ISS-CS-CUT-INSERT-2026-07-29,Issued to production.,2026-07-29T14:00:00+00:00,a3326004-c6ac-5617-a46c-ac7418e1b55c,2026-09-06T09:02:29.920757+00:00
a8da0aee-ccf8-59aa-8ded-dfb65ffe36c7,562c6456-2394-581a-ad13-a9b1791ac6ca,ISSUE,-82.236,2939.136,ISS-CS-CUT-INSERT-2026-07-28,Issued to production.,2026-07-28T14:00:00+00:00,a3326004-c6ac-5617-a46c-ac7418e1b55c,2026-09-06T09:02:29.920757+00:00
416d23ff-4055-54b8-8522-c5f0a9d4cee1,562c6456-2394-581a-ad13-a9b1791ac6ca,RECEIPT,856.577,3021.372,GRN-CS-CUT-INSERT-2026-07-28,Goods received from Alpine Carbide GmbH.,2026-07-28T10:00:00+00:00,a3326004-c6ac-5617-a46c-ac7418e1b55c,2026-09-06T09:02:29.920757+00:00
3528f8e1-c0d8-5ef9-9f44-ef92f9dd4e33,562c6456-2394-581a-ad13-a9b1791ac6ca,ISSUE,-81.107,2164.795,ISS-CS-CUT-INSERT-2026-07-27,Issued to production.,2026-07-27T14:00:00+00:00,a3326004-c6ac-5617-a46c-ac7418e1b55c,2026-09-06T09:02:29.920757+00:00
bd2c1200-ac65-503c-91fc-bafb6763737d,562c6456-2394-581a-ad13-a9b1791ac6ca,ISSUE,-83.54,2245.902,ISS-CS-CUT-INSERT-2026-07-25,Issued to production.,2026-07-25T14:00:00+00:00,a3326004-c6ac-5617-a46c-ac7418e1b55c,2026-09-06T09:02:29.920757+00:00
2408aae5-0a7b-5d9d-9ef5-5ab5914fd97a,562c6456-2394-581a-ad13-a9b1791ac6ca,ISSUE,-82.528,2329.442,ISS-CS-CUT-INSERT-2026-07-24,Issued to production.,2026-07-24T14:00:00+00:00,a3326004-c6ac-5617-a46c-ac7418e1b55c,2026-09-06T09:02:29.920757+00:00
f6ca75a2-30e3-5c8b-a037-b972ce408e0a,562c6456-2394-581a-ad13-a9b1791ac6ca,ISSUE,-79.729,2411.97,ISS-CS-CUT-INSERT-2026-07-23,Issued to production.,2026-07-23T14:00:00+00:00,a3326004-c6ac-5617-a46c-ac7418e1b55c,2026-09-06T09:02:29.920757+00:00
b763276e-5972-5ae9-8019-c1c12830121c,562c6456-2394-581a-ad13-a9b1791ac6ca,ISSUE,-60.877,2491.699,ISS-CS-CUT-INSERT-2026-07-22,Issued to production.,2026-07-22T14:00:00+00:00,a3326004-c6ac-5617-a46c-ac7418e1b55c,2026-09-06T09:02:29.920757+00:00
6b67f9a2-68ae-585a-8c31-da1e9cfe4eb0,562c6456-2394-581a-ad13-a9b1791ac6ca,ISSUE,-62.086,2552.576,ISS-CS-CUT-INSERT-2026-07-21,Issued to production.,2026-07-21T14:00:00+00:00,a3326004-c6ac-5617-a46c-ac7418e1b55c,2026-09-06T09:02:29.920757+00:00
f64ee5dd-aa61-5c39-9e9d-39ee2f855cb9,562c6456-2394-581a-ad13-a9b1791ac6ca,ADJUSTMENT,5.061,2614.662,ADJ-CS-CUT-INSERT-2026-07-21,Stock-take correction.,2026-07-21T08:00:00+00:00,d5f14249-fde0-5187-ad97-ba8997afcc3d,2026-09-06T09:02:29.920757+00:00
fba0d779-6257-5db6-8490-675ead5d9685,562c6456-2394-581a-ad13-a9b1791ac6ca,ISSUE,-68.86,2609.601,ISS-CS-CUT-INSERT-2026-07-20,Issued to production.,2026-07-20T14:00:00+00:00,a3326004-c6ac-5617-a46c-ac7418e1b55c,2026-09-06T09:02:29.920757+00:00
e0b7b27a-1286-5ed3-a6db-7375ca31a42f,562c6456-2394-581a-ad13-a9b1791ac6ca,ISSUE,-81.942,2678.461,ISS-CS-CUT-INSERT-2026-07-18,Issued to production.,2026-07-18T14:00:00+00:00,a3326004-c6ac-5617-a46c-ac7418e1b55c,2026-09-06T09:02:29.920757+00:00
66c06c6f-2308-5d73-a339-363299886999,562c6456-2394-581a-ad13-a9b1791ac6ca,ISSUE,-77.259,2760.403,ISS-CS-CUT-INSERT-2026-07-17,Issued to production.,2026-07-17T14:00:00+00:00,a3326004-c6ac-5617-a46c-ac7418e1b55c,2026-09-06T09:02:29.920757+00:00
23628a26-abdf-5960-8c0d-b87090de3dc5,562c6456-2394-581a-ad13-a9b1791ac6ca,ISSUE,-80.992,2837.662,ISS-CS-CUT-INSERT-2026-07-16,Issued to production.,2026-07-16T14:00:00+00:00,a3326004-c6ac-5617-a46c-ac7418e1b55c,2026-09-06T09:02:29.920757+00:00
3e416e31-88bf-5893-9608-437a6c755670,562c6456-2394-581a-ad13-a9b1791ac6ca,ISSUE,-75.199,2918.654,ISS-CS-CUT-INSERT-2026-07-15,Issued to production.,2026-07-15T14:00:00+00:00,a3326004-c6ac-5617-a46c-ac7418e1b55c,2026-09-06T09:02:29.920757+00:00
564438b8-4fa8-558a-8565-7c6dccc2af36,562c6456-2394-581a-ad13-a9b1791ac6ca,ISSUE,-63.759,2993.853,ISS-CS-CUT-INSERT-2026-07-14,Issued to production.,2026-07-14T14:00:00+00:00,a3326004-c6ac-5617-a46c-ac7418e1b55c,2026-09-06T09:02:29.920757+00:00
f2d9ab7b-6cac-5ef8-af7a-2478f213f743,562c6456-2394-581a-ad13-a9b1791ac6ca,ISSUE,-65.228,3057.612,ISS-CS-CUT-INSERT-2026-07-13,Issued to production.,2026-07-13T14:00:00+00:00,a3326004-c6ac-5617-a46c-ac7418e1b55c,2026-09-06T09:02:29.920757+00:00
7555aaa5-d2ce-5e35-8b5d-72dd4fb0c486,562c6456-2394-581a-ad13-a9b1791ac6ca,ISSUE,-78.025,3122.84,ISS-CS-CUT-INSERT-2026-07-11,Issued to production.,2026-07-11T14:00:00+00:00,a3326004-c6ac-5617-a46c-ac7418e1b55c,2026-09-06T09:02:29.920757+00:00
acb77564-e83a-5739-a649-a137d43f09d3,562c6456-2394-581a-ad13-a9b1791ac6ca,ISSUE,-72.366,3200.865,ISS-CS-CUT-INSERT-2026-07-10,Issued to production.,2026-07-10T14:00:00+00:00,a3326004-c6ac-5617-a46c-ac7418e1b55c,2026-09-06T09:02:29.920757+00:00
a7f8fad5-4df5-5260-9591-77dfd40cb3a5,562c6456-2394-581a-ad13-a9b1791ac6ca,ISSUE,-61.038,3273.231,ISS-CS-CUT-INSERT-2026-07-09,Issued to production.,2026-07-09T14:00:00+00:00,a3326004-c6ac-5617-a46c-ac7418e1b55c,2026-09-06T09:02:29.920757+00:00
5778ee11-e263-5cd8-9cb3-ec0538d4b334,562c6456-2394-581a-ad13-a9b1791ac6ca,ISSUE,-80.366,3334.269,ISS-CS-CUT-INSERT-2026-07-08,Issued to production.,2026-07-08T14:00:00+00:00,a3326004-c6ac-5617-a46c-ac7418e1b55c,2026-09-06T09:02:29.920757+00:00
1dac4d6a-72ea-522f-982a-bd9251cad89f,562c6456-2394-581a-ad13-a9b1791ac6ca,ISSUE,-71.848,3414.635,ISS-CS-CUT-INSERT-2026-07-07,Issued to production.,2026-07-07T14:00:00+00:00,a3326004-c6ac-5617-a46c-ac7418e1b55c,2026-09-06T09:02:29.920757+00:00
3ac4791f-280d-5485-ae80-dd5e9ffd1b36,562c6456-2394-581a-ad13-a9b1791ac6ca,RECEIPT,1105.224,3486.483,GRN-CS-CUT-INSERT-2026-07-07,Goods received from Alpine Carbide GmbH.,2026-07-07T10:00:00+00:00,a3326004-c6ac-5617-a46c-ac7418e1b55c,2026-09-06T09:02:29.920757+00:00
880abf9b-4498-5d97-854b-f3b86b6cc38c,562c6456-2394-581a-ad13-a9b1791ac6ca,ISSUE,-66.119,2381.259,ISS-CS-CUT-INSERT-2026-07-06,Issued to production.,2026-07-06T14:00:00+00:00,a3326004-c6ac-5617-a46c-ac7418e1b55c,2026-09-06T09:02:29.920757+00:00
c630b957-3304-579b-9146-be00c7ab923e,562c6456-2394-581a-ad13-a9b1791ac6ca,ISSUE,-77.775,2447.378,ISS-CS-CUT-INSERT-2026-07-04,Issued to production.,2026-07-04T14:00:00+00:00,a3326004-c6ac-5617-a46c-ac7418e1b55c,2026-09-06T09:02:29.920757+00:00
aa47005f-8f0d-56dd-9d28-0e17295a9ca3,562c6456-2394-581a-ad13-a9b1791ac6ca,ISSUE,-62.124,2525.153,ISS-CS-CUT-INSERT-2026-07-03,Issued to production.,2026-07-03T14:00:00+00:00,a3326004-c6ac-5617-a46c-ac7418e1b55c,2026-09-06T09:02:29.920757+00:00
162ed53b-5fa0-55f1-9c08-e83fefa862da,562c6456-2394-581a-ad13-a9b1791ac6ca,ISSUE,-62.042,2587.277,ISS-CS-CUT-INSERT-2026-07-02,Issued to production.,2026-07-02T14:00:00+00:00,a3326004-c6ac-5617-a46c-ac7418e1b55c,2026-09-06T09:02:29.920757+00:00
606020e8-f676-5138-86b2-0aca4f3b1b71,562c6456-2394-581a-ad13-a9b1791ac6ca,ISSUE,-75.465,2649.319,ISS-CS-CUT-INSERT-2026-07-01,Issued to production.,2026-07-01T14:00:00+00:00,a3326004-c6ac-5617-a46c-ac7418e1b55c,2026-09-06T09:02:29.920757+00:00
db6f7e41-ad15-52b5-8709-27b80ad5ae3b,562c6456-2394-581a-ad13-a9b1791ac6ca,ISSUE,-62.088,2724.784,ISS-CS-CUT-INSERT-2026-06-30,Issued to production.,2026-06-30T14:00:00+00:00,a3326004-c6ac-5617-a46c-ac7418e1b55c,2026-09-06T09:02:29.920757+00:00
270ee691-5e55-57d6-9609-e09e5218cd88,562c6456-2394-581a-ad13-a9b1791ac6ca,ISSUE,-59.698,2786.872,ISS-CS-CUT-INSERT-2026-06-29,Issued to production.,2026-06-29T14:00:00+00:00,a3326004-c6ac-5617-a46c-ac7418e1b55c,2026-09-06T09:02:29.920757+00:00
75151ee8-b8ce-5b13-8e0d-f1df759659fd,562c6456-2394-581a-ad13-a9b1791ac6ca,ISSUE,-76.459,2846.57,ISS-CS-CUT-INSERT-2026-06-27,Issued to production.,2026-06-27T14:00:00+00:00,a3326004-c6ac-5617-a46c-ac7418e1b55c,2026-09-06T09:02:29.920757+00:00
44ffb7b1-de24-50ea-9760-27a2c53387cf,562c6456-2394-581a-ad13-a9b1791ac6ca,ISSUE,-75.256,2923.029,ISS-CS-CUT-INSERT-2026-06-26,Issued to production.,2026-06-26T14:00:00+00:00,a3326004-c6ac-5617-a46c-ac7418e1b55c,2026-09-06T09:02:29.920757+00:00
4c69ea1e-a2df-56ac-9952-84aea8bfca19,562c6456-2394-581a-ad13-a9b1791ac6ca,ISSUE,-74.366,2998.285,ISS-CS-CUT-INSERT-2026-06-25,Issued to production.,2026-06-25T14:00:00+00:00,a3326004-c6ac-5617-a46c-ac7418e1b55c,2026-09-06T09:02:29.920757+00:00
24405151-a037-57a7-8924-884bac8bc71f,562c6456-2394-581a-ad13-a9b1791ac6ca,ISSUE,-76.462,3072.651,ISS-CS-CUT-INSERT-2026-06-24,Issued to production.,2026-06-24T14:00:00+00:00,a3326004-c6ac-5617-a46c-ac7418e1b55c,2026-09-06T09:02:29.920757+00:00
d9d786f8-e9e7-54df-a4e1-198544cb146d,562c6456-2394-581a-ad13-a9b1791ac6ca,ISSUE,-78.356,3149.113,ISS-CS-CUT-INSERT-2026-06-23,Issued to production.,2026-06-23T14:00:00+00:00,a3326004-c6ac-5617-a46c-ac7418e1b55c,2026-09-06T09:02:29.920757+00:00
b013124f-c051-5289-a649-c78ceca23b91,562c6456-2394-581a-ad13-a9b1791ac6ca,ISSUE,-76.754,3227.469,ISS-CS-CUT-INSERT-2026-06-22,Issued to production.,2026-06-22T14:00:00+00:00,a3326004-c6ac-5617-a46c-ac7418e1b55c,2026-09-06T09:02:29.920757+00:00
b9c23751-605f-5450-baea-8e6582a5f211,562c6456-2394-581a-ad13-a9b1791ac6ca,ISSUE,-60.26,3304.223,ISS-CS-CUT-INSERT-2026-06-20,Issued to production.,2026-06-20T14:00:00+00:00,a3326004-c6ac-5617-a46c-ac7418e1b55c,2026-09-06T09:02:29.920757+00:00
0e72f0c4-5bc0-582d-b738-e62bd89ca0a2,562c6456-2394-581a-ad13-a9b1791ac6ca,ISSUE,-82.66,3364.483,ISS-CS-CUT-INSERT-2026-06-19,Issued to production.,2026-06-19T14:00:00+00:00,a3326004-c6ac-5617-a46c-ac7418e1b55c,2026-09-06T09:02:29.920757+00:00
e8f0471c-3806-548b-9886-050bd6d7e9c4,562c6456-2394-581a-ad13-a9b1791ac6ca,ADJUSTMENT,12.154,3447.143,ADJ-CS-CUT-INSERT-2026-06-19,Stock-take correction.,2026-06-19T08:00:00+00:00,d5f14249-fde0-5187-ad97-ba8997afcc3d,2026-09-06T09:02:29.920757+00:00
c9f1c2b0-e143-54a8-b29a-3730506aad0f,562c6456-2394-581a-ad13-a9b1791ac6ca,ISSUE,-66.506,3434.989,ISS-CS-CUT-INSERT-2026-06-18,Issued to production.,2026-06-18T14:00:00+00:00,a3326004-c6ac-5617-a46c-ac7418e1b55c,2026-09-06T09:02:29.920757+00:00
4cd2f137-7017-5589-a510-03a27510fc17,562c6456-2394-581a-ad13-a9b1791ac6ca,ISSUE,-75.428,3501.495,ISS-CS-CUT-INSERT-2026-06-17,Issued to production.,2026-06-17T14:00:00+00:00,a3326004-c6ac-5617-a46c-ac7418e1b55c,2026-09-06T09:02:29.920757+00:00
eb308352-f5d6-5f57-9e04-54ed64b398f9,562c6456-2394-581a-ad13-a9b1791ac6ca,ISSUE,-82.447,3576.923,ISS-CS-CUT-INSERT-2026-06-16,Issued to production.,2026-06-16T14:00:00+00:00,a3326004-c6ac-5617-a46c-ac7418e1b55c,2026-09-06T09:02:29.920757+00:00
9612351d-4855-5c3e-9785-928c689fd743,562c6456-2394-581a-ad13-a9b1791ac6ca,RECEIPT,1110.033,3659.37,GRN-CS-CUT-INSERT-2026-06-16,Goods received from Alpine Carbide GmbH.,2026-06-16T10:00:00+00:00,a3326004-c6ac-5617-a46c-ac7418e1b55c,2026-09-06T09:02:29.920757+00:00
6c2f80bc-2860-5f52-8e20-3e23027f97d6,562c6456-2394-581a-ad13-a9b1791ac6ca,ISSUE,-66.766,2549.337,ISS-CS-CUT-INSERT-2026-06-15,Issued to production.,2026-06-15T14:00:00+00:00,a3326004-c6ac-5617-a46c-ac7418e1b55c,2026-09-06T09:02:29.920757+00:00
230cd9f7-f59c-59d1-84c6-e530bb4a6f44,562c6456-2394-581a-ad13-a9b1791ac6ca,ISSUE,-70.104,2616.103,ISS-CS-CUT-INSERT-2026-06-13,Issued to production.,2026-06-13T14:00:00+00:00,a3326004-c6ac-5617-a46c-ac7418e1b55c,2026-09-06T09:02:29.920757+00:00
7218976c-fe31-54e4-a15d-f547cf7f29f7,562c6456-2394-581a-ad13-a9b1791ac6ca,ISSUE,-67.453,2686.207,ISS-CS-CUT-INSERT-2026-06-12,Issued to production.,2026-06-12T14:00:00+00:00,a3326004-c6ac-5617-a46c-ac7418e1b55c,2026-09-06T09:02:29.920757+00:00
f71144b5-775e-513e-9e26-cfcd2c86de26,562c6456-2394-581a-ad13-a9b1791ac6ca,ISSUE,-65.402,2753.66,ISS-CS-CUT-INSERT-2026-06-11,Issued to production.,2026-06-11T14:00:00+00:00,a3326004-c6ac-5617-a46c-ac7418e1b55c,2026-09-06T09:02:29.920757+00:00
79ee0178-e4ce-5057-b133-6bb09e5b9867,562c6456-2394-581a-ad13-a9b1791ac6ca,ISSUE,-61.85,2819.062,ISS-CS-CUT-INSERT-2026-06-10,Issued to production.,2026-06-10T14:00:00+00:00,a3326004-c6ac-5617-a46c-ac7418e1b55c,2026-09-06T09:02:29.920757+00:00
0b752a97-9da9-5fd7-81ab-26e979fc64b1,562c6456-2394-581a-ad13-a9b1791ac6ca,ISSUE,-70.954,2880.912,ISS-CS-CUT-INSERT-2026-06-09,Issued to production.,2026-06-09T14:00:00+00:00,a3326004-c6ac-5617-a46c-ac7418e1b55c,2026-09-06T09:02:29.920757+00:00
21515559-59cb-5a9b-9263-695cb00cea5e,d34bc851-de85-5a6b-9b99-71ec1e5bfb51,ISSUE,-960.036,24500.0,ISS-PK-PACKAGING-2026-09-05,Issued to production.,2026-09-05T14:00:00+00:00,a3326004-c6ac-5617-a46c-ac7418e1b55c,2026-09-06T09:02:29.920757+00:00
7dbe822f-4f73-5107-8fd5-9e921bf71086,d34bc851-de85-5a6b-9b99-71ec1e5bfb51,ISSUE,-956.883,25460.036,ISS-PK-PACKAGING-2026-09-04,Issued to production.,2026-09-04T14:00:00+00:00,a3326004-c6ac-5617-a46c-ac7418e1b55c,2026-09-06T09:02:29.920757+00:00
56d4ec53-2f56-5b77-8f42-1429a5ce2f41,d34bc851-de85-5a6b-9b99-71ec1e5bfb51,RECEIPT,12902.198,26416.919,GRN-PK-PACKAGING-2026-09-04,Goods received from Verpakking Nederland BV.,2026-09-04T10:00:00+00:00,a3326004-c6ac-5617-a46c-ac7418e1b55c,2026-09-06T09:02:29.920757+00:00
87243de7-ab3d-5bcf-88ad-5fd8ae604f6a,d34bc851-de85-5a6b-9b99-71ec1e5bfb51,ISSUE,-891.509,13514.721,ISS-PK-PACKAGING-2026-09-03,Issued to production.,2026-09-03T14:00:00+00:00,a3326004-c6ac-5617-a46c-ac7418e1b55c,2026-09-06T09:02:29.920757+00:00
90198345-1050-58d6-a889-34dbd8e84ccd,d34bc851-de85-5a6b-9b99-71ec1e5bfb51,ISSUE,-910.906,14406.23,ISS-PK-PACKAGING-2026-09-02,Issued to production.,2026-09-02T14:00:00+00:00,a3326004-c6ac-5617-a46c-ac7418e1b55c,2026-09-06T09:02:29.920757+00:00
8cf8f611-adc6-547a-b278-d879e964ff75,d34bc851-de85-5a6b-9b99-71ec1e5bfb51,ISSUE,-850.481,15317.136,ISS-PK-PACKAGING-2026-09-01,Issued to production.,2026-09-01T14:00:00+00:00,a3326004-c6ac-5617-a46c-ac7418e1b55c,2026-09-06T09:02:29.920757+00:00
786be503-8597-5d3c-8155-216a898b7a25,d34bc851-de85-5a6b-9b99-71ec1e5bfb51,ISSUE,-818.864,16167.617,ISS-PK-PACKAGING-2026-08-31,Issued to production.,2026-08-31T14:00:00+00:00,a3326004-c6ac-5617-a46c-ac7418e1b55c,2026-09-06T09:02:29.920757+00:00
c3925d7b-da43-54ab-b3d0-a0c20c42de78,d34bc851-de85-5a6b-9b99-71ec1e5bfb51,ISSUE,-744.424,16986.481,ISS-PK-PACKAGING-2026-08-29,Issued to production.,2026-08-29T14:00:00+00:00,a3326004-c6ac-5617-a46c-ac7418e1b55c,2026-09-06T09:02:29.920757+00:00
9ae917e0-98fb-5ed3-a129-73fb93df44e9,d34bc851-de85-5a6b-9b99-71ec1e5bfb51,ISSUE,-961.781,17730.905,ISS-PK-PACKAGING-2026-08-28,Issued to production.,2026-08-28T14:00:00+00:00,a3326004-c6ac-5617-a46c-ac7418e1b55c,2026-09-06T09:02:29.920757+00:00
1addedf8-63ba-5074-affb-43239dcc992a,d34bc851-de85-5a6b-9b99-71ec1e5bfb51,ISSUE,-956.678,18692.686,ISS-PK-PACKAGING-2026-08-27,Issued to production.,2026-08-27T14:00:00+00:00,a3326004-c6ac-5617-a46c-ac7418e1b55c,2026-09-06T09:02:29.920757+00:00
5c43c794-8705-50ee-8a76-1b7e400b1d4a,d34bc851-de85-5a6b-9b99-71ec1e5bfb51,ISSUE,-909.711,19649.364,ISS-PK-PACKAGING-2026-08-26,Issued to production.,2026-08-26T14:00:00+00:00,a3326004-c6ac-5617-a46c-ac7418e1b55c,2026-09-06T09:02:29.920757+00:00
fcb6250e-0e1a-593e-8f7a-e1a79ab1ce34,d34bc851-de85-5a6b-9b99-71ec1e5bfb51,ISSUE,-925.394,20559.075,ISS-PK-PACKAGING-2026-08-25,Issued to production.,2026-08-25T14:00:00+00:00,a3326004-c6ac-5617-a46c-ac7418e1b55c,2026-09-06T09:02:29.920757+00:00
14e71fac-4a38-50dc-befd-a15e58935cec,d34bc851-de85-5a6b-9b99-71ec1e5bfb51,ISSUE,-918.654,21484.469,ISS-PK-PACKAGING-2026-08-24,Issued to production.,2026-08-24T14:00:00+00:00,a3326004-c6ac-5617-a46c-ac7418e1b55c,2026-09-06T09:02:29.920757+00:00
659eda93-82fd-54f8-a2c8-b52bd1c1c652,d34bc851-de85-5a6b-9b99-71ec1e5bfb51,ISSUE,-836.434,22403.123,ISS-PK-PACKAGING-2026-08-22,Issued to production.,2026-08-22T14:00:00+00:00,a3326004-c6ac-5617-a46c-ac7418e1b55c,2026-09-06T09:02:29.920757+00:00
89e08a54-5228-5a71-af20-b3c3c9a7ca0e,d34bc851-de85-5a6b-9b99-71ec1e5bfb51,ISSUE,-955.511,23239.557,ISS-PK-PACKAGING-2026-08-21,Issued to production.,2026-08-21T14:00:00+00:00,a3326004-c6ac-5617-a46c-ac7418e1b55c,2026-09-06T09:02:29.920757+00:00
df5027ac-cbf9-5776-b362-462aa7bee1db,d34bc851-de85-5a6b-9b99-71ec1e5bfb51,ISSUE,-907.043,24195.068,ISS-PK-PACKAGING-2026-08-20,Issued to production.,2026-08-20T14:00:00+00:00,a3326004-c6ac-5617-a46c-ac7418e1b55c,2026-09-06T09:02:29.920757+00:00
53c750f6-defa-5083-9523-922aeebcc93b,d34bc851-de85-5a6b-9b99-71ec1e5bfb51,ISSUE,-738.318,25102.111,ISS-PK-PACKAGING-2026-08-19,Issued to production.,2026-08-19T14:00:00+00:00,a3326004-c6ac-5617-a46c-ac7418e1b55c,2026-09-06T09:02:29.920757+00:00
6f5c30ca-b8e4-517c-a581-77abbe3fb04a,d34bc851-de85-5a6b-9b99-71ec1e5bfb51,ISSUE,-925.256,25840.429,ISS-PK-PACKAGING-2026-08-18,Issued to production.,2026-08-18T14:00:00+00:00,a3326004-c6ac-5617-a46c-ac7418e1b55c,2026-09-06T09:02:29.920757+00:00
243f74dc-44db-59c4-9af9-7ba2790a4f81,d34bc851-de85-5a6b-9b99-71ec1e5bfb51,ISSUE,-964.948,26765.685,ISS-PK-PACKAGING-2026-08-17,Issued to production.,2026-08-17T14:00:00+00:00,a3326004-c6ac-5617-a46c-ac7418e1b55c,2026-09-06T09:02:29.920757+00:00
edb46de9-e442-5ee0-95dd-1b8ca2d8bcc2,d34bc851-de85-5a6b-9b99-71ec1e5bfb51,ADJUSTMENT,-27.612,27730.633,ADJ-PK-PACKAGING-2026-08-17,Stock-take correction.,2026-08-17T08:00:00+00:00,d5f14249-fde0-5187-ad97-ba8997afcc3d,2026-09-06T09:02:29.920757+00:00
7c9a6e7d-2066-5e14-b1eb-7a804906c443,d34bc851-de85-5a6b-9b99-71ec1e5bfb51,ISSUE,-895.527,27758.245,ISS-PK-PACKAGING-2026-08-15,Issued to production.,2026-08-15T14:00:00+00:00,a3326004-c6ac-5617-a46c-ac7418e1b55c,2026-09-06T09:02:29.920757+00:00
e413f6b9-dd95-54a4-a316-991ac20d115d,d34bc851-de85-5a6b-9b99-71ec1e5bfb51,ISSUE,-825.503,28653.772,ISS-PK-PACKAGING-2026-08-14,Issued to production.,2026-08-14T14:00:00+00:00,a3326004-c6ac-5617-a46c-ac7418e1b55c,2026-09-06T09:02:29.920757+00:00
15befd8d-c429-5c52-bf9e-6f6657d679ca,d34bc851-de85-5a6b-9b99-71ec1e5bfb51,RECEIPT,11900.746,29479.275,GRN-PK-PACKAGING-2026-08-14,Goods received from Verpakking Nederland BV.,2026-08-14T10:00:00+00:00,a3326004-c6ac-5617-a46c-ac7418e1b55c,2026-09-06T09:02:29.920757+00:00
e8290c8d-52dc-5647-b92a-504daf07cffb,d34bc851-de85-5a6b-9b99-71ec1e5bfb51,ISSUE,-909.262,17578.529,ISS-PK-PACKAGING-2026-08-13,Issued to production.,2026-08-13T14:00:00+00:00,a3326004-c6ac-5617-a46c-ac7418e1b55c,2026-09-06T09:02:29.920757+00:00
43b226af-b24b-5c42-937f-0d197cebff1f,d34bc851-de85-5a6b-9b99-71ec1e5bfb51,ISSUE,-952.04,18487.791,ISS-PK-PACKAGING-2026-08-12,Issued to production.,2026-08-12T14:00:00+00:00,a3326004-c6ac-5617-a46c-ac7418e1b55c,2026-09-06T09:02:29.920757+00:00
d8f156a1-6cd3-57a7-9415-6cdb23c3c9db,d34bc851-de85-5a6b-9b99-71ec1e5bfb51,ISSUE,-841.029,19439.831,ISS-PK-PACKAGING-2026-08-11,Issued to production.,2026-08-11T14:00:00+00:00,a3326004-c6ac-5617-a46c-ac7418e1b55c,2026-09-06T09:02:29.920757+00:00
d27ca7c8-ebed-5308-97b9-d3ac7a5cbe76,d34bc851-de85-5a6b-9b99-71ec1e5bfb51,ISSUE,-1025.006,20280.86,ISS-PK-PACKAGING-2026-08-10,Issued to production.,2026-08-10T14:00:00+00:00,a3326004-c6ac-5617-a46c-ac7418e1b55c,2026-09-06T09:02:29.920757+00:00
3301c9c8-b3ff-5199-ae9c-3fb0eafa31c4,d34bc851-de85-5a6b-9b99-71ec1e5bfb51,ISSUE,-1026.066,21305.866,ISS-PK-PACKAGING-2026-08-08,Issued to production.,2026-08-08T14:00:00+00:00,a3326004-c6ac-5617-a46c-ac7418e1b55c,2026-09-06T09:02:29.920757+00:00
366fcd00-c05b-5f87-8254-85489637d619,d34bc851-de85-5a6b-9b99-71ec1e5bfb51,ISSUE,-878.313,22331.932,ISS-PK-PACKAGING-2026-08-07,Issued to production.,2026-08-07T14:00:00+00:00,a3326004-c6ac-5617-a46c-ac7418e1b55c,2026-09-06T09:02:29.920757+00:00
4ab36716-872f-5d4f-b2bc-8d3eaf5dcc8f,d34bc851-de85-5a6b-9b99-71ec1e5bfb51,ISSUE,-730.127,23210.245,ISS-PK-PACKAGING-2026-08-06,Issued to production.,2026-08-06T14:00:00+00:00,a3326004-c6ac-5617-a46c-ac7418e1b55c,2026-09-06T09:02:29.920757+00:00
2a6183cc-3941-55cc-a445-d43245ed8761,d34bc851-de85-5a6b-9b99-71ec1e5bfb51,ISSUE,-986.371,23940.372,ISS-PK-PACKAGING-2026-08-05,Issued to production.,2026-08-05T14:00:00+00:00,a3326004-c6ac-5617-a46c-ac7418e1b55c,2026-09-06T09:02:29.920757+00:00
63681337-e400-5037-a922-292e7d55a042,d34bc851-de85-5a6b-9b99-71ec1e5bfb51,ISSUE,-847.528,24926.743,ISS-PK-PACKAGING-2026-08-04,Issued to production.,2026-08-04T14:00:00+00:00,a3326004-c6ac-5617-a46c-ac7418e1b55c,2026-09-06T09:02:29.920757+00:00
d6fc362f-7b94-5d33-a09e-735534c358c9,d34bc851-de85-5a6b-9b99-71ec1e5bfb51,ISSUE,-897.084,25774.271,ISS-PK-PACKAGING-2026-08-03,Issued to production.,2026-08-03T14:00:00+00:00,a3326004-c6ac-5617-a46c-ac7418e1b55c,2026-09-06T09:02:29.920757+00:00
cb77a884-7dd3-5685-872e-9ccf0b20e5c1,d34bc851-de85-5a6b-9b99-71ec1e5bfb51,ISSUE,-733.561,26671.355,ISS-PK-PACKAGING-2026-08-01,Issued to production.,2026-08-01T14:00:00+00:00,a3326004-c6ac-5617-a46c-ac7418e1b55c,2026-09-06T09:02:29.920757+00:00
f53206b8-afbd-5524-a213-e6887eb35cbb,d34bc851-de85-5a6b-9b99-71ec1e5bfb51,ISSUE,-852.825,27404.916,ISS-PK-PACKAGING-2026-07-31,Issued to production.,2026-07-31T14:00:00+00:00,a3326004-c6ac-5617-a46c-ac7418e1b55c,2026-09-06T09:02:29.920757+00:00
187ea1c7-90fc-5fee-bf3f-f2cbe6614ef2,d34bc851-de85-5a6b-9b99-71ec1e5bfb51,ISSUE,-1018.82,28257.741,ISS-PK-PACKAGING-2026-07-30,Issued to production.,2026-07-30T14:00:00+00:00,a3326004-c6ac-5617-a46c-ac7418e1b55c,2026-09-06T09:02:29.920757+00:00
15634ebe-0dc1-5e2e-ac44-ab86838b7d3e,d34bc851-de85-5a6b-9b99-71ec1e5bfb51,ISSUE,-733.324,29276.561,ISS-PK-PACKAGING-2026-07-29,Issued to production.,2026-07-29T14:00:00+00:00,a3326004-c6ac-5617-a46c-ac7418e1b55c,2026-09-06T09:02:29.920757+00:00
01f202f0-34a1-5b97-b83c-e559f3097c4e,d34bc851-de85-5a6b-9b99-71ec1e5bfb51,ISSUE,-798.739,30009.885,ISS-PK-PACKAGING-2026-07-28,Issued to production.,2026-07-28T14:00:00+00:00,a3326004-c6ac-5617-a46c-ac7418e1b55c,2026-09-06T09:02:29.920757+00:00
9c945742-5c57-5524-9ad3-7508b861d92e,d34bc851-de85-5a6b-9b99-71ec1e5bfb51,ISSUE,-872.731,30808.624,ISS-PK-PACKAGING-2026-07-27,Issued to production.,2026-07-27T14:00:00+00:00,a3326004-c6ac-5617-a46c-ac7418e1b55c,2026-09-06T09:02:29.920757+00:00
8b7140c9-5544-5d60-a61d-7f8fdf3584fc,d34bc851-de85-5a6b-9b99-71ec1e5bfb51,ISSUE,-867.902,31681.355,ISS-PK-PACKAGING-2026-07-25,Issued to production.,2026-07-25T14:00:00+00:00,a3326004-c6ac-5617-a46c-ac7418e1b55c,2026-09-06T09:02:29.920757+00:00
29473da9-a1a8-5ca2-a9f5-867e5fb4a9fd,d34bc851-de85-5a6b-9b99-71ec1e5bfb51,ISSUE,-747.647,32549.257,ISS-PK-PACKAGING-2026-07-24,Issued to production.,2026-07-24T14:00:00+00:00,a3326004-c6ac-5617-a46c-ac7418e1b55c,2026-09-06T09:02:29.920757+00:00
646c5807-e36e-54cb-b35e-d3b8770eb3fe,d34bc851-de85-5a6b-9b99-71ec1e5bfb51,RECEIPT,12631.048,33296.904,GRN-PK-PACKAGING-2026-07-24,Goods received from Verpakking Nederland BV.,2026-07-24T10:00:00+00:00,a3326004-c6ac-5617-a46c-ac7418e1b55c,2026-09-06T09:02:29.920757+00:00
8737ff68-a3d5-5a22-933c-628c31b4434e,d34bc851-de85-5a6b-9b99-71ec1e5bfb51,ISSUE,-980.111,20665.856,ISS-PK-PACKAGING-2026-07-23,Issued to production.,2026-07-23T14:00:00+00:00,a3326004-c6ac-5617-a46c-ac7418e1b55c,2026-09-06T09:02:29.920757+00:00
c9f91d2c-245a-5d53-b4fd-031ac95a21a5,d34bc851-de85-5a6b-9b99-71ec1e5bfb51,ISSUE,-1010.59,21645.967,ISS-PK-PACKAGING-2026-07-22,Issued to production.,2026-07-22T14:00:00+00:00,a3326004-c6ac-5617-a46c-ac7418e1b55c,2026-09-06T09:02:29.920757+00:00
4b8da3e4-489c-5efa-aa8f-5bc4266ac754,d34bc851-de85-5a6b-9b99-71ec1e5bfb51,ISSUE,-796.578,22656.557,ISS-PK-PACKAGING-2026-07-21,Issued to production.,2026-07-21T14:00:00+00:00,a3326004-c6ac-5617-a46c-ac7418e1b55c,2026-09-06T09:02:29.920757+00:00
4c44727c-5284-5531-bbe6-c50213cb438a,d34bc851-de85-5a6b-9b99-71ec1e5bfb51,ISSUE,-932.567,23453.135,ISS-PK-PACKAGING-2026-07-20,Issued to production.,2026-07-20T14:00:00+00:00,a3326004-c6ac-5617-a46c-ac7418e1b55c,2026-09-06T09:02:29.920757+00:00
43ea1f6a-0598-522b-8c90-48a33fc2a328,d34bc851-de85-5a6b-9b99-71ec1e5bfb51,ISSUE,-965.786,24385.702,ISS-PK-PACKAGING-2026-07-18,Issued to production.,2026-07-18T14:00:00+00:00,a3326004-c6ac-5617-a46c-ac7418e1b55c,2026-09-06T09:02:29.920757+00:00
31bdf855-9b58-57e8-b210-46a961972cc0,d34bc851-de85-5a6b-9b99-71ec1e5bfb51,ISSUE,-870.848,25351.488,ISS-PK-PACKAGING-2026-07-17,Issued to production.,2026-07-17T14:00:00+00:00,a3326004-c6ac-5617-a46c-ac7418e1b55c,2026-09-06T09:02:29.920757+00:00
610ad197-bfb2-5408-91f8-94a3ef8f9c1f,d34bc851-de85-5a6b-9b99-71ec1e5bfb51,ISSUE,-978.438,26222.336,ISS-PK-PACKAGING-2026-07-16,Issued to production.,2026-07-16T14:00:00+00:00,a3326004-c6ac-5617-a46c-ac7418e1b55c,2026-09-06T09:02:29.920757+00:00
973c3379-a75b-5bb7-9daf-4c21f48c91e0,d34bc851-de85-5a6b-9b99-71ec1e5bfb51,ISSUE,-761.131,27200.774,ISS-PK-PACKAGING-2026-07-15,Issued to production.,2026-07-15T14:00:00+00:00,a3326004-c6ac-5617-a46c-ac7418e1b55c,2026-09-06T09:02:29.920757+00:00
17de0c78-4bce-50a3-982e-27384af12b5d,d34bc851-de85-5a6b-9b99-71ec1e5bfb51,ISSUE,-839.132,27961.905,ISS-PK-PACKAGING-2026-07-14,Issued to production.,2026-07-14T14:00:00+00:00,a3326004-c6ac-5617-a46c-ac7418e1b55c,2026-09-06T09:02:29.920757+00:00
0f4c37f9-3b9f-5b44-b53a-7aa3b70d90f0,d34bc851-de85-5a6b-9b99-71ec1e5bfb51,ISSUE,-765.587,28801.037,ISS-PK-PACKAGING-2026-07-13,Issued to production.,2026-07-13T14:00:00+00:00,a3326004-c6ac-5617-a46c-ac7418e1b55c,2026-09-06T09:02:29.920757+00:00
6d19af5f-030a-5111-813d-27a5c1d6ab1a,d34bc851-de85-5a6b-9b99-71ec1e5bfb51,ISSUE,-876.037,29566.624,ISS-PK-PACKAGING-2026-07-11,Issued to production.,2026-07-11T14:00:00+00:00,a3326004-c6ac-5617-a46c-ac7418e1b55c,2026-09-06T09:02:29.920757+00:00
d6c7c50c-6bf7-5bb0-bbd6-f00bff0ec083,d34bc851-de85-5a6b-9b99-71ec1e5bfb51,ISSUE,-938.22,30442.661,ISS-PK-PACKAGING-2026-07-10,Issued to production.,2026-07-10T14:00:00+00:00,a3326004-c6ac-5617-a46c-ac7418e1b55c,2026-09-06T09:02:29.920757+00:00
b5051949-3957-5650-a0c1-7cdc1c4d48f1,d34bc851-de85-5a6b-9b99-71ec1e5bfb51,ISSUE,-824.674,31380.881,ISS-PK-PACKAGING-2026-07-09,Issued to production.,2026-07-09T14:00:00+00:00,a3326004-c6ac-5617-a46c-ac7418e1b55c,2026-09-06T09:02:29.920757+00:00
cd37117b-8c41-58ce-90d3-cd55257ab6c3,d34bc851-de85-5a6b-9b99-71ec1e5bfb51,ISSUE,-894.48,32205.555,ISS-PK-PACKAGING-2026-07-08,Issued to production.,2026-07-08T14:00:00+00:00,a3326004-c6ac-5617-a46c-ac7418e1b55c,2026-09-06T09:02:29.920757+00:00
72af4918-e285-53fc-a6ef-6115caac41f2,d34bc851-de85-5a6b-9b99-71ec1e5bfb51,ISSUE,-723.389,33100.035,ISS-PK-PACKAGING-2026-07-07,Issued to production.,2026-07-07T14:00:00+00:00,a3326004-c6ac-5617-a46c-ac7418e1b55c,2026-09-06T09:02:29.920757+00:00
ebef461d-69c2-5fce-8def-7fe0cc49e855,d34bc851-de85-5a6b-9b99-71ec1e5bfb51,ISSUE,-1031.443,33823.424,ISS-PK-PACKAGING-2026-07-06,Issued to production.,2026-07-06T14:00:00+00:00,a3326004-c6ac-5617-a46c-ac7418e1b55c,2026-09-06T09:02:29.920757+00:00
2b0c3fb2-b9f2-592b-a245-88d3eccb48b4,d34bc851-de85-5a6b-9b99-71ec1e5bfb51,ISSUE,-843.451,34854.867,ISS-PK-PACKAGING-2026-07-04,Issued to production.,2026-07-04T14:00:00+00:00,a3326004-c6ac-5617-a46c-ac7418e1b55c,2026-09-06T09:02:29.920757+00:00
66e37a2a-7fae-53bd-a0da-8b847658fdc7,d34bc851-de85-5a6b-9b99-71ec1e5bfb51,ISSUE,-1027.701,35698.318,ISS-PK-PACKAGING-2026-07-03,Issued to production.,2026-07-03T14:00:00+00:00,a3326004-c6ac-5617-a46c-ac7418e1b55c,2026-09-06T09:02:29.920757+00:00
4d7b7697-e04f-586d-bfef-80a4ebffd94f,d34bc851-de85-5a6b-9b99-71ec1e5bfb51,RECEIPT,13469.873,36726.019,GRN-PK-PACKAGING-2026-07-03,Goods received from Verpakking Nederland BV.,2026-07-03T10:00:00+00:00,a3326004-c6ac-5617-a46c-ac7418e1b55c,2026-09-06T09:02:29.920757+00:00
137eb079-29d3-5238-b2b2-761e021745f3,d34bc851-de85-5a6b-9b99-71ec1e5bfb51,ISSUE,-916.336,23256.146,ISS-PK-PACKAGING-2026-07-02,Issued to production.,2026-07-02T14:00:00+00:00,a3326004-c6ac-5617-a46c-ac7418e1b55c,2026-09-06T09:02:29.920757+00:00
9bfa4e79-d3f0-5a78-9ce2-3ab6d916106a,d34bc851-de85-5a6b-9b99-71ec1e5bfb51,ISSUE,-742.525,24172.482,ISS-PK-PACKAGING-2026-07-01,Issued to production.,2026-07-01T14:00:00+00:00,a3326004-c6ac-5617-a46c-ac7418e1b55c,2026-09-06T09:02:29.920757+00:00
b7732b6e-264e-5a48-b5d2-da50462b10a2,d34bc851-de85-5a6b-9b99-71ec1e5bfb51,ISSUE,-869.448,24915.007,ISS-PK-PACKAGING-2026-06-30,Issued to production.,2026-06-30T14:00:00+00:00,a3326004-c6ac-5617-a46c-ac7418e1b55c,2026-09-06T09:02:29.920757+00:00
d1c6e469-77d9-52b0-95a4-dbe14e376337,d34bc851-de85-5a6b-9b99-71ec1e5bfb51,ISSUE,-979.092,25784.455,ISS-PK-PACKAGING-2026-06-29,Issued to production.,2026-06-29T14:00:00+00:00,a3326004-c6ac-5617-a46c-ac7418e1b55c,2026-09-06T09:02:29.920757+00:00
821e0ca1-9279-5bb9-a8c0-50b73235bec8,d34bc851-de85-5a6b-9b99-71ec1e5bfb51,ISSUE,-971.944,26763.547,ISS-PK-PACKAGING-2026-06-27,Issued to production.,2026-06-27T14:00:00+00:00,a3326004-c6ac-5617-a46c-ac7418e1b55c,2026-09-06T09:02:29.920757+00:00
cc5f6cb0-7d85-56e5-a97f-dfe61a7b818f,d34bc851-de85-5a6b-9b99-71ec1e5bfb51,ISSUE,-887.178,27735.491,ISS-PK-PACKAGING-2026-06-26,Issued to production.,2026-06-26T14:00:00+00:00,a3326004-c6ac-5617-a46c-ac7418e1b55c,2026-09-06T09:02:29.920757+00:00
2084a4ac-9be5-58cc-b296-149fc0959788,d34bc851-de85-5a6b-9b99-71ec1e5bfb51,ISSUE,-946.2,28622.669,ISS-PK-PACKAGING-2026-06-25,Issued to production.,2026-06-25T14:00:00+00:00,a3326004-c6ac-5617-a46c-ac7418e1b55c,2026-09-06T09:02:29.920757+00:00
578618f1-6b7c-5539-9409-522cfc477211,d34bc851-de85-5a6b-9b99-71ec1e5bfb51,ISSUE,-788.767,29568.869,ISS-PK-PACKAGING-2026-06-24,Issued to production.,2026-06-24T14:00:00+00:00,a3326004-c6ac-5617-a46c-ac7418e1b55c,2026-09-06T09:02:29.920757+00:00
9b45b10c-b2ac-5f7f-8794-835ec64e9064,d34bc851-de85-5a6b-9b99-71ec1e5bfb51,ISSUE,-792.895,30357.636,ISS-PK-PACKAGING-2026-06-23,Issued to production.,2026-06-23T14:00:00+00:00,a3326004-c6ac-5617-a46c-ac7418e1b55c,2026-09-06T09:02:29.920757+00:00
d7b59d95-101e-59ed-8110-5039eca97279,d34bc851-de85-5a6b-9b99-71ec1e5bfb51,ISSUE,-749.121,31150.531,ISS-PK-PACKAGING-2026-06-22,Issued to production.,2026-06-22T14:00:00+00:00,a3326004-c6ac-5617-a46c-ac7418e1b55c,2026-09-06T09:02:29.920757+00:00
6aeb285e-7d92-59b4-9410-a18c0848cdce,d34bc851-de85-5a6b-9b99-71ec1e5bfb51,ISSUE,-762.238,31899.652,ISS-PK-PACKAGING-2026-06-20,Issued to production.,2026-06-20T14:00:00+00:00,a3326004-c6ac-5617-a46c-ac7418e1b55c,2026-09-06T09:02:29.920757+00:00
43f7b767-7464-5e12-a12d-b8250860ba96,d34bc851-de85-5a6b-9b99-71ec1e5bfb51,ISSUE,-959.47,32661.89,ISS-PK-PACKAGING-2026-06-19,Issued to production.,2026-06-19T14:00:00+00:00,a3326004-c6ac-5617-a46c-ac7418e1b55c,2026-09-06T09:02:29.920757+00:00
d64fd318-7230-523a-9f87-3e73f1dc8f03,d34bc851-de85-5a6b-9b99-71ec1e5bfb51,ISSUE,-1037.526,33621.36,ISS-PK-PACKAGING-2026-06-18,Issued to production.,2026-06-18T14:00:00+00:00,a3326004-c6ac-5617-a46c-ac7418e1b55c,2026-09-06T09:02:29.920757+00:00
c3a486f4-7e85-5169-9ae5-cf0539f6b6ce,d34bc851-de85-5a6b-9b99-71ec1e5bfb51,ISSUE,-911.111,34658.886,ISS-PK-PACKAGING-2026-06-17,Issued to production.,2026-06-17T14:00:00+00:00,a3326004-c6ac-5617-a46c-ac7418e1b55c,2026-09-06T09:02:29.920757+00:00
49079c5b-ed16-522c-b1e5-34db9b117ad8,d34bc851-de85-5a6b-9b99-71ec1e5bfb51,ISSUE,-918.538,35569.997,ISS-PK-PACKAGING-2026-06-16,Issued to production.,2026-06-16T14:00:00+00:00,a3326004-c6ac-5617-a46c-ac7418e1b55c,2026-09-06T09:02:29.920757+00:00
701fe6d2-b7f3-5e1f-bdfc-d16d3eada830,d34bc851-de85-5a6b-9b99-71ec1e5bfb51,ISSUE,-849.677,36488.535,ISS-PK-PACKAGING-2026-06-15,Issued to production.,2026-06-15T14:00:00+00:00,a3326004-c6ac-5617-a46c-ac7418e1b55c,2026-09-06T09:02:29.920757+00:00
7cdb93c8-8a38-559c-9def-6b1814df6028,d34bc851-de85-5a6b-9b99-71ec1e5bfb51,ISSUE,-996.844,37338.212,ISS-PK-PACKAGING-2026-06-13,Issued to production.,2026-06-13T14:00:00+00:00,a3326004-c6ac-5617-a46c-ac7418e1b55c,2026-09-06T09:02:29.920757+00:00
fe6e1b83-9094-5c86-87a7-340532f56d75,d34bc851-de85-5a6b-9b99-71ec1e5bfb51,ISSUE,-895.34,38335.056,ISS-PK-PACKAGING-2026-06-12,Issued to production.,2026-06-12T14:00:00+00:00,a3326004-c6ac-5617-a46c-ac7418e1b55c,2026-09-06T09:02:29.920757+00:00
13d7364d-3a57-5d17-8b00-b4057539957a,d34bc851-de85-5a6b-9b99-71ec1e5bfb51,RECEIPT,9911.744,39230.396,GRN-PK-PACKAGING-2026-06-12,Goods received from Verpakking Nederland BV.,2026-06-12T10:00:00+00:00,a3326004-c6ac-5617-a46c-ac7418e1b55c,2026-09-06T09:02:29.920757+00:00
21f571a2-3de6-5365-b543-ee07ae2096ec,d34bc851-de85-5a6b-9b99-71ec1e5bfb51,ISSUE,-742.282,29318.652,ISS-PK-PACKAGING-2026-06-11,Issued to production.,2026-06-11T14:00:00+00:00,a3326004-c6ac-5617-a46c-ac7418e1b55c,2026-09-06T09:02:29.920757+00:00
506356d2-eac2-55b9-bc56-a49b978ebef9,d34bc851-de85-5a6b-9b99-71ec1e5bfb51,ISSUE,-920.767,30060.934,ISS-PK-PACKAGING-2026-06-10,Issued to production.,2026-06-10T14:00:00+00:00,a3326004-c6ac-5617-a46c-ac7418e1b55c,2026-09-06T09:02:29.920757+00:00
201b70bf-0bd7-570d-adf4-fc4ca27a4259,d34bc851-de85-5a6b-9b99-71ec1e5bfb51,ISSUE,-722.403,30981.701,ISS-PK-PACKAGING-2026-06-09,Issued to production.,2026-06-09T14:00:00+00:00,a3326004-c6ac-5617-a46c-ac7418e1b55c,2026-09-06T09:02:29.920757+00:00
